2025-10-22T01:12:44-07:00	git-add	.gitignore
2025-10-22T01:12:44-07:00	git-add	.refactor-backup/src/App.tsx
2025-10-22T01:12:44-07:00	git-add	.refactor-backup/src/components/AnalyticsDashboard.tsx
2025-10-22T01:12:44-07:00	git-add	.refactor-backup/src/components/AppSidebar.tsx
2025-10-22T01:12:44-07:00	git-add	.refactor-backup/src/components/Dashboard.tsx
2025-10-22T01:12:44-07:00	git-add	.refactor-backup/src/components/Settings.tsx
2025-10-22T01:12:44-07:00	git-add	.refactor-backup/src/components/WalletConnect.tsx
2025-10-22T01:12:44-07:00	git-add	.refactor-backup/src/components/domains/DomainManagement.tsx
2025-10-22T01:12:44-07:00	git-add	.refactor-backup/src/components/domains/DomainProfile.tsx
2025-10-22T01:12:44-07:00	git-add	.refactor-backup/src/components/figma/ImageWithFallback.tsx
2025-10-22T01:12:44-07:00	git-add	.refactor-backup/src/components/governance/GovernancePanel.tsx
2025-10-22T01:12:44-07:00	git-add	.refactor-backup/src/components/metadata/MetadataEditor.tsx
2025-10-22T01:12:44-07:00	git-add	.refactor-backup/src/components/metadata/MetadataTools.tsx
2025-10-22T01:12:44-07:00	git-add	.refactor-backup/src/components/reference/BestPractices.tsx
2025-10-22T01:12:44-07:00	git-add	.refactor-backup/src/components/reference/BestPracticesView.tsx
2025-10-22T01:12:44-07:00	git-add	.refactor-backup/src/components/reference/NamingToolkit.tsx
2025-10-22T01:12:44-07:00	git-add	.refactor-backup/src/components/reference/ProtocolReference.tsx
2025-10-22T01:12:44-07:00	git-add	.refactor-backup/src/components/reference/ProtocolSection.tsx
2025-10-22T01:12:44-07:00	git-add	.refactor-backup/src/components/registry/ContractRegistry.tsx
2025-10-22T01:12:44-07:00	git-add	.refactor-backup/src/components/registry/DAORegistry.tsx
2025-10-22T01:12:44-07:00	git-add	.refactor-backup/src/components/registry/IntegrationRegistry.tsx
2025-10-22T01:12:44-07:00	git-add	.refactor-backup/src/components/security/AuditLog.tsx
2025-10-22T01:12:44-07:00	git-add	.refactor-backup/src/components/security/SecurityMonitor.tsx
2025-10-22T01:12:44-07:00	git-add	.refactor-backup/src/components/ui/accordion.tsx
2025-10-22T01:12:44-07:00	git-add	.refactor-backup/src/components/ui/alert-dialog.tsx
2025-10-22T01:12:44-07:00	git-add	.refactor-backup/src/components/ui/alert.tsx
2025-10-22T01:12:44-07:00	git-add	.refactor-backup/src/components/ui/aspect-ratio.tsx
2025-10-22T01:12:44-07:00	git-add	.refactor-backup/src/components/ui/avatar.tsx
2025-10-22T01:12:44-07:00	git-add	.refactor-backup/src/components/ui/badge.tsx
2025-10-22T01:12:44-07:00	git-add	.refactor-backup/src/components/ui/breadcrumb.tsx
2025-10-22T01:12:44-07:00	git-add	.refactor-backup/src/components/ui/button.tsx
2025-10-22T01:12:44-07:00	git-add	.refactor-backup/src/components/ui/calendar.tsx
2025-10-22T01:12:44-07:00	git-add	.refactor-backup/src/components/ui/card.tsx
2025-10-22T01:12:44-07:00	git-add	.refactor-backup/src/components/ui/carousel.tsx
2025-10-22T01:12:44-07:00	git-add	.refactor-backup/src/components/ui/chart.tsx
2025-10-22T01:12:44-07:00	git-add	.refactor-backup/src/components/ui/checkbox.tsx
2025-10-22T01:12:44-07:00	git-add	.refactor-backup/src/components/ui/collapsible.tsx
2025-10-22T01:12:44-07:00	git-add	.refactor-backup/src/components/ui/command.tsx
2025-10-22T01:12:44-07:00	git-add	.refactor-backup/src/components/ui/context-menu.tsx
2025-10-22T01:12:44-07:00	git-add	.refactor-backup/src/components/ui/dialog.tsx
2025-10-22T01:12:44-07:00	git-add	.refactor-backup/src/components/ui/drawer.tsx
2025-10-22T01:12:44-07:00	git-add	.refactor-backup/src/components/ui/dropdown-menu.tsx
2025-10-22T01:12:44-07:00	git-add	.refactor-backup/src/components/ui/form.tsx
2025-10-22T01:12:44-07:00	git-add	.refactor-backup/src/components/ui/hover-card.tsx
2025-10-22T01:12:44-07:00	git-add	.refactor-backup/src/components/ui/input-otp.tsx
2025-10-22T01:12:44-07:00	git-add	.refactor-backup/src/components/ui/input.tsx
2025-10-22T01:12:44-07:00	git-add	.refactor-backup/src/components/ui/label.tsx
2025-10-22T01:12:44-07:00	git-add	.refactor-backup/src/components/ui/menubar.tsx
2025-10-22T01:12:44-07:00	git-add	.refactor-backup/src/components/ui/navigation-menu.tsx
2025-10-22T01:12:44-07:00	git-add	.refactor-backup/src/components/ui/pagination.tsx
2025-10-22T01:12:44-07:00	git-add	.refactor-backup/src/components/ui/popover.tsx
2025-10-22T01:12:44-07:00	git-add	.refactor-backup/src/components/ui/progress.tsx
2025-10-22T01:12:44-07:00	git-add	.refactor-backup/src/components/ui/radio-group.tsx
2025-10-22T01:12:44-07:00	git-add	.refactor-backup/src/components/ui/resizable.tsx
2025-10-22T01:12:44-07:00	git-add	.refactor-backup/src/components/ui/scroll-area.tsx
2025-10-22T01:12:44-07:00	git-add	.refactor-backup/src/components/ui/select.tsx
2025-10-22T01:12:44-07:00	git-add	.refactor-backup/src/components/ui/separator.tsx
2025-10-22T01:12:44-07:00	git-add	.refactor-backup/src/components/ui/sheet.tsx
2025-10-22T01:12:44-07:00	git-add	.refactor-backup/src/components/ui/sidebar.tsx
2025-10-22T01:12:44-07:00	git-add	.refactor-backup/src/components/ui/skeleton.tsx
2025-10-22T01:12:44-07:00	git-add	.refactor-backup/src/components/ui/slider.tsx
2025-10-22T01:12:44-07:00	git-add	.refactor-backup/src/components/ui/sonner.tsx
2025-10-22T01:12:44-07:00	git-add	.refactor-backup/src/components/ui/switch.tsx
2025-10-22T01:12:44-07:00	git-add	.refactor-backup/src/components/ui/table.tsx
2025-10-22T01:12:44-07:00	git-add	.refactor-backup/src/components/ui/tabs.tsx
2025-10-22T01:12:44-07:00	git-add	.refactor-backup/src/components/ui/textarea.tsx
2025-10-22T01:12:44-07:00	git-add	.refactor-backup/src/components/ui/toggle-group.tsx
2025-10-22T01:12:44-07:00	git-add	.refactor-backup/src/components/ui/toggle.tsx
2025-10-22T01:12:44-07:00	git-add	.refactor-backup/src/components/ui/tooltip.tsx
2025-10-22T01:12:44-07:00	git-add	.refactor-backup/src/components/ui/use-mobile.ts
2025-10-22T01:12:44-07:00	git-add	.refactor-backup/src/components/ui/utils.ts
2025-10-22T01:12:44-07:00	git-add	.refactor-backup/src/components/workflows/ContractRegistration.tsx
2025-10-22T01:12:44-07:00	git-add	.refactor-backup/src/components/workflows/ENSIPXRegistration.tsx
2025-10-22T01:12:44-07:00	git-add	.refactor-backup/src/components/workflows/UnifiedContractRegistration.tsx
2025-10-22T01:12:44-07:00	git-add	.refactor-backup/src/index.css
2025-10-22T01:12:44-07:00	git-add	.refactor-backup/src/lib/ens/ens-utils.ts
2025-10-22T01:12:44-07:00	git-add	.refactor-backup/src/lib/ens/ens-write-operations.ts
2025-10-22T01:12:44-07:00	git-add	.refactor-backup/src/lib/metadata/ensipx-hierarchical.ts
2025-10-22T01:12:44-07:00	git-add	.refactor-backup/src/lib/metadata/ensipx-schema.json
2025-10-22T01:12:44-07:00	git-add	.refactor-backup/src/lib/metadata/ensipx-utils.ts
2025-10-22T01:12:44-07:00	git-add	.refactor-backup/src/lib/metadata/ensipx-validator.ts
2025-10-22T01:12:44-07:00	git-add	.refactor-backup/src/lib/metadata/metadata-schemas.ts
2025-10-22T01:12:44-07:00	git-add	.refactor-backup/src/lib/services/web3-provider.tsx
2025-10-22T01:12:44-07:00	git-add	.refactor-backup/src/main.tsx
2025-10-22T01:12:44-07:00	git-add	.refactor-backup/src/styles/globals.css
2025-10-22T01:12:44-07:00	git-add	README.md
2025-10-22T01:12:44-07:00	git-add	index.html
2025-10-22T01:12:44-07:00	git-add	package-lock.json
2025-10-22T01:12:44-07:00	git-add	package.json
2025-10-22T01:12:44-07:00	git-add	src/App.tsx
2025-10-22T01:12:44-07:00	git-add	src/components/AnalyticsDashboard.tsx
2025-10-22T01:12:44-07:00	git-add	src/components/AppSidebar.tsx
2025-10-22T01:12:44-07:00	git-add	src/components/Dashboard.tsx
2025-10-22T01:12:44-07:00	git-add	src/components/Settings.tsx
2025-10-22T01:12:44-07:00	git-add	src/components/WalletConnect.tsx
2025-10-22T01:12:44-07:00	git-add	src/components/domains/DomainManagement.tsx
2025-10-22T01:12:44-07:00	git-add	src/components/domains/DomainProfile.tsx
2025-10-22T01:12:44-07:00	git-add	src/components/figma/ImageWithFallback.tsx
2025-10-22T01:12:44-07:00	git-add	src/components/governance/GovernancePanel.tsx
2025-10-22T01:12:44-07:00	git-add	src/components/metadata/MetadataEditor.tsx
2025-10-22T01:12:44-07:00	git-add	src/components/metadata/MetadataTools.tsx
2025-10-22T01:12:44-07:00	git-add	src/components/reference/BestPractices.tsx
2025-10-22T01:12:44-07:00	git-add	src/components/reference/BestPracticesView.tsx
2025-10-22T01:12:44-07:00	git-add	src/components/reference/NamingToolkit.tsx
2025-10-22T01:12:44-07:00	git-add	src/components/reference/ProtocolReference.tsx
2025-10-22T01:12:44-07:00	git-add	src/components/reference/ProtocolSection.tsx
2025-10-22T01:12:44-07:00	git-add	src/components/registry/ContractRegistry.tsx
2025-10-22T01:12:44-07:00	git-add	src/components/registry/DAORegistry.tsx
2025-10-22T01:12:44-07:00	git-add	src/components/registry/IntegrationRegistry.tsx
2025-10-22T01:12:44-07:00	git-add	src/components/security/AuditLog.tsx
2025-10-22T01:12:44-07:00	git-add	src/components/security/SecurityMonitor.tsx
2025-10-22T01:12:44-07:00	git-add	src/components/ui/accordion.tsx
2025-10-22T01:12:44-07:00	git-add	src/components/ui/alert-dialog.tsx
2025-10-22T01:12:44-07:00	git-add	src/components/ui/alert.tsx
2025-10-22T01:12:44-07:00	git-add	src/components/ui/aspect-ratio.tsx
2025-10-22T01:12:44-07:00	git-add	src/components/ui/avatar.tsx
2025-10-22T01:12:44-07:00	git-add	src/components/ui/badge.tsx
2025-10-22T01:12:44-07:00	git-add	src/components/ui/breadcrumb.tsx
2025-10-22T01:12:44-07:00	git-add	src/components/ui/button.tsx
2025-10-22T01:12:44-07:00	git-add	src/components/ui/calendar.tsx
2025-10-22T01:12:44-07:00	git-add	src/components/ui/card.tsx
2025-10-22T01:12:44-07:00	git-add	src/components/ui/carousel.tsx
2025-10-22T01:12:44-07:00	git-add	src/components/ui/chart.tsx
2025-10-22T01:12:44-07:00	git-add	src/components/ui/checkbox.tsx
2025-10-22T01:12:44-07:00	git-add	src/components/ui/collapsible.tsx
2025-10-22T01:12:44-07:00	git-add	src/components/ui/command.tsx
2025-10-22T01:12:44-07:00	git-add	src/components/ui/context-menu.tsx
2025-10-22T01:12:44-07:00	git-add	src/components/ui/dialog.tsx
2025-10-22T01:12:44-07:00	git-add	src/components/ui/drawer.tsx
2025-10-22T01:12:44-07:00	git-add	src/components/ui/dropdown-menu.tsx
2025-10-22T01:12:44-07:00	git-add	src/components/ui/form.tsx
2025-10-22T01:12:44-07:00	git-add	src/components/ui/hover-card.tsx
2025-10-22T01:12:44-07:00	git-add	src/components/ui/input-otp.tsx
2025-10-22T01:12:44-07:00	git-add	src/components/ui/input.tsx
2025-10-22T01:12:44-07:00	git-add	src/components/ui/label.tsx
2025-10-22T01:12:44-07:00	git-add	src/components/ui/menubar.tsx
2025-10-22T01:12:44-07:00	git-add	src/components/ui/navigation-menu.tsx
2025-10-22T01:12:44-07:00	git-add	src/components/ui/pagination.tsx
2025-10-22T01:12:44-07:00	git-add	src/components/ui/popover.tsx
2025-10-22T01:12:44-07:00	git-add	src/components/ui/progress.tsx
2025-10-22T01:12:44-07:00	git-add	src/components/ui/radio-group.tsx
2025-10-22T01:12:44-07:00	git-add	src/components/ui/resizable.tsx
2025-10-22T01:12:44-07:00	git-add	src/components/ui/scroll-area.tsx
2025-10-22T01:12:44-07:00	git-add	src/components/ui/select.tsx
2025-10-22T01:12:44-07:00	git-add	src/components/ui/separator.tsx
2025-10-22T01:12:44-07:00	git-add	src/components/ui/sheet.tsx
2025-10-22T01:12:44-07:00	git-add	src/components/ui/sidebar.tsx
2025-10-22T01:12:44-07:00	git-add	src/components/ui/skeleton.tsx
2025-10-22T01:12:44-07:00	git-add	src/components/ui/slider.tsx
2025-10-22T01:12:44-07:00	git-add	src/components/ui/sonner.tsx
2025-10-22T01:12:44-07:00	git-add	src/components/ui/switch.tsx
2025-10-22T01:12:44-07:00	git-add	src/components/ui/table.tsx
2025-10-22T01:12:44-07:00	git-add	src/components/ui/tabs.tsx
2025-10-22T01:12:44-07:00	git-add	src/components/ui/textarea.tsx
2025-10-22T01:12:44-07:00	git-add	src/components/ui/toggle-group.tsx
2025-10-22T01:12:44-07:00	git-add	src/components/ui/toggle.tsx
2025-10-22T01:12:44-07:00	git-add	src/components/ui/tooltip.tsx
2025-10-22T01:12:44-07:00	git-add	src/components/ui/use-mobile.ts
2025-10-22T01:12:44-07:00	git-add	src/components/ui/utils.ts
2025-10-22T01:12:44-07:00	git-add	src/components/workflows/ContractRegistration.tsx
2025-10-22T01:12:44-07:00	git-add	src/components/workflows/ENSIPXRegistration.tsx
2025-10-22T01:12:44-07:00	git-add	src/components/workflows/UnifiedContractRegistration.tsx
2025-10-22T01:12:44-07:00	git-add	src/index.css
2025-10-22T01:12:44-07:00	git-add	src/lib/ens/ens-utils.ts
2025-10-22T01:12:44-07:00	git-add	src/lib/ens/ens-write-operations.ts
2025-10-22T01:12:44-07:00	git-add	src/lib/metadata/ensipx-hierarchical.ts
2025-10-22T01:12:44-07:00	git-add	src/lib/metadata/ensipx-schema.json
2025-10-22T01:12:44-07:00	git-add	src/lib/metadata/ensipx-utils.ts
2025-10-22T01:12:44-07:00	git-add	src/lib/metadata/ensipx-validator.ts
2025-10-22T01:12:44-07:00	git-add	src/lib/metadata/metadata-schemas.ts
2025-10-22T01:12:44-07:00	git-add	src/lib/services/Web3Provider.tsx
2025-10-22T01:12:44-07:00	git-add	src/main.tsx
2025-10-22T01:12:44-07:00	git-add	src/styles/globals.css
2025-10-22T01:12:44-07:00	git-add	tsconfig.json
2025-10-22T01:12:44-07:00	git-add	tsconfig.node.json
2025-10-22T01:12:44-07:00	git-add	vite.config.ts
2025-10-22T01:50:57-07:00	git-add	.refactor-backup/src/components/metadata/SchemaPreviewEditor.tsx
2025-10-22T01:50:57-07:00	git-add	.refactor-backup/src/components/metadata/SchemaPreviewView.tsx
2025-10-22T01:50:57-07:00	git-add	.refactor-backup/src/components/registry/ENSContractsRegistry.tsx
2025-10-22T01:50:57-07:00	git-add	.refactor-backup/src/lib/services/address-display-service.ts
2025-10-22T01:50:57-07:00	git-add	.refactor-backup/src/lib/services/notification-service.ts
2025-10-22T01:50:57-07:00	git-add	src/components/metadata/SchemaPreviewEditor.tsx
2025-10-22T01:50:57-07:00	git-add	src/components/metadata/SchemaPreviewView.tsx
2025-10-22T01:50:57-07:00	git-add	src/components/registry/ENSContractsRegistry.tsx
2025-10-22T01:50:57-07:00	git-add	src/lib/services/address-display-service.ts
2025-10-22T01:50:57-07:00	git-add	src/lib/services/notification-service.ts
2025-10-22T07:27:01-07:00	git-add	.refactor-backup/src/components/domains/index.ts
2025-10-22T07:27:01-07:00	git-add	.refactor-backup/src/components/governance/index.ts
2025-10-22T07:27:01-07:00	git-add	.refactor-backup/src/components/metadata/index.ts
2025-10-22T07:27:01-07:00	git-add	.refactor-backup/src/components/reference/index.ts
2025-10-22T07:27:01-07:00	git-add	.refactor-backup/src/components/registry/index.ts
2025-10-22T07:27:01-07:00	git-add	.refactor-backup/src/components/security/AuditLogTray.tsx
2025-10-22T07:27:01-07:00	git-add	.refactor-backup/src/components/security/index.ts
2025-10-22T07:27:01-07:00	git-add	.refactor-backup/src/components/workflows/PreflightChecker.tsx
2025-10-22T07:27:01-07:00	git-add	.refactor-backup/src/components/workflows/index.ts
2025-10-22T07:27:01-07:00	git-add	.refactor-backup/src/lib/delegation/delegation-planner.ts
2025-10-22T07:27:01-07:00	git-add	.refactor-backup/src/lib/delegation/index.ts
2025-10-22T07:27:01-07:00	git-add	.refactor-backup/src/lib/delegation/permission-service.ts
2025-10-22T07:27:01-07:00	git-add	.refactor-backup/src/lib/delegation/post-verification-service.ts
2025-10-22T07:27:01-07:00	git-add	.refactor-backup/src/lib/delegation/safe-transaction-bundler.ts
2025-10-22T07:27:01-07:00	git-add	.refactor-backup/src/lib/ens/ens-addresses.ts
2025-10-22T07:27:01-07:00	git-add	.refactor-backup/src/lib/ens/ens-contracts.ts
2025-10-22T07:27:01-07:00	git-add	.refactor-backup/src/lib/ens/ens-helpers.ts
2025-10-22T07:27:01-07:00	git-add	.refactor-backup/src/lib/ens/ens-status-indicators.ts
2025-10-22T07:27:01-07:00	git-add	.refactor-backup/src/lib/ens/index.ts
2025-10-22T07:27:01-07:00	git-add	.refactor-backup/src/lib/ens/transfer-domain.ts
2025-10-22T07:27:01-07:00	git-add	.refactor-backup/src/lib/metadata/index.ts
2025-10-22T07:27:01-07:00	git-add	.refactor-backup/src/lib/metadata/metadata-templates.ts
2025-10-22T07:27:01-07:00	git-add	.refactor-backup/src/lib/security/audit-log-service.ts
2025-10-22T07:27:01-07:00	git-add	.refactor-backup/src/lib/security/index.ts
2025-10-22T07:27:01-07:00	git-add	.refactor-backup/src/lib/services/event-tracker.ts
2025-10-22T07:27:01-07:00	git-add	.refactor-backup/src/lib/services/index.ts
2025-10-22T07:27:01-07:00	git-add	.refactor-backup/src/lib/services/user-config-service.ts
2025-10-22T07:27:01-07:00	git-add	src/components/domains/index.ts
2025-10-22T07:27:01-07:00	git-add	src/components/governance/index.ts
2025-10-22T07:27:01-07:00	git-add	src/components/metadata/index.ts
2025-10-22T07:27:01-07:00	git-add	src/components/reference/index.ts
2025-10-22T07:27:01-07:00	git-add	src/components/registry/index.ts
2025-10-22T07:27:01-07:00	git-add	src/components/security/AuditLogTray.tsx
2025-10-22T07:27:01-07:00	git-add	src/components/security/index.ts
2025-10-22T07:27:01-07:00	git-add	src/components/workflows/PreflightChecker.tsx
2025-10-22T07:27:01-07:00	git-add	src/components/workflows/index.ts
2025-10-22T07:27:01-07:00	git-add	src/lib/delegation/delegation-planner.ts
2025-10-22T07:27:01-07:00	git-add	src/lib/delegation/index.ts
2025-10-22T07:27:01-07:00	git-add	src/lib/delegation/permission-service.ts
2025-10-22T07:27:01-07:00	git-add	src/lib/delegation/post-verification-service.ts
2025-10-22T07:27:01-07:00	git-add	src/lib/delegation/safe-transaction-bundler.ts
2025-10-22T07:27:01-07:00	git-add	src/lib/ens/ens-addresses.ts
2025-10-22T07:27:01-07:00	git-add	src/lib/ens/ens-contracts.ts
2025-10-22T07:27:01-07:00	git-add	src/lib/ens/ens-helpers.ts
2025-10-22T07:27:01-07:00	git-add	src/lib/ens/ens-status-indicators.ts
2025-10-22T07:27:01-07:00	git-add	src/lib/ens/index.ts
2025-10-22T07:27:01-07:00	git-add	src/lib/ens/transfer-domain.ts
2025-10-22T07:27:01-07:00	git-add	src/lib/metadata/index.ts
2025-10-22T07:27:01-07:00	git-add	src/lib/metadata/metadata-templates.ts
2025-10-22T07:27:01-07:00	git-add	src/lib/security/audit-log-service.ts
2025-10-22T07:27:01-07:00	git-add	src/lib/security/index.ts
2025-10-22T07:27:01-07:00	git-add	src/lib/services/event-tracker.ts
2025-10-22T07:27:01-07:00	git-add	src/lib/services/index.ts
2025-10-22T07:27:01-07:00	git-add	src/lib/services/user-config-service.ts
2025-10-22T07:27:01-07:00	git-add	vercel.json
2025-10-23T07:43:11-07:00	git-add	.refactor-backup/src/components/domains/NameBrowser.tsx
2025-10-23T07:43:11-07:00	git-add	.refactor-backup/src/components/marketplace/ENSMarketplace.tsx
2025-10-23T07:43:11-07:00	git-add	.refactor-backup/src/components/marketplace/Marketplace.tsx
2025-10-23T07:43:11-07:00	git-add	.refactor-backup/src/components/marketplace/index.ts
2025-10-23T07:43:11-07:00	git-add	.refactor-backup/src/lib/services/base-metadata-service.ts
2025-10-23T07:43:11-07:00	git-add	.refactor-backup/src/lib/services/ens-marketplace-service.ts
2025-10-23T07:43:11-07:00	git-add	.refactor-backup/src/lib/services/etherscan-service.ts
2025-10-23T07:43:11-07:00	git-add	.refactor-backup/src/lib/services/history-cache-service.ts
2025-10-23T07:43:11-07:00	git-add	.refactor-backup/src/lib/services/name-browser-service.ts
2025-10-23T07:43:11-07:00	git-add	.refactor-backup/src/lib/services/name-watching-service.ts
2025-10-23T07:43:11-07:00	git-add	.refactor-backup/src/lib/services/opensea-marketplace-service.ts
2025-10-23T07:43:11-07:00	git-add	.refactor-backup/src/lib/services/premium-price-service.ts
2025-10-23T07:43:11-07:00	git-add	.refactor-backup/src/lib/services/seaport-service.ts
2025-10-23T07:43:11-07:00	git-add	src/components/domains/NameBrowser.tsx
2025-10-23T07:43:11-07:00	git-add	src/components/marketplace/ENSMarketplace.tsx
2025-10-23T07:43:11-07:00	git-add	src/components/marketplace/Marketplace.tsx
2025-10-23T07:43:11-07:00	git-add	src/components/marketplace/index.ts
2025-10-23T07:43:11-07:00	git-add	src/lib/services/base-metadata-service.ts
2025-10-23T07:43:11-07:00	git-add	src/lib/services/ens-marketplace-service.ts
2025-10-23T07:43:11-07:00	git-add	src/lib/services/etherscan-service.ts
2025-10-23T07:43:11-07:00	git-add	src/lib/services/history-cache-service.ts
2025-10-23T07:43:11-07:00	git-add	src/lib/services/name-browser-service.ts
2025-10-23T07:43:11-07:00	git-add	src/lib/services/name-watching-service.ts
2025-10-23T07:43:11-07:00	git-add	src/lib/services/opensea-marketplace-service.ts
2025-10-23T07:43:11-07:00	git-add	src/lib/services/premium-price-service.ts
2025-10-23T07:43:11-07:00	git-add	src/lib/services/seaport-service.ts
2025-10-23T08:18:58-07:00	git-add	.refactor-backup/server/.env.example
2025-10-23T08:18:58-07:00	git-add	.refactor-backup/server/api/index.ts
2025-10-23T08:18:58-07:00	git-add	.refactor-backup/server/api/middleware/auth.ts
2025-10-23T08:18:58-07:00	git-add	.refactor-backup/server/api/middleware/error-handler.ts
2025-10-23T08:18:58-07:00	git-add	.refactor-backup/server/api/routes/analytics.ts
2025-10-23T08:18:58-07:00	git-add	.refactor-backup/server/api/routes/audit-log.ts
2025-10-23T08:18:58-07:00	git-add	.refactor-backup/server/api/routes/auth.ts
2025-10-23T08:18:58-07:00	git-add	.refactor-backup/server/api/routes/config.ts
2025-10-23T08:18:58-07:00	git-add	.refactor-backup/server/api/routes/contracts.ts
2025-10-23T08:18:58-07:00	git-add	.refactor-backup/server/api/routes/daos.ts
2025-10-23T08:18:58-07:00	git-add	.refactor-backup/server/api/routes/domains.ts
2025-10-23T08:18:58-07:00	git-add	.refactor-backup/server/api/routes/integrations.ts
2025-10-23T08:18:58-07:00	git-add	.refactor-backup/server/api/utils/logger.ts
2025-10-23T08:18:58-07:00	git-add	.refactor-backup/server/db/index.ts
2025-10-23T08:18:58-07:00	git-add	.refactor-backup/server/db/redis.ts
2025-10-23T08:18:58-07:00	git-add	.refactor-backup/server/db/schema.sql
2025-10-23T08:18:58-07:00	git-add	.refactor-backup/server/package.json
2025-10-23T08:18:58-07:00	git-add	.refactor-backup/server/tsconfig.json
2025-10-23T08:18:58-07:00	git-add	.refactor-backup/src/lib/services/registry-service.ts
2025-10-23T08:18:58-07:00	git-add	server/.env.example
2025-10-23T08:18:58-07:00	git-add	server/api/index.ts
2025-10-23T08:18:58-07:00	git-add	server/api/middleware/auth.ts
2025-10-23T08:18:58-07:00	git-add	server/api/middleware/error-handler.ts
2025-10-23T08:18:58-07:00	git-add	server/api/routes/analytics.ts
2025-10-23T08:18:58-07:00	git-add	server/api/routes/audit-log.ts
2025-10-23T08:18:58-07:00	git-add	server/api/routes/auth.ts
2025-10-23T08:18:58-07:00	git-add	server/api/routes/config.ts
2025-10-23T08:18:58-07:00	git-add	server/api/routes/contracts.ts
2025-10-23T08:18:58-07:00	git-add	server/api/routes/daos.ts
2025-10-23T08:18:58-07:00	git-add	server/api/routes/domains.ts
2025-10-23T08:18:58-07:00	git-add	server/api/routes/integrations.ts
2025-10-23T08:18:58-07:00	git-add	server/api/utils/logger.ts
2025-10-23T08:18:58-07:00	git-add	server/db/index.ts
2025-10-23T08:18:58-07:00	git-add	server/db/redis.ts
2025-10-23T08:18:58-07:00	git-add	server/db/schema.sql
2025-10-23T08:18:58-07:00	git-add	server/package.json
2025-10-23T08:18:58-07:00	git-add	server/tsconfig.json
2025-10-23T08:18:58-07:00	git-add	src/lib/services/registry-service.ts
2025-10-23T08:18:58-07:00	git-add	test.html
2025-10-29T09:06:42.380697	fs-birth-or-mtime	docs/AUDIT-LOG-IMPLEMENTATION.md
2025-10-29T09:06:42.381127	fs-birth-or-mtime	docs/BASE-METADATA-IMPLEMENTATION.md
2025-10-29T09:06:42.381612	fs-birth-or-mtime	docs/CONTRACT-NAMING-IMPROVEMENTS.md
2025-10-29T09:06:42.382003	fs-birth-or-mtime	docs/DELEGATION-SYSTEM-DOCUMENTATION.md
2025-10-29T09:06:42.382437	fs-birth-or-mtime	docs/ENS-MARKETPLACE-DOCUMENTATION.md
2025-10-29T09:06:42.382898	fs-birth-or-mtime	docs/ENSIP19-IMPLEMENTATION.md
2025-10-29T09:06:42.383396	fs-birth-or-mtime	docs/ENSIP19-QUICKSTART.md
2025-10-29T09:06:42.383773	fs-birth-or-mtime	docs/IMPLEMENTATION-COMPLETE.md
2025-10-29T09:06:42.384104	fs-birth-or-mtime	docs/IMPLEMENTATION-SUMMARY.md
2025-10-29T09:06:42.384486	fs-birth-or-mtime	docs/IMPORT-REVIEW-COMPLETE.md
2025-10-29T09:06:42.384719	fs-birth-or-mtime	docs/INTEGRATION-COMPLETE.md
2025-10-29T09:06:42.384962	fs-birth-or-mtime	docs/MARKETPLACE-IMPLEMENTATION.md
2025-10-29T09:06:42.385675	fs-birth-or-mtime	docs/PRODUCTION-SEAPORT-IMPLEMENTATION.md
2025-10-29T09:06:42.385920	fs-birth-or-mtime	docs/PRODUCTION-SETUP.md
2025-10-29T09:06:42.386157	fs-birth-or-mtime	docs/PRODUCTION-UPDATE-SUMMARY.md
2025-10-29T09:06:42.386819	fs-birth-or-mtime	docs/SCHEMA-PREVIEW-EDITOR.md
2025-10-29T09:06:42.387367	fs-birth-or-mtime	docs/TOOLING-ORGANIZATION-COMPLETE.md
2025-10-29T09:06:42.387626	fs-birth-or-mtime	docs/TOOLING-ORGANIZATION.md
2025-10-29T09:06:42.397636	fs-birth-or-mtime	docs/Attributions.md
2025-10-29T09:06:42.398664	fs-birth-or-mtime	docs/COMPREHENSIVE-FEATURES.md
2025-10-29T09:06:42.399448	fs-birth-or-mtime	docs/ENS-ENTERPRISE-FEATURES.md
2025-10-29T09:06:42.400575	fs-birth-or-mtime	docs/PRODUCTION-READY.md
2025-11-01T05:59:58-07:00	git-add	.refactor-backup/src/components/WalletSelectionModal.tsx
2025-11-01T05:59:58-07:00	git-add	src/components/WalletSelectionModal.tsx
2025-11-01T10:09:02-07:00	git-add	.refactor-backup/server/package-lock.json
2025-11-01T10:09:02-07:00	git-add	.refactor-backup/server/utils/encryption.ts
2025-11-01T10:09:02-07:00	git-add	.refactor-backup/src/components/workflows/GuidedWorkflow.tsx
2025-11-01T10:09:02-07:00	git-add	.refactor-backup/src/lib/security/encryption-service.ts
2025-11-01T10:09:02-07:00	git-add	.refactor-backup/src/lib/security/transaction-tracker.ts
2025-11-01T10:09:02-07:00	git-add	server/package-lock.json
2025-11-01T10:09:02-07:00	git-add	server/utils/encryption.ts
2025-11-01T10:09:02-07:00	git-add	src/components/workflows/GuidedWorkflow.tsx
2025-11-01T10:09:02-07:00	git-add	src/lib/security/encryption-service.ts
2025-11-01T10:09:02-07:00	git-add	src/lib/security/transaction-tracker.ts
2025-11-02T11:15:33.542167	fs-birth-or-mtime	docs/PROJECT-HOURS-ESTIMATE-REPORT.md
2025-11-02T11:21:52.910414	fs-birth-or-mtime	docs/COST-ESTIMATE-SINCE-SEPT-10-2024.md
2025-11-02T11:52:24.925402	fs-birth-or-mtime	docs/USDC-TRANSACTION-CHECK.md
2025-11-02T11:53:36	fs-birth-or-mtime	documentation-compiled 2/COMPREHENSIVE-FEATURES.txt
2025-11-02T11:53:36	fs-birth-or-mtime	documentation-compiled 2/ENS-ENTERPRISE-FEATURES.txt
2025-11-02T11:53:36.498638	fs-birth-or-mtime	documentation-compiled/README.txt
2025-11-02T11:54:05	fs-birth-or-mtime	documentation-compiled 2/AUDIT-LOG-IMPLEMENTATION.txt
2025-11-02T11:54:05	fs-birth-or-mtime	documentation-compiled 2/BASE-METADATA-IMPLEMENTATION.txt
2025-11-02T11:54:05	fs-birth-or-mtime	documentation-compiled 2/CONTRACT-NAMING-IMPROVEMENTS.txt
2025-11-02T11:54:05	fs-birth-or-mtime	documentation-compiled 2/COST-ESTIMATE-SINCE-SEPT-10-2024.txt
2025-11-02T11:54:05	fs-birth-or-mtime	documentation-compiled 2/DELEGATION-SYSTEM-DOCUMENTATION.txt
2025-11-02T11:54:05	fs-birth-or-mtime	documentation-compiled 2/ENS-MARKETPLACE-DOCUMENTATION.txt
2025-11-02T11:54:05	fs-birth-or-mtime	documentation-compiled 2/ENSIP19-IMPLEMENTATION.txt
2025-11-02T11:54:05	fs-birth-or-mtime	documentation-compiled 2/ENSIP19-QUICKSTART.txt
2025-11-02T11:54:05	fs-birth-or-mtime	documentation-compiled 2/IMPLEMENTATION-COMPLETE.txt
2025-11-02T11:54:05	fs-birth-or-mtime	documentation-compiled 2/IMPLEMENTATION-SUMMARY.txt
2025-11-02T11:54:05	fs-birth-or-mtime	documentation-compiled 2/IMPORT-REVIEW-COMPLETE.txt
2025-11-02T11:54:05	fs-birth-or-mtime	documentation-compiled 2/INDEX.txt
2025-11-02T11:54:05	fs-birth-or-mtime	documentation-compiled 2/INTEGRATION-COMPLETE.txt
2025-11-02T11:54:05	fs-birth-or-mtime	documentation-compiled 2/MARKETPLACE-IMPLEMENTATION.txt
2025-11-02T11:54:05	fs-birth-or-mtime	documentation-compiled 2/MARKETPLACE-SUMMARY.txt
2025-11-02T11:54:05	fs-birth-or-mtime	documentation-compiled 2/PRESENTATION-SCRIPT.txt
2025-11-02T11:54:05	fs-birth-or-mtime	documentation-compiled 2/PRODUCTION-SEAPORT-IMPLEMENTATION.txt
2025-11-02T11:54:05	fs-birth-or-mtime	documentation-compiled 2/PRODUCTION-SETUP.txt
2025-11-02T11:54:05	fs-birth-or-mtime	documentation-compiled 2/PRODUCTION-UPDATE-SUMMARY.txt
2025-11-02T11:54:05	fs-birth-or-mtime	documentation-compiled 2/PROJECT-HOURS-ESTIMATE-REPORT.txt
2025-11-02T11:54:05	fs-birth-or-mtime	documentation-compiled 2/SCHEMA-PREVIEW-EDITOR.txt
2025-11-02T11:54:05	fs-birth-or-mtime	documentation-compiled 2/SEAPORT-PRODUCTION-READY.txt
2025-11-02T11:54:05	fs-birth-or-mtime	documentation-compiled 2/TOOLING-ORGANIZATION-COMPLETE.txt
2025-11-02T11:54:05	fs-birth-or-mtime	documentation-compiled 2/TOOLING-ORGANIZATION.txt
2025-11-02T11:54:05	fs-birth-or-mtime	documentation-compiled 2/USDC-TRANSACTION-CHECK.txt
2025-11-02T11:54:05	fs-birth-or-mtime	documentation-compiled 2/guidelines-Guidelines.txt
2025-11-02T11:54:05	fs-birth-or-mtime	documentation-compiled 2/src-Attributions.txt
2025-11-02T11:54:05	fs-birth-or-mtime	documentation-compiled 2/src-COMPREHENSIVE-FEATURES.txt
2025-11-02T11:54:05	fs-birth-or-mtime	documentation-compiled 2/src-ENS-ENTERPRISE-FEATURES.txt
2025-11-02T11:54:05	fs-birth-or-mtime	documentation-compiled 2/src-FIXES-APPLIED.txt
2025-11-02T11:54:05	fs-birth-or-mtime	documentation-compiled 2/src-PRODUCTION-READY.txt
2025-11-02T12:00:47.679799	fs-birth-or-mtime	docs/ACCESSOR-ETH-USDC-TRANSACTIONS.md
2025-11-02T12:00:53.496423	fs-birth-or-mtime	ens-tools-documentation.tar.gz
2025-11-02T12:00:54	fs-birth-or-mtime	documentation-compiled 2/README.txt
2025-11-02T12:00:54.791215	fs-birth-or-mtime	ens-tools-documentation.zip
2025-11-02T12:06:55.440820	fs-birth-or-mtime	.DS_Store
2025-11-02T12:18:18	fs-birth-or-mtime	ens-tools-documentation-package/AUDIT-LOG-IMPLEMENTATION.md
2025-11-02T12:18:18	fs-birth-or-mtime	ens-tools-documentation-package/BASE-METADATA-IMPLEMENTATION.md
2025-11-02T12:18:18	fs-birth-or-mtime	ens-tools-documentation-package/CONTRACT-NAMING-IMPROVEMENTS.md
2025-11-02T12:18:18	fs-birth-or-mtime	ens-tools-documentation-package/DELEGATION-SYSTEM-DOCUMENTATION.md
2025-11-02T12:18:18	fs-birth-or-mtime	ens-tools-documentation-package/ENS-MARKETPLACE-DOCUMENTATION.md
2025-11-02T12:18:18	fs-birth-or-mtime	ens-tools-documentation-package/ENSIP19-IMPLEMENTATION.md
2025-11-02T12:18:18	fs-birth-or-mtime	ens-tools-documentation-package/ENSIP19-QUICKSTART.md
2025-11-02T12:18:18	fs-birth-or-mtime	ens-tools-documentation-package/IMPLEMENTATION-COMPLETE.md
2025-11-02T12:18:18	fs-birth-or-mtime	ens-tools-documentation-package/IMPLEMENTATION-SUMMARY.md
2025-11-02T12:18:18	fs-birth-or-mtime	ens-tools-documentation-package/IMPORT-REVIEW-COMPLETE.md
2025-11-02T12:18:18	fs-birth-or-mtime	ens-tools-documentation-package/INTEGRATION-COMPLETE.md
2025-11-02T12:18:18	fs-birth-or-mtime	ens-tools-documentation-package/MARKETPLACE-IMPLEMENTATION.md
2025-11-02T12:18:18	fs-birth-or-mtime	ens-tools-documentation-package/PRODUCTION-SEAPORT-IMPLEMENTATION.md
2025-11-02T12:18:18	fs-birth-or-mtime	ens-tools-documentation-package/PRODUCTION-SETUP.md
2025-11-02T12:18:18	fs-birth-or-mtime	ens-tools-documentation-package/PRODUCTION-UPDATE-SUMMARY.md
2025-11-02T12:18:18	fs-birth-or-mtime	ens-tools-documentation-package/SCHEMA-PREVIEW-EDITOR.md
2025-11-02T12:18:18	fs-birth-or-mtime	ens-tools-documentation-package/TOOLING-ORGANIZATION-COMPLETE.md
2025-11-02T12:18:18	fs-birth-or-mtime	ens-tools-documentation-package/TOOLING-ORGANIZATION.md
2025-11-02T12:18:18	fs-birth-or-mtime	ens-tools-documentation-package/src/COMPREHENSIVE-FEATURES.md
2025-11-02T12:18:18	fs-birth-or-mtime	ens-tools-documentation-package/src/ENS-ENTERPRISE-FEATURES.md
2025-11-02T12:18:18	fs-birth-or-mtime	ens-tools-documentation-package/src/PRODUCTION-READY.md
2025-11-02T12:18:19	fs-birth-or-mtime	ens-tools-documentation-package/COST-ESTIMATE-SINCE-SEPT-10-2024.md
2025-11-02T12:18:19	fs-birth-or-mtime	ens-tools-documentation-package/PROJECT-HOURS-ESTIMATE-REPORT.md
2025-11-02T12:25:52.042555	fs-birth-or-mtime	docs/APPLICATION-TREE.md
2025-11-02T12:26:01	fs-birth-or-mtime	ens-tools-documentation-package/APPLICATION-TREE.md
2025-11-02T12:27:34.278718	fs-birth-or-mtime	docs/DOCUMENTATION-INDEX.md
2025-11-02T12:28:53.926968	fs-birth-or-mtime	docs/DOCUMENTATION-PACKAGE.md
2025-11-02T12:29:01	fs-birth-or-mtime	ens-tools-documentation-package/DOCUMENTATION-INDEX.md
2025-11-02T12:29:01	fs-birth-or-mtime	ens-tools-documentation-package/DOCUMENTATION-PACKAGE.md
2025-11-02T12:29:01	fs-birth-or-mtime	ens-tools-documentation-package/README.md
2025-11-02T12:30:01.219565	fs-birth-or-mtime	ens-tools-documentation-package/.DS_Store
2025-11-02T12:53:24.072680	fs-birth-or-mtime	ens-tools-documentation-package.zip
2025-11-03T05:15:52.363695	fs-birth-or-mtime	docs/PRESENTATION-SCRIPT.md
2025-11-03T05:15:52.374541	fs-birth-or-mtime	docs/FIXES-APPLIED.md
2025-11-03T05:18:15.220455	fs-birth-or-mtime	docs/MISSING-FUNCTIONALITY-REPORT.md
2025-11-05T18:56:25.558623	fs-birth-or-mtime	docs/ENCRYPTION-SETUP.md
2025-11-05T18:56:25.562214	fs-birth-or-mtime	docs/MARKETPLACE-SUMMARY.md
2025-11-05T18:56:25.565162	fs-birth-or-mtime	docs/SEAPORT-PRODUCTION-READY.md
2025-11-05T18:56:32-08:00	git-add	.refactor-backup/src/components/Home.tsx
2025-11-05T18:56:32-08:00	git-add	src/components/Home.tsx
2025-11-05T19:23:25+00:00	git-add	.refactor-backup/src/components/ErrorBoundary.tsx
2025-11-05T19:23:25+00:00	git-add	.refactor-backup/src/lib/utils/error-handler.ts
2025-11-05T19:23:25+00:00	git-add	src/components/ErrorBoundary.tsx
2025-11-05T19:23:25+00:00	git-add	src/lib/utils/error-handler.ts
2025-11-05T20:06:49-08:00	git-add	.refactor-backup/src/components/BottomToolbar.tsx
2025-11-05T20:06:49-08:00	git-add	src/components/BottomToolbar.tsx
2025-11-05T22:36:37-08:00	git-add	.refactor-backup/src/components/dnssec/DNSSECConfig.tsx
2025-11-05T22:36:37-08:00	git-add	.refactor-backup/src/components/dnssec/index.ts
2025-11-05T22:36:37-08:00	git-add	src/components/dnssec/DNSSECConfig.tsx
2025-11-05T22:36:37-08:00	git-add	src/components/dnssec/index.ts
2025-11-05T22:39:23-08:00	git-add	.refactor-backup/src/components/JazzCupBackground.tsx
2025-11-05T22:39:23-08:00	git-add	.refactor-backup/src/components/WalletManager.tsx
2025-11-05T22:39:23-08:00	git-add	.refactor-backup/src/components/reference/BestPracticeRecommendations.tsx
2025-11-05T22:39:23-08:00	git-add	.refactor-backup/src/components/reference/BestPracticesChecklist.tsx
2025-11-05T22:39:23-08:00	git-add	.refactor-backup/src/components/reference/BestPracticesQuickRef.tsx
2025-11-05T22:39:23-08:00	git-add	.refactor-backup/src/lib/best-practices/rules.ts
2025-11-05T22:39:23-08:00	git-add	.refactor-backup/src/lib/best-practices/validator.ts
2025-11-05T22:39:23-08:00	git-add	.refactor-backup/src/lib/hooks/usePersistentState.ts
2025-11-05T22:39:23-08:00	git-add	.refactor-backup/src/lib/services/multi-wallet-manager.ts
2025-11-05T22:39:23-08:00	git-add	src/components/JazzCupBackground.tsx
2025-11-05T22:39:23-08:00	git-add	src/components/WalletManager.tsx
2025-11-05T22:39:23-08:00	git-add	src/components/reference/BestPracticeRecommendations.tsx
2025-11-05T22:39:23-08:00	git-add	src/components/reference/BestPracticesChecklist.tsx
2025-11-05T22:39:23-08:00	git-add	src/components/reference/BestPracticesQuickRef.tsx
2025-11-05T22:39:23-08:00	git-add	src/lib/best-practices/rules.ts
2025-11-05T22:39:23-08:00	git-add	src/lib/best-practices/validator.ts
2025-11-05T22:39:23-08:00	git-add	src/lib/hooks/usePersistentState.ts
2025-11-05T22:39:23-08:00	git-add	src/lib/services/multi-wallet-manager.ts
2025-11-07T05:30:25.337150	fs-birth-or-mtime	docs/SECURITY-VULNERABILITIES-REPORT.md
2025-11-07T05:35:44.164837	fs-birth-or-mtime	docs/SECURITY-FIXES-APPLIED.md
2025-11-07T05:36:40.258419	fs-birth-or-mtime	docs/CONTRACTS-LIST.md
2025-11-07T05:46:00.553943	fs-birth-or-mtime	docs/GRANULAR-PERMISSIONS-INTEGRATION.md
2025-11-07T05:48:27-08:00	git-add	.refactor-backup/src/components/delegation/GranularPermissions.tsx
2025-11-07T05:48:27-08:00	git-add	.refactor-backup/src/components/delegation/index.ts
2025-11-07T05:48:27-08:00	git-add	.refactor-backup/src/lib/ens/granular-contracts.ts
2025-11-07T05:48:27-08:00	git-add	.refactor-backup/src/lib/services/granular-permission-service.ts
2025-11-07T05:48:27-08:00	git-add	contracts/ENSNamingDelegateGranular.sol
2025-11-07T05:48:27-08:00	git-add	contracts/FeeCollection.sol
2025-11-07T05:48:27-08:00	git-add	contracts/GranularResolver.sol
2025-11-07T05:48:27-08:00	git-add	contracts/interfaces/IENSRegistry.sol
2025-11-07T05:48:27-08:00	git-add	contracts/interfaces/IENSResolver.sol
2025-11-07T05:48:27-08:00	git-add	contracts/interfaces/IGranularAssignmentController.sol
2025-11-07T05:48:27-08:00	git-add	contracts/interfaces/INameWrapper.sol
2025-11-07T05:48:27-08:00	git-add	contracts/interfaces/IOptimizedENSManager.sol
2025-11-07T05:48:27-08:00	git-add	packages/contracts/src/ENSNamingDelegateGranular.sol
2025-11-07T05:48:27-08:00	git-add	packages/contracts/src/GranularResolver.sol
2025-11-07T05:48:27-08:00	git-add	packages/contracts/src/IndexedGranularResolver.sol
2025-11-07T05:48:27-08:00	git-add	packages/contracts/src/interfaces/IENSRegistry.sol
2025-11-07T05:48:27-08:00	git-add	packages/contracts/src/interfaces/IENSResolver.sol
2025-11-07T05:48:27-08:00	git-add	packages/contracts/src/interfaces/IGranularAssignmentController.sol
2025-11-07T05:48:27-08:00	git-add	packages/contracts/src/interfaces/IIndexedENSManager.sol
2025-11-07T05:48:27-08:00	git-add	packages/contracts/src/interfaces/INameWrapper.sol
2025-11-07T05:48:27-08:00	git-add	packages/contracts/src/test/TestableGranularResolver.sol
2025-11-07T05:48:27-08:00	git-add	src/components/delegation/GranularPermissions.tsx
2025-11-07T05:48:27-08:00	git-add	src/components/delegation/index.ts
2025-11-07T05:48:27-08:00	git-add	src/lib/ens/granular-contracts.ts
2025-11-07T05:48:27-08:00	git-add	src/lib/services/granular-permission-service.ts
2025-11-07T05:52:58.484643	fs-birth-or-mtime	docs/IMPROVEMENT-ROADMAP.md
2025-11-07T10:15:35.223552	fs-birth-or-mtime	docs/MODULE-CONSOLIDATION-PLAN.md
2025-11-07T10:57:41.816203	fs-birth-or-mtime	docs/REVENUE-ESTIMATE.md
2025-11-07T11:04:21.726605	fs-birth-or-mtime	docs/REVENUE-BREAKDOWN.md
2025-11-07T11:11:45-08:00	git-add	.refactor-backup/src/lib/ens/register-name.ts
2025-11-07T11:11:45-08:00	git-add	.refactor-backup/src/lib/ens/transaction-builder.ts
2025-11-07T11:11:45-08:00	git-add	src/lib/ens/register-name.ts
2025-11-07T11:11:45-08:00	git-add	src/lib/ens/transaction-builder.ts
2025-11-07T11:11:46-08:00	git-add	.refactor-backup/src/components/admin/AdminPanel.tsx
2025-11-07T11:11:46-08:00	git-add	.refactor-backup/src/components/admin/FeeManagement.tsx
2025-11-07T11:11:46-08:00	git-add	.refactor-backup/src/components/admin/MasterDatabaseView.tsx
2025-11-07T11:11:46-08:00	git-add	.refactor-backup/src/components/admin/index.ts
2025-11-07T11:11:46-08:00	git-add	.refactor-backup/src/components/fees/FeeHistory.tsx
2025-11-07T11:11:46-08:00	git-add	.refactor-backup/src/components/fees/FeePreview.tsx
2025-11-07T11:11:46-08:00	git-add	.refactor-backup/src/components/fees/index.ts
2025-11-07T11:11:46-08:00	git-add	.refactor-backup/src/components/ui/domain-selector.tsx
2025-11-07T11:11:46-08:00	git-add	src/components/admin/AdminPanel.tsx
2025-11-07T11:11:46-08:00	git-add	src/components/admin/FeeManagement.tsx
2025-11-07T11:11:46-08:00	git-add	src/components/admin/MasterDatabaseView.tsx
2025-11-07T11:11:46-08:00	git-add	src/components/admin/index.ts
2025-11-07T11:11:46-08:00	git-add	src/components/fees/FeeHistory.tsx
2025-11-07T11:11:46-08:00	git-add	src/components/fees/FeePreview.tsx
2025-11-07T11:11:46-08:00	git-add	src/components/fees/index.ts
2025-11-07T11:11:46-08:00	git-add	src/components/ui/domain-selector.tsx
2025-11-07T11:11:47-08:00	git-add	.refactor-backup/server/README.md
2025-11-07T11:11:47-08:00	git-add	.refactor-backup/server/api/middleware/admin-auth.ts
2025-11-07T11:11:47-08:00	git-add	.refactor-backup/server/api/middleware/security-logger.ts
2025-11-07T11:11:47-08:00	git-add	.refactor-backup/server/api/middleware/validation.ts
2025-11-07T11:11:47-08:00	git-add	.refactor-backup/server/api/routes/admin.ts
2025-11-07T11:11:47-08:00	git-add	.refactor-backup/server/api/routes/marketplace.ts
2025-11-07T11:11:47-08:00	git-add	.refactor-backup/server/api/utils/sanitize.ts
2025-11-07T11:11:47-08:00	git-add	.refactor-backup/server/db/migrations/add-admin-support.sql
2025-11-07T11:11:47-08:00	git-add	.refactor-backup/server/services/admin-service.ts
2025-11-07T11:11:47-08:00	git-add	.refactor-backup/server/services/data-service.ts
2025-11-07T11:11:47-08:00	git-add	.refactor-backup/server/services/encryption-service.ts
2025-11-07T11:11:47-08:00	git-add	server/README.md
2025-11-07T11:11:47-08:00	git-add	server/api/middleware/admin-auth.ts
2025-11-07T11:11:47-08:00	git-add	server/api/middleware/security-logger.ts
2025-11-07T11:11:47-08:00	git-add	server/api/middleware/validation.ts
2025-11-07T11:11:47-08:00	git-add	server/api/routes/admin.ts
2025-11-07T11:11:47-08:00	git-add	server/api/routes/marketplace.ts
2025-11-07T11:11:47-08:00	git-add	server/api/utils/sanitize.ts
2025-11-07T11:11:47-08:00	git-add	server/db/migrations/add-admin-support.sql
2025-11-07T11:11:47-08:00	git-add	server/services/admin-service.ts
2025-11-07T11:11:47-08:00	git-add	server/services/data-service.ts
2025-11-07T11:11:47-08:00	git-add	server/services/encryption-service.ts
2025-11-07T11:11:48-08:00	git-add	.refactor-backup/src/lib/contexts/DomainContext.tsx
2025-11-07T11:11:48-08:00	git-add	.refactor-backup/src/lib/database/master-database.ts
2025-11-07T11:11:48-08:00	git-add	.refactor-backup/src/lib/services/delegate-event-tracker.ts
2025-11-07T11:11:48-08:00	git-add	.refactor-backup/src/lib/services/fee-collection-service.ts
2025-11-07T11:11:48-08:00	git-add	.refactor-backup/src/lib/services/transaction-manager.ts
2025-11-07T11:11:48-08:00	git-add	src/lib/contexts/DomainContext.tsx
2025-11-07T11:11:48-08:00	git-add	src/lib/database/master-database.ts
2025-11-07T11:11:48-08:00	git-add	src/lib/services/delegate-event-tracker.ts
2025-11-07T11:11:48-08:00	git-add	src/lib/services/fee-collection-service.ts
2025-11-07T11:11:48-08:00	git-add	src/lib/services/transaction-manager.ts
2025-11-07T11:11:49-08:00	git-add	fetch_usdc_totals.sh
2025-11-07T11:11:49-08:00	git-add	get_usdc_totals.js
2025-11-07T11:11:49-08:00	git-add	usdc_transactions.json
2025-11-07T11:18:15.624753	fs-birth-or-mtime	docs/DEPLOYMENT-CHECKLIST.md
2025-11-07T12:58:10.914668	fs-birth-or-mtime	docs/MISSING-ENS-FUNCTIONALITY.md
2025-11-07T14:54:36-08:00	git-add	.refactor-backup/src/components/TransactionConfirmationDialog.tsx
2025-11-07T14:54:36-08:00	git-add	.refactor-backup/src/components/TransactionStatusPanel.tsx
2025-11-07T14:54:36-08:00	git-add	.refactor-backup/src/components/ui/empty-state.tsx
2025-11-07T14:54:36-08:00	git-add	.refactor-backup/src/debug.tsx
2025-11-07T14:54:36-08:00	git-add	.refactor-backup/src/lib/ens/subdomain-service.ts
2025-11-07T14:54:36-08:00	git-add	.refactor-backup/src/lib/hooks/useTransactionManager.ts
2025-11-07T14:54:36-08:00	git-add	UPDATES-72-HOURS.txt
2025-11-07T14:54:36-08:00	git-add	src/components/TransactionConfirmationDialog.tsx
2025-11-07T14:54:36-08:00	git-add	src/components/TransactionStatusPanel.tsx
2025-11-07T14:54:36-08:00	git-add	src/components/ui/empty-state.tsx
2025-11-07T14:54:36-08:00	git-add	src/debug.tsx
2025-11-07T14:54:36-08:00	git-add	src/lib/ens/subdomain-service.ts
2025-11-07T14:54:36-08:00	git-add	src/lib/hooks/useTransactionManager.ts
2025-11-08T11:21:12.273659	fs-birth-or-mtime	docs/ENS-ACTION-SCHEMA-GUIDE.md
2025-11-08T11:22:31.185613	fs-birth-or-mtime	docs/BEST-PRACTICES-ACTION-SCHEMA.md
2025-11-08T11:23:24.342022	fs-birth-or-mtime	docs/ACTION-SCHEMA-QUICK-REFERENCE.md
2025-11-08T16:17:10.880185	fs-birth-or-mtime	docs/REFACTORING-PROGRESS.md
2025-11-08T16:17:51.302369	fs-birth-or-mtime	docs/IMPROVEMENTS-IMPLEMENTED.md
2025-11-08T16:20:02.629202	fs-birth-or-mtime	docs/REFACTORING-COMPLETE.md
2025-11-09T01:09:02.394606	fs-birth-or-mtime	.cursor/commands/doccreate.md
2025-11-09T01:28:06.831610	fs-birth-or-mtime	docs/PROJECT-OVERVIEW.md
2025-11-09T01:28:06.832771	fs-birth-or-mtime	docs/FUNCTIONALITY.md
2025-11-09T01:28:06.833201	fs-birth-or-mtime	docs/CONDITIONS-AND-RESULTS.md
2025-11-09T01:28:06.833617	fs-birth-or-mtime	docs/HELP-AND-SUGGESTIONS.md
2025-11-09T01:28:06.834115	fs-birth-or-mtime	docs/BEST-PRACTICES.md
2025-11-09T01:28:06.834529	fs-birth-or-mtime	docs/BUSINESS-LOGIC.md
2025-11-09T01:28:06.834898	fs-birth-or-mtime	docs/CODE-USAGE.md
2025-11-09T01:28:06.835287	fs-birth-or-mtime	docs/TERMINAL-USAGE.md
2025-11-09T01:28:06.835869	fs-birth-or-mtime	docs/API-REFERENCE.md
2025-11-09T01:28:06.836456	fs-birth-or-mtime	docs/PRIVACY-POLICY.md
2025-11-09T01:28:06.836829	fs-birth-or-mtime	docs/USER-AGREEMENTS.md
2025-11-09T01:28:06.837206	fs-birth-or-mtime	docs/WEB3-PROVIDER-DISCLOSURE.md
2025-11-09T01:28:06.837864	fs-birth-or-mtime	docs/TERMS-OF-AGREEMENT.md
2025-11-09T01:28:06.838388	fs-birth-or-mtime	docs/USAGE-POLICY.md
2025-11-09T01:28:06.838747	fs-birth-or-mtime	docs/FINANCIAL-RISK-DISCLOSURE.md
2025-11-09T01:28:06.839185	fs-birth-or-mtime	docs/LEGAL-COMPLIANCE.md
2025-11-09T01:30:55.888847	fs-birth-or-mtime	.cursor/commands/docpopulate.md
2025-11-09T01:32:27.526217	fs-birth-or-mtime	.cursor/commands/cicd-build.md
2025-11-09T01:34:45.996686	fs-birth-or-mtime	.cursor/commands/refactor-organize.md
2025-11-09T01:37:26.937216	fs-birth-or-mtime	.refactor-backup/src/Attributions.md
2025-11-09T01:37:26.938628	fs-birth-or-mtime	.refactor-backup/src/COMPREHENSIVE-FEATURES.md
2025-11-09T01:37:26.940205	fs-birth-or-mtime	.refactor-backup/src/ENS-ENTERPRISE-FEATURES.md
2025-11-09T01:37:26.943587	fs-birth-or-mtime	.refactor-backup/src/FIXES-APPLIED.md
2025-11-09T01:37:26.944261	fs-birth-or-mtime	.refactor-backup/src/PRODUCTION-READY.md
2025-11-09T01:37:27.139679	fs-birth-or-mtime	.refactor-backup/src/guidelines/Guidelines.md
2025-11-09T01:38:49.716997	fs-birth-or-mtime	.cursor/commands/organize-project.md
2025-11-09T01:45:46.146127	fs-birth-or-mtime	.cursor/commands/doccompile.md
2025-11-09T01:46:01.634524	fs-birth-or-mtime	documentation-compiled/TECHNICAL-DOCUMENTATION.md
2025-11-09T01:46:01.644404	fs-birth-or-mtime	documentation-compiled/USER-DOCUMENTATION.md
2025-11-09T01:46:01.663278	fs-birth-or-mtime	documentation-compiled/COMPLETE-DOCUMENTATION.md
2025-11-09T01:46:01.696103	fs-birth-or-mtime	documentation-compiled/TECHNICAL-DOCUMENTATION.html
2025-11-09T01:46:01.708808	fs-birth-or-mtime	documentation-compiled/USER-DOCUMENTATION.html
2025-11-09T01:46:01.753944	fs-birth-or-mtime	documentation-compiled/COMPLETE-DOCUMENTATION.html
2025-11-09T01:46:01.758291	fs-birth-or-mtime	documentation-compiled/README.md
2025-11-09T01:47:41.768101	fs-birth-or-mtime	.cursor/commands/doccleanup.md
2025-11-09T01:48:30.774037	fs-birth-or-mtime	docs/SRC-Attributions.md
2025-11-09T01:48:30.777862	fs-birth-or-mtime	docs/SRC-COMPREHENSIVE-FEATURES.md
2025-11-09T01:48:30.779474	fs-birth-or-mtime	docs/SRC-ENS-ENTERPRISE-FEATURES.md
2025-11-09T01:48:30.780707	fs-birth-or-mtime	docs/SRC-FIXES-APPLIED.md
2025-11-09T01:48:30.782765	fs-birth-or-mtime	docs/SRC-PRODUCTION-READY.md
2025-11-09T01:48:30.783844	fs-birth-or-mtime	docs/SRC-Guidelines.md
2025-11-09T01:48:39.212733	fs-birth-or-mtime	.cursor/commands/docconsolidate.md
2025-11-09T01:50:39.638951	fs-birth-or-mtime	.cursor/commands/docbuild.md
2025-11-11T11:25:34.670679	fs-birth-or-mtime	WALLETCONNECT_SETUP.md
2025-11-11T11:57:49-08:00	git-add	.refactor-backup/src/components/devtools/ConsoleLogItem.tsx
2025-11-11T11:57:49-08:00	git-add	.refactor-backup/src/components/devtools/DevTools.tsx
2025-11-11T11:57:49-08:00	git-add	.refactor-backup/src/components/devtools/ENSConsole.refactored.example.tsx
2025-11-11T11:57:49-08:00	git-add	.refactor-backup/src/components/devtools/ENSConsole.tsx
2025-11-11T11:57:49-08:00	git-add	.refactor-backup/src/components/devtools/ErrorBoundary.tsx
2025-11-11T11:57:49-08:00	git-add	.refactor-backup/src/components/devtools/hooks/__tests__/useConsoleLogs.test.ts
2025-11-11T11:57:49-08:00	git-add	.refactor-backup/src/components/devtools/hooks/index.ts
2025-11-11T11:57:49-08:00	git-add	.refactor-backup/src/components/devtools/hooks/useConsoleLogs.ts
2025-11-11T11:57:49-08:00	git-add	.refactor-backup/src/components/devtools/hooks/useDomainInspector.ts
2025-11-11T11:57:49-08:00	git-add	.refactor-backup/src/components/devtools/hooks/useENSOperations.ts
2025-11-11T11:57:49-08:00	git-add	.refactor-backup/src/components/devtools/hooks/useNetworkRequests.ts
2025-11-11T11:57:49-08:00	git-add	.refactor-backup/src/components/devtools/index.ts
2025-11-11T11:57:49-08:00	git-add	.refactor-backup/src/components/devtools/tabs/AnalyticsTab.tsx
2025-11-11T11:57:49-08:00	git-add	.refactor-backup/src/components/devtools/tabs/ConsoleTab.tsx
2025-11-11T11:57:49-08:00	git-add	.refactor-backup/src/components/devtools/tabs/NetworkTab.tsx
2025-11-11T11:57:49-08:00	git-add	.refactor-backup/src/components/devtools/tabs/OperationsTab.tsx
2025-11-11T11:57:49-08:00	git-add	.refactor-backup/src/components/devtools/tabs/index.ts
2025-11-11T11:57:49-08:00	git-add	.refactor-backup/src/components/devtools/types.ts
2025-11-11T11:57:49-08:00	git-add	.refactor-backup/src/lib/schemas/README.md
2025-11-11T11:57:49-08:00	git-add	.refactor-backup/src/lib/schemas/ens-action-executor.ts
2025-11-11T11:57:49-08:00	git-add	.refactor-backup/src/lib/schemas/ens-action-interpreter.ts
2025-11-11T11:57:49-08:00	git-add	.refactor-backup/src/lib/schemas/ens-action-parser.ts
2025-11-11T11:57:49-08:00	git-add	.refactor-backup/src/lib/schemas/ens-action-template.ts
2025-11-11T11:57:49-08:00	git-add	.refactor-backup/src/lib/schemas/ens-batch-builder.ts
2025-11-11T11:57:49-08:00	git-add	.refactor-backup/src/lib/schemas/ens-console-schema.ts
2025-11-11T11:57:49-08:00	git-add	.refactor-backup/src/lib/schemas/ens-schema-exporter.ts
2025-11-11T11:57:49-08:00	git-add	.refactor-backup/src/lib/schemas/example-usage.ts
2025-11-11T11:57:49-08:00	git-add	.refactor-backup/src/lib/schemas/index.ts
2025-11-11T11:57:49-08:00	git-add	.refactor-backup/src/lib/schemas/templates/batch-metadata-update.txt
2025-11-11T11:57:49-08:00	git-add	.refactor-backup/src/lib/schemas/templates/complete-domain-setup.txt
2025-11-11T11:57:49-08:00	git-add	.refactor-backup/src/lib/schemas/templates/delegation-setup.txt
2025-11-11T11:57:49-08:00	git-add	.refactor-backup/src/lib/schemas/templates/multi-domain-setup.txt
2025-11-11T11:57:49-08:00	git-add	.refactor-backup/src/lib/schemas/templates/subdomain-structure.txt
2025-11-11T11:57:49-08:00	git-add	.refactor-backup/src/test/setup.ts
2025-11-11T11:57:49-08:00	git-add	docs-site/ACCESSOR-ETH-USDC-TRANSACTIONS.html
2025-11-11T11:57:49-08:00	git-add	docs-site/ACTION-SCHEMA-QUICK-REFERENCE.html
2025-11-11T11:57:49-08:00	git-add	docs-site/API-REFERENCE.html
2025-11-11T11:57:49-08:00	git-add	docs-site/APPLICATION-TREE.html
2025-11-11T11:57:49-08:00	git-add	docs-site/AUDIT-LOG-IMPLEMENTATION.html
2025-11-11T11:57:49-08:00	git-add	docs-site/Attributions.html
2025-11-11T11:57:49-08:00	git-add	docs-site/BASE-METADATA-IMPLEMENTATION.html
2025-11-11T11:57:49-08:00	git-add	docs-site/BEST-PRACTICES-ACTION-SCHEMA.html
2025-11-11T11:57:49-08:00	git-add	docs-site/BEST-PRACTICES.html
2025-11-11T11:57:49-08:00	git-add	docs-site/BUSINESS-LOGIC.html
2025-11-11T11:57:49-08:00	git-add	docs-site/CODE-USAGE.html
2025-11-11T11:57:49-08:00	git-add	docs-site/COMPREHENSIVE-FEATURES.html
2025-11-11T11:57:49-08:00	git-add	docs-site/CONDITIONS-AND-RESULTS.html
2025-11-11T11:57:49-08:00	git-add	docs-site/CONTRACT-NAMING-IMPROVEMENTS.html
2025-11-11T11:57:49-08:00	git-add	docs-site/CONTRACTS-LIST.html
2025-11-11T11:57:49-08:00	git-add	docs-site/COST-ESTIMATE-SINCE-SEPT-10-2024.html
2025-11-11T11:57:49-08:00	git-add	docs-site/DELEGATION-SYSTEM-DOCUMENTATION.html
2025-11-11T11:57:49-08:00	git-add	docs-site/DEPLOYMENT-CHECKLIST.html
2025-11-11T11:57:49-08:00	git-add	docs-site/DOCUMENTATION-INDEX.html
2025-11-11T11:57:49-08:00	git-add	docs-site/DOCUMENTATION-PACKAGE.html
2025-11-11T11:57:49-08:00	git-add	docs-site/ENCRYPTION-SETUP.html
2025-11-11T11:57:49-08:00	git-add	docs-site/ENS-ACTION-SCHEMA-GUIDE.html
2025-11-11T11:57:49-08:00	git-add	docs-site/ENS-ENTERPRISE-FEATURES.html
2025-11-11T11:57:49-08:00	git-add	docs-site/ENS-MARKETPLACE-DOCUMENTATION.html
2025-11-11T11:57:49-08:00	git-add	docs-site/ENSIP19-IMPLEMENTATION.html
2025-11-11T11:57:49-08:00	git-add	docs-site/ENSIP19-QUICKSTART.html
2025-11-11T11:57:49-08:00	git-add	docs-site/FINANCIAL-RISK-DISCLOSURE.html
2025-11-11T11:57:49-08:00	git-add	docs-site/FIXES-APPLIED.html
2025-11-11T11:57:49-08:00	git-add	docs-site/FUNCTIONALITY.html
2025-11-11T11:57:49-08:00	git-add	docs-site/GRANULAR-PERMISSIONS-INTEGRATION.html
2025-11-11T11:57:49-08:00	git-add	docs-site/HELP-AND-SUGGESTIONS.html
2025-11-11T11:57:49-08:00	git-add	docs-site/IMPLEMENTATION-COMPLETE.html
2025-11-11T11:57:49-08:00	git-add	docs-site/IMPLEMENTATION-SUMMARY.html
2025-11-11T11:57:49-08:00	git-add	docs-site/IMPORT-REVIEW-COMPLETE.html
2025-11-11T11:57:49-08:00	git-add	docs-site/IMPROVEMENT-ROADMAP.html
2025-11-11T11:57:49-08:00	git-add	docs-site/IMPROVEMENTS-IMPLEMENTED.html
2025-11-11T11:57:49-08:00	git-add	docs-site/INTEGRATION-COMPLETE.html
2025-11-11T11:57:49-08:00	git-add	docs-site/LEGAL-COMPLIANCE.html
2025-11-11T11:57:49-08:00	git-add	docs-site/MARKETPLACE-IMPLEMENTATION.html
2025-11-11T11:57:49-08:00	git-add	docs-site/MARKETPLACE-SUMMARY.html
2025-11-11T11:57:49-08:00	git-add	docs-site/MISSING-ENS-FUNCTIONALITY.html
2025-11-11T11:57:49-08:00	git-add	docs-site/MISSING-FUNCTIONALITY-REPORT.html
2025-11-11T11:57:49-08:00	git-add	docs-site/MODULE-CONSOLIDATION-PLAN.html
2025-11-11T11:57:49-08:00	git-add	docs-site/PRESENTATION-SCRIPT.html
2025-11-11T11:57:49-08:00	git-add	docs-site/PRIVACY-POLICY.html
2025-11-11T11:57:49-08:00	git-add	docs-site/PRODUCTION-READY.html
2025-11-11T11:57:49-08:00	git-add	docs-site/PRODUCTION-SEAPORT-IMPLEMENTATION.html
2025-11-11T11:57:49-08:00	git-add	docs-site/PRODUCTION-SETUP.html
2025-11-11T11:57:49-08:00	git-add	docs-site/PRODUCTION-UPDATE-SUMMARY.html
2025-11-11T11:57:49-08:00	git-add	docs-site/PROJECT-HOURS-ESTIMATE-REPORT.html
2025-11-11T11:57:49-08:00	git-add	docs-site/PROJECT-OVERVIEW.html
2025-11-11T11:57:49-08:00	git-add	docs-site/REFACTORING-COMPLETE.html
2025-11-11T11:57:49-08:00	git-add	docs-site/REFACTORING-PROGRESS.html
2025-11-11T11:57:49-08:00	git-add	docs-site/REVENUE-BREAKDOWN.html
2025-11-11T11:57:49-08:00	git-add	docs-site/REVENUE-ESTIMATE.html
2025-11-11T11:57:49-08:00	git-add	docs-site/SCHEMA-PREVIEW-EDITOR.html
2025-11-11T11:57:49-08:00	git-add	docs-site/SEAPORT-PRODUCTION-READY.html
2025-11-11T11:57:49-08:00	git-add	docs-site/SECURITY-FIXES-APPLIED.html
2025-11-11T11:57:49-08:00	git-add	docs-site/SECURITY-VULNERABILITIES-REPORT.html
2025-11-11T11:57:49-08:00	git-add	docs-site/SRC-Attributions.html
2025-11-11T11:57:49-08:00	git-add	docs-site/SRC-COMPREHENSIVE-FEATURES.html
2025-11-11T11:57:49-08:00	git-add	docs-site/SRC-ENS-ENTERPRISE-FEATURES.html
2025-11-11T11:57:49-08:00	git-add	docs-site/SRC-FIXES-APPLIED.html
2025-11-11T11:57:49-08:00	git-add	docs-site/SRC-Guidelines.html
2025-11-11T11:57:49-08:00	git-add	docs-site/SRC-PRODUCTION-READY.html
2025-11-11T11:57:49-08:00	git-add	docs-site/TERMINAL-USAGE.html
2025-11-11T11:57:49-08:00	git-add	docs-site/TERMS-OF-AGREEMENT.html
2025-11-11T11:57:49-08:00	git-add	docs-site/TOOLING-ORGANIZATION-COMPLETE.html
2025-11-11T11:57:49-08:00	git-add	docs-site/TOOLING-ORGANIZATION.html
2025-11-11T11:57:49-08:00	git-add	docs-site/USAGE-POLICY.html
2025-11-11T11:57:49-08:00	git-add	docs-site/USDC-TRANSACTION-CHECK.html
2025-11-11T11:57:49-08:00	git-add	docs-site/USER-AGREEMENTS.html
2025-11-11T11:57:49-08:00	git-add	docs-site/WEB3-PROVIDER-DISCLOSURE.html
2025-11-11T11:57:49-08:00	git-add	docs-site/index.html
2025-11-11T11:57:49-08:00	git-add	docs/lib/schemas/README.md
2025-11-11T11:57:49-08:00	git-add	scripts/build-documentation-site.js
2025-11-11T11:57:49-08:00	git-add	scripts/cleanup-documentation.js
2025-11-11T11:57:49-08:00	git-add	scripts/compile-documentation.js
2025-11-11T11:57:49-08:00	git-add	scripts/consolidate-documentation.js
2025-11-11T11:57:49-08:00	git-add	scripts/generate-cicd.js
2025-11-11T11:57:49-08:00	git-add	scripts/generate-documentation.js
2025-11-11T11:57:49-08:00	git-add	scripts/organize-project.js
2025-11-11T11:57:49-08:00	git-add	scripts/populate-documentation.js
2025-11-11T11:57:49-08:00	git-add	scripts/refactor-organize.js
2025-11-11T11:57:49-08:00	git-add	src/components/WalletConnectRainbow.tsx
2025-11-11T11:57:49-08:00	git-add	src/components/devtools/ConsoleLogItem.tsx
2025-11-11T11:57:49-08:00	git-add	src/components/devtools/DevTools.tsx
2025-11-11T11:57:49-08:00	git-add	src/components/devtools/ENSConsole.refactored.example.tsx
2025-11-11T11:57:49-08:00	git-add	src/components/devtools/ENSConsole.tsx
2025-11-11T11:57:49-08:00	git-add	src/components/devtools/ErrorBoundary.tsx
2025-11-11T11:57:49-08:00	git-add	src/components/devtools/hooks/__tests__/useConsoleLogs.test.ts
2025-11-11T11:57:49-08:00	git-add	src/components/devtools/hooks/index.ts
2025-11-11T11:57:49-08:00	git-add	src/components/devtools/hooks/useConsoleLogs.ts
2025-11-11T11:57:49-08:00	git-add	src/components/devtools/hooks/useDomainInspector.ts
2025-11-11T11:57:49-08:00	git-add	src/components/devtools/hooks/useENSOperations.ts
2025-11-11T11:57:49-08:00	git-add	src/components/devtools/hooks/useNetworkRequests.ts
2025-11-11T11:57:49-08:00	git-add	src/components/devtools/index.ts
2025-11-11T11:57:49-08:00	git-add	src/components/devtools/tabs/AnalyticsTab.tsx
2025-11-11T11:57:49-08:00	git-add	src/components/devtools/tabs/ConsoleTab.tsx
2025-11-11T11:57:49-08:00	git-add	src/components/devtools/tabs/NetworkTab.tsx
2025-11-11T11:57:49-08:00	git-add	src/components/devtools/tabs/OperationsTab.tsx
2025-11-11T11:57:49-08:00	git-add	src/components/devtools/tabs/index.ts
2025-11-11T11:57:49-08:00	git-add	src/components/devtools/types.ts
2025-11-11T11:57:49-08:00	git-add	src/lib/providers/RainbowKitProvider.tsx
2025-11-11T11:57:49-08:00	git-add	src/lib/schemas/ens-action-executor.ts
2025-11-11T11:57:49-08:00	git-add	src/lib/schemas/ens-action-interpreter.ts
2025-11-11T11:57:49-08:00	git-add	src/lib/schemas/ens-action-parser.ts
2025-11-11T11:57:49-08:00	git-add	src/lib/schemas/ens-action-template.ts
2025-11-11T11:57:49-08:00	git-add	src/lib/schemas/ens-batch-builder.ts
2025-11-11T11:57:49-08:00	git-add	src/lib/schemas/ens-console-schema.ts
2025-11-11T11:57:49-08:00	git-add	src/lib/schemas/ens-schema-exporter.ts
2025-11-11T11:57:49-08:00	git-add	src/lib/schemas/example-usage.ts
2025-11-11T11:57:49-08:00	git-add	src/lib/schemas/index.ts
2025-11-11T11:57:49-08:00	git-add	src/lib/schemas/templates/batch-metadata-update.txt
2025-11-11T11:57:49-08:00	git-add	src/lib/schemas/templates/complete-domain-setup.txt
2025-11-11T11:57:49-08:00	git-add	src/lib/schemas/templates/delegation-setup.txt
2025-11-11T11:57:49-08:00	git-add	src/lib/schemas/templates/multi-domain-setup.txt
2025-11-11T11:57:49-08:00	git-add	src/lib/schemas/templates/subdomain-structure.txt
2025-11-11T11:57:49-08:00	git-add	src/lib/services/web3provider-compat.tsx
2025-11-11T11:57:49-08:00	git-add	src/lib/utils/marketplace-utils.ts
2025-11-11T11:57:49-08:00	git-add	src/test/setup.ts
2025-11-11T11:57:49-08:00	git-add	vitest.config.ts
2025-11-11T11:57:57.915138	fs-birth-or-mtime	.env
2025-11-11T15:50:24.774028	fs-birth-or-mtime	packages/contracts/ORGANIZATION-SUMMARY.md
2025-11-11T15:50:24.777463	fs-birth-or-mtime	packages/contracts/artifacts/@openzeppelin/contracts/access/Ownable.sol/Ownable.dbg.json
2025-11-11T15:50:24.780046	fs-birth-or-mtime	packages/contracts/artifacts/@openzeppelin/contracts/access/Ownable.sol/Ownable.json
2025-11-11T15:50:24.782559	fs-birth-or-mtime	packages/contracts/artifacts/@openzeppelin/contracts/security/ReentrancyGuard.sol/ReentrancyGuard.json
2025-11-11T15:50:24.783165	fs-birth-or-mtime	packages/contracts/artifacts/@openzeppelin/contracts/security/ReentrancyGuard.sol/ReentrancyGuard.dbg.json
2025-11-11T15:50:24.784298	fs-birth-or-mtime	packages/contracts/artifacts/@openzeppelin/contracts/security/Pausable.sol/Pausable.dbg.json
2025-11-11T15:50:24.785295	fs-birth-or-mtime	packages/contracts/artifacts/@openzeppelin/contracts/security/Pausable.sol/Pausable.json
2025-11-11T15:50:24.788018	fs-birth-or-mtime	packages/contracts/artifacts/@openzeppelin/contracts/utils/Address.sol/Address.dbg.json
2025-11-11T15:50:24.788635	fs-birth-or-mtime	packages/contracts/artifacts/@openzeppelin/contracts/utils/Address.sol/Address.json
2025-11-11T15:50:24.790068	fs-birth-or-mtime	packages/contracts/artifacts/@openzeppelin/contracts/utils/Context.sol/Context.dbg.json
2025-11-11T15:50:24.790820	fs-birth-or-mtime	packages/contracts/artifacts/@openzeppelin/contracts/utils/Context.sol/Context.json
2025-11-11T15:50:24.829044	fs-birth-or-mtime	packages/contracts/artifacts/src/test/mocks/MockNameWrapper.sol/MockNameWrapper.dbg.json
2025-11-11T15:50:24.830549	fs-birth-or-mtime	packages/contracts/artifacts/src/test/mocks/MockNameWrapper.sol/MockNameWrapper.json
2025-11-11T15:50:24.836106	fs-birth-or-mtime	packages/contracts/artifacts/src/test/mocks/MockENSRegistry.sol/MockENSRegistry.json
2025-11-11T15:50:24.838474	fs-birth-or-mtime	packages/contracts/artifacts/src/test/mocks/MockENSRegistry.sol/MockENSRegistry.dbg.json
2025-11-11T15:50:24.841566	fs-birth-or-mtime	packages/contracts/artifacts/src/test/TestableGranularResolver.sol/TestableGranularResolver.dbg.json
2025-11-11T15:50:24.842521	fs-birth-or-mtime	packages/contracts/artifacts/src/test/TestableGranularResolver.sol/TestableGranularResolver.json
2025-11-11T15:50:24.849932	fs-birth-or-mtime	packages/contracts/artifacts/src/ENSNamingDelegateFactory.sol/ENSNamingDelegateFactory.json
2025-11-11T15:50:24.850775	fs-birth-or-mtime	packages/contracts/artifacts/src/ENSNamingDelegateFactory.sol/ENSNamingDelegateFactory.dbg.json
2025-11-11T15:50:24.852341	fs-birth-or-mtime	packages/contracts/artifacts/src/GranularResolver.sol/GranularResolver.json
2025-11-11T15:50:24.854114	fs-birth-or-mtime	packages/contracts/artifacts/src/GranularResolver.sol/GranularResolver.dbg.json
2025-11-11T15:50:24.862061	fs-birth-or-mtime	packages/contracts/artifacts/src/ENSNamingDelegate.sol/ENSNamingDelegate.dbg.json
2025-11-11T15:50:24.862820	fs-birth-or-mtime	packages/contracts/artifacts/src/ENSNamingDelegate.sol/ENSNamingDelegate.json
2025-11-11T15:50:24.863836	fs-birth-or-mtime	packages/contracts/artifacts/src/ENSNamingDelegateGranular.sol/ENSNamingDelegateGranular.json
2025-11-11T15:50:24.864635	fs-birth-or-mtime	packages/contracts/artifacts/src/ENSNamingDelegateGranular.sol/ENSNamingDelegateGranular.dbg.json
2025-11-11T15:50:24.865580	fs-birth-or-mtime	packages/contracts/artifacts/src/interfaces/INameWrapper.sol/INameWrapper.json
2025-11-11T15:50:24.866745	fs-birth-or-mtime	packages/contracts/artifacts/src/interfaces/INameWrapper.sol/INameWrapper.dbg.json
2025-11-11T15:50:24.869153	fs-birth-or-mtime	packages/contracts/artifacts/src/interfaces/IGranularAssignmentController.sol/IGranularAssignmentController.dbg.json
2025-11-11T15:50:24.869631	fs-birth-or-mtime	packages/contracts/artifacts/src/interfaces/IGranularAssignmentController.sol/IGranularAssignmentController.json
2025-11-11T15:50:24.870217	fs-birth-or-mtime	packages/contracts/artifacts/src/interfaces/IENSResolver.sol/IENSResolver.json
2025-11-11T15:50:24.871649	fs-birth-or-mtime	packages/contracts/artifacts/src/interfaces/IENSResolver.sol/IENSResolver.dbg.json
2025-11-11T15:50:24.873392	fs-birth-or-mtime	packages/contracts/artifacts/src/interfaces/IENSRegistry.sol/IENSRegistry.json
2025-11-11T15:50:24.874011	fs-birth-or-mtime	packages/contracts/artifacts/src/interfaces/IENSRegistry.sol/IENSRegistry.dbg.json
2025-11-11T15:50:24.874903	fs-birth-or-mtime	packages/contracts/cache/solidity-files-cache.json
2025-11-11T15:50:24.876368	fs-birth-or-mtime	packages/contracts/cache/hardhat-network-fork/recommendations-already-shown.json
2025-11-11T15:50:24.928221	fs-birth-or-mtime	packages/contracts/cache/hardhat-network-fork/rpc_cache/eth.llamarpc.com/1/3b84ff0da623d22655da3c8ac97ca23ad08229ae2dc187474b6929ae35946798.json
2025-11-11T15:50:24.928848	fs-birth-or-mtime	packages/contracts/cache/hardhat-network-fork/rpc_cache/eth.llamarpc.com/1/556d9a7d8a33720d2b812dc6cfca546b7a282371bb5a050a0b423985120c2283.json
2025-11-11T15:50:24.929630	fs-birth-or-mtime	packages/contracts/cache/hardhat-network-fork/rpc_cache/eth.llamarpc.com/1/b723f8f7386d4c7ef7b1805e28bf228eca40de2ff3b550bacb2d7c1fff6274b8.json
2025-11-11T15:50:24.930493	fs-birth-or-mtime	packages/contracts/cache/hardhat-network-fork/rpc_cache/eth.llamarpc.com/1/05dcdda720fe1a6c3c2038b4af64bae2eb7e6e12f6ae3f44861772ac02ee0426.json
2025-11-11T15:50:24.931142	fs-birth-or-mtime	packages/contracts/cache/hardhat-network-fork/rpc_cache/eth.llamarpc.com/1/d3e41fdd2cf6da16afbe645a2bf804a9daeec9aeda0d708856d7919d3e07927d.json
2025-11-11T15:50:24.931759	fs-birth-or-mtime	packages/contracts/cache/hardhat-network-fork/rpc_cache/eth.llamarpc.com/1/568a5c2973675a1300e956d9ee6bc499d763e780eedf5a220d29cfcda25ff09d.json
2025-11-11T15:50:24.932293	fs-birth-or-mtime	packages/contracts/cache/hardhat-network-fork/rpc_cache/eth.llamarpc.com/1/23fc776019ab99beffc3f1f629c6e96962eb67da6c7b71797cec8550ebfd32ab.json
2025-11-11T15:50:24.933052	fs-birth-or-mtime	packages/contracts/cache/hardhat-network-fork/rpc_cache/eth.llamarpc.com/1/21ddd59428617424d9a1e7d9b684486bdcffa9a51e218d31c16cc672c208933f.json
2025-11-11T15:50:24.933794	fs-birth-or-mtime	packages/contracts/cache/hardhat-network-fork/rpc_cache/eth.llamarpc.com/1/a39205a71dca948cb261e1b10bd0793c72c696f6c7483025e94f31af7a248cad.json
2025-11-11T15:50:24.934445	fs-birth-or-mtime	packages/contracts/cache/hardhat-network-fork/rpc_cache/eth.llamarpc.com/1/68b1683bf1af3707cd013692953d20febfe62a6f6c82bdddb40d7219d9e264da.json
2025-11-11T15:50:24.935105	fs-birth-or-mtime	packages/contracts/cache/hardhat-network-fork/rpc_cache/eth.llamarpc.com/1/2629ee57863de65bdb2b5d6a0b5524adf082a09bdcefe54fc09897233a26e41d.json
2025-11-11T15:50:24.936517	fs-birth-or-mtime	packages/contracts/cache/hardhat-network-fork/rpc_cache/eth.llamarpc.com/1/9b30868a63aa398bf4af22374fa67e6b08a281dee3717fbd376f7d0c2dfc514d.json
2025-11-11T15:50:24.939679	fs-birth-or-mtime	packages/contracts/cache/hardhat-network-fork/rpc_cache/eth.llamarpc.com/1/b2c294037e3689ea6aff572cecf6d4801620af472f2f9e86506d4bca7865d56e.json
2025-11-11T15:50:24.940243	fs-birth-or-mtime	packages/contracts/cache/hardhat-network-fork/rpc_cache/eth.llamarpc.com/1/5053b741dd6148fa26b09355924b99943e8bf107bc11dc9fbbc6f2cb4833485f.json
2025-11-11T15:50:24.940931	fs-birth-or-mtime	packages/contracts/cache/hardhat-network-fork/rpc_cache/eth.llamarpc.com/1/5026d5c0920c26707a61f159801ff68b842c4a5054fc6e2a9e8799ac4503589b.json
2025-11-11T15:50:24.942885	fs-birth-or-mtime	packages/contracts/cache/hardhat-network-fork/rpc_cache/eth.llamarpc.com/1/c1e7f4bffe3bcb5def4ff7ef9d08d5838dec01770fea14840fa56de896adeccf.json
2025-11-11T15:50:24.943867	fs-birth-or-mtime	packages/contracts/cache/hardhat-network-fork/rpc_cache/eth.llamarpc.com/1/0d9c8f4547aab303676a6c13a73219ed6fd7ad50d8a0d13dcb2dae0b69138d41.json
2025-11-11T15:50:24.945272	fs-birth-or-mtime	packages/contracts/cache/hardhat-network-fork/rpc_cache/eth.llamarpc.com/1/823c44ab933b3dce9122977961f25dd1a3cb85613d82cc48cf0f5009558c58ff.json
2025-11-11T15:50:24.945792	fs-birth-or-mtime	packages/contracts/cache/hardhat-network-fork/rpc_cache/eth.llamarpc.com/1/c139eb7fd57affe67b65b99335bf65eba0a7fbe678cdcd33b7943a6e87c53d75.json
2025-11-11T15:50:24.946360	fs-birth-or-mtime	packages/contracts/cache/hardhat-network-fork/rpc_cache/eth.llamarpc.com/1/c60c3dc8693978aeb0810d62766914be2af18d26fcd9aa468d22cb85907217ef.json
2025-11-11T15:50:24.947067	fs-birth-or-mtime	packages/contracts/cache/hardhat-network-fork/rpc_cache/eth.llamarpc.com/1/1a6e02250a3375a871df74030387d40a6c590a2e3b1f0eea85f2dfd83270b8b1.json
2025-11-11T15:50:24.947792	fs-birth-or-mtime	packages/contracts/cache/hardhat-network-fork/rpc_cache/eth.llamarpc.com/1/749cf42f126968aac2013b6ba6f93ea4773675c3dc0e5731497ad100a3d7b26e.json
2025-11-11T15:50:24.948462	fs-birth-or-mtime	packages/contracts/cache/hardhat-network-fork/rpc_cache/eth.llamarpc.com/1/d8e8c8883e9b0e9aade74d3e7288182830e42badd20d83e1b3f428bfc9c53fbd.json
2025-11-11T15:50:24.949533	fs-birth-or-mtime	packages/contracts/cache/hardhat-network-fork/rpc_cache/eth.llamarpc.com/1/9b45b3e8ca4ad65708c5ba8c53864ab482e9e290aa2febc0cf9b1e60a03a2bab.json
2025-11-11T15:50:24.950249	fs-birth-or-mtime	packages/contracts/cache/hardhat-network-fork/rpc_cache/eth.llamarpc.com/1/c72be4d7eea0fa111be23cb7b23fd0c4accc2fbf327605783cac8014f5d2d06d.json
2025-11-11T15:50:24.950927	fs-birth-or-mtime	packages/contracts/cache/hardhat-network-fork/rpc_cache/eth.llamarpc.com/1/dd71e832e2d51ac90cc2d5f032ef1994cac2977ce445163c95c115f663390200.json
2025-11-11T15:50:24.952049	fs-birth-or-mtime	packages/contracts/cache/hardhat-network-fork/rpc_cache/eth.llamarpc.com/1/8867c4f92b594e6a261d82fad6a446c3e4fe762d4b7bbe85e115d400e16c9cfd.json
2025-11-11T15:50:24.953136	fs-birth-or-mtime	packages/contracts/cache/hardhat-network-fork/rpc_cache/eth.llamarpc.com/1/9550fa167c36d2f0ade9c7cdc24537570da9a7a43e3555367c158bb9e730f2ff.json
2025-11-11T15:50:24.953971	fs-birth-or-mtime	packages/contracts/cache/hardhat-network-fork/rpc_cache/eth.llamarpc.com/1/1109b4a45c5deb79f0e324ad92c85446bdddd7bfb0e7f00434b44779a6468085.json
2025-11-11T15:50:24.954825	fs-birth-or-mtime	packages/contracts/cache/hardhat-network-fork/rpc_cache/eth.llamarpc.com/1/49c3f8b9c6d0761688fcb258f5c1f262420f2e28918e5be92fb1b67d76c02037.json
2025-11-11T15:50:24.955721	fs-birth-or-mtime	packages/contracts/cache/hardhat-network-fork/rpc_cache/eth.llamarpc.com/1/46b00cebd0f3422dac85ec055510a44729778e9f0dc98a73aa4892bdf2a18363.json
2025-11-11T15:50:24.956399	fs-birth-or-mtime	packages/contracts/cache/hardhat-network-fork/rpc_cache/eth.llamarpc.com/1/f011a17ed835bed5b9d3335104edb417b6ae96880ea1f2e57286f977c70cf265.json
2025-11-11T15:50:24.957115	fs-birth-or-mtime	packages/contracts/cache/hardhat-network-fork/rpc_cache/eth.llamarpc.com/1/fd73c052149886e959da0c3fc3d29eeaa9bff11f96b419fd36e96fcd0605d934.json
2025-11-11T15:50:24.957767	fs-birth-or-mtime	packages/contracts/cache/hardhat-network-fork/rpc_cache/eth.llamarpc.com/1/daef64c5467c372df648555af2fada3f9b4bbfb6f55808e4e09df535cb718619.json
2025-11-11T15:50:24.958727	fs-birth-or-mtime	packages/contracts/cache/hardhat-network-fork/rpc_cache/eth.llamarpc.com/1/8df5ce682808588c3f5411da5d01903064b6b1c854c4014fe5b61385a0dd3225.json
2025-11-11T15:50:24.959438	fs-birth-or-mtime	packages/contracts/cache/hardhat-network-fork/rpc_cache/eth.llamarpc.com/1/da7c240a4245a460de2f84784931e1491494227860bdc5019405db1c202f31a9.json
2025-11-11T15:50:24.960343	fs-birth-or-mtime	packages/contracts/cache/hardhat-network-fork/rpc_cache/eth.llamarpc.com/1/0c82679b821bd789039b9046418d4bd477887700872f1c4da3a178a15737d7c3.json
2025-11-11T15:50:24.960890	fs-birth-or-mtime	packages/contracts/cache/hardhat-network-fork/rpc_cache/eth.llamarpc.com/1/242eaaff69dcad57b3b731f75e3d1e3302f7a40374f8e5d40a4acdfb8833df7e.json
2025-11-11T15:50:24.961428	fs-birth-or-mtime	packages/contracts/cache/hardhat-network-fork/rpc_cache/eth.llamarpc.com/1/663596a4d439c42de6398d7b17a686f1075c545f0bd7057281d713f9d6775d73.json
2025-11-11T15:50:24.961949	fs-birth-or-mtime	packages/contracts/cache/hardhat-network-fork/rpc_cache/eth.llamarpc.com/1/7b96b01e62d55cef84a1144f357447ca7c9456d78a18ce58f7d0b6d32da77683.json
2025-11-11T15:50:24.962460	fs-birth-or-mtime	packages/contracts/cache/hardhat-network-fork/rpc_cache/eth.llamarpc.com/1/4d7daed484cb2bdb5b0f5fbaa93dbd0b26952b07d5d9fbe6be51d99f55436ffa.json
2025-11-11T15:50:24.963142	fs-birth-or-mtime	packages/contracts/cache/hardhat-network-fork/rpc_cache/eth.llamarpc.com/1/5728bbefcdca1b9707da8f76c3689a957abbedfc26d3ec7301975408c7711242.json
2025-11-11T15:50:24.963847	fs-birth-or-mtime	packages/contracts/cache/hardhat-network-fork/rpc_cache/eth.llamarpc.com/1/e4b08d89a470ac7ac810ab8a59e47b31f824ecc15bc9d5d6a1a2e91ded3df1df.json
2025-11-11T15:50:24.964443	fs-birth-or-mtime	packages/contracts/cache/hardhat-network-fork/rpc_cache/eth.llamarpc.com/1/d1855357436c6943d35abe105406a0b88df52db0f5d26522a236b61b9aef4e6c.json
2025-11-11T15:50:24.966046	fs-birth-or-mtime	packages/contracts/cache/hardhat-network-fork/rpc_cache/eth.llamarpc.com/1/aebe5266b85e3aebf0cd5c2c776ef94fd3d732a1e6e76dae26d8f2d4cba2325f.json
2025-11-11T15:50:24.966948	fs-birth-or-mtime	packages/contracts/cache/hardhat-network-fork/rpc_cache/eth.llamarpc.com/1/f61d6b97b8321acbd24cccc4df69adffee07bf1e2b28192a73854ebe11849f3e.json
2025-11-11T15:50:24.967589	fs-birth-or-mtime	packages/contracts/cache/hardhat-network-fork/rpc_cache/eth.llamarpc.com/1/82ba38e2c2698602bda563ec70ec391f94a25b8823774f5ad873373b142b4e4d.json
2025-11-11T15:50:24.968712	fs-birth-or-mtime	packages/contracts/cache/hardhat-network-fork/rpc_cache/eth.llamarpc.com/1/8934e8d365189f4dd41818084eac586d03d7ce01a9a7268b7b8d14caad7b449c.json
2025-11-11T15:50:24.969545	fs-birth-or-mtime	packages/contracts/cache/hardhat-network-fork/rpc_cache/eth.llamarpc.com/1/05e8f391000d346612cfb534edb23ab260650a0d8428643be821281029055e87.json
2025-11-11T15:50:24.970146	fs-birth-or-mtime	packages/contracts/cache/hardhat-network-fork/rpc_cache/eth.llamarpc.com/1/d79b7e85af7ee16d79ca373891a15917d038f5021dd5e10a8ba1a5dea99f36b0.json
2025-11-11T15:50:24.970722	fs-birth-or-mtime	packages/contracts/cache/hardhat-network-fork/rpc_cache/eth.llamarpc.com/1/c074e878d726a466a8e8a50aa18445216fd0b479466bcfd5da579a505c444727.json
2025-11-11T15:50:24.971396	fs-birth-or-mtime	packages/contracts/cache/hardhat-network-fork/rpc_cache/eth.llamarpc.com/1/288176ce05063a21c03998925d90f9c7f7a0d4f2003c16238ce0c3bea65aeccf.json
2025-11-11T15:50:24.972088	fs-birth-or-mtime	packages/contracts/cache/hardhat-network-fork/rpc_cache/eth.llamarpc.com/1/149668b076077eca32ba477748af8c8d0db1af00e28878695b5622b05c9810d3.json
2025-11-11T15:50:24.972595	fs-birth-or-mtime	packages/contracts/cache/hardhat-network-fork/rpc_cache/eth.llamarpc.com/1/2ae205af3a01a73eb7063731065e7711974e765f59f972fc07ec7ed2ff167cc8.json
2025-11-11T15:50:24.973168	fs-birth-or-mtime	packages/contracts/cache/hardhat-network-fork/rpc_cache/eth.llamarpc.com/1/aa876219b6266f28cc160ced4ccb31a6736504d62fb7fe191b4a0f3c438dbc51.json
2025-11-11T15:50:24.973843	fs-birth-or-mtime	packages/contracts/cache/hardhat-network-fork/rpc_cache/eth.llamarpc.com/1/f70bd4ab60e3187c06ad18e107580332513ac5ed8ac44e8b2b62c14a09e25c17.json
2025-11-11T15:50:24.974748	fs-birth-or-mtime	packages/contracts/cache/hardhat-network-fork/rpc_cache/eth.llamarpc.com/1/0f126168ce30404666cd6b990928f6926b98e8f488cdf3babf2acdef1c83cee8.json
2025-11-11T15:50:24.975663	fs-birth-or-mtime	packages/contracts/cache/hardhat-network-fork/rpc_cache/eth.llamarpc.com/1/d47e7fcd64668f51a0b33d2cb27d47e0c70de47404a231f8cf5bece0861bd8a2.json
2025-11-11T15:50:24.976377	fs-birth-or-mtime	packages/contracts/cache/hardhat-network-fork/rpc_cache/eth.llamarpc.com/1/35c9a0436b7923bbee65c0cb54bbc3c16c062e6e7d2bfbbfb23ab689dffb4268.json
2025-11-11T15:50:24.977652	fs-birth-or-mtime	packages/contracts/cache/hardhat-network-fork/rpc_cache/eth.llamarpc.com/1/3f995281d0b3194520cd8ecbfe1ef8daff73202b78413b92a333b0fc162a27cb.json
2025-11-11T15:50:24.979426	fs-birth-or-mtime	packages/contracts/cache/hardhat-network-fork/rpc_cache/eth.llamarpc.com/1/ef57e4934caf12722362ca70e79d67d7ce42e36b600a3c05ff71cc3964b37af1.json
2025-11-11T15:50:24.980185	fs-birth-or-mtime	packages/contracts/cache/hardhat-network-fork/rpc_cache/eth.llamarpc.com/1/3e038b9cace98283433447047e5b7d020186d457b9ceab6633e0b4d6922431ea.json
2025-11-11T15:50:24.980889	fs-birth-or-mtime	packages/contracts/cache/hardhat-network-fork/rpc_cache/eth.llamarpc.com/1/84a993cad948994c003c260557fa1e1a01bc3b412aef69b2e8721be6d1e671c8.json
2025-11-11T15:50:24.981649	fs-birth-or-mtime	packages/contracts/cache/hardhat-network-fork/rpc_cache/eth.llamarpc.com/1/eebe4b94debc23300961e273963809a242b4f43ca3a4a0168f1864d892a86468.json
2025-11-11T15:50:24.982504	fs-birth-or-mtime	packages/contracts/cache/hardhat-network-fork/rpc_cache/eth.llamarpc.com/1/62f04d7c22355edb9aa1bedf2bf4a229467c81746bd5f80be5bcd85bc146d1d9.json
2025-11-11T15:50:24.983306	fs-birth-or-mtime	packages/contracts/cache/hardhat-network-fork/rpc_cache/eth.llamarpc.com/1/524b517fbd90a21791bb779b4220677ad481374d53ea65766f5a7deaf4182d24.json
2025-11-11T15:50:24.984031	fs-birth-or-mtime	packages/contracts/cache/hardhat-network-fork/rpc_cache/eth.llamarpc.com/1/d730227ec6d7473e4b99ae8a4d929da77d67921ade60b501374d83e6bdd46677.json
2025-11-11T15:50:24.984726	fs-birth-or-mtime	packages/contracts/cache/hardhat-network-fork/rpc_cache/eth.llamarpc.com/1/b2951765041d9ef5c9173f80336c958e92db5693b5995837cbf4e9ea6842fa25.json
2025-11-11T15:50:24.985429	fs-birth-or-mtime	packages/contracts/cache/hardhat-network-fork/rpc_cache/eth.llamarpc.com/1/32ad21b0af5b624a139afd3bd31d324259d250c54f6daf67cbab2b6695af2054.json
2025-11-11T15:50:24.986083	fs-birth-or-mtime	packages/contracts/cache/hardhat-network-fork/rpc_cache/eth.llamarpc.com/1/fa6801cfffb3ca86dd31f7e14ef304b447708d467637b3de35db137208503662.json
2025-11-11T15:50:24.986708	fs-birth-or-mtime	packages/contracts/cache/hardhat-network-fork/rpc_cache/eth.llamarpc.com/1/7ed6db448b57ad2e9c7cbf007d39a56dda3924ed7c036db586efeaaae3be2fa2.json
2025-11-11T15:50:24.987295	fs-birth-or-mtime	packages/contracts/cache/hardhat-network-fork/rpc_cache/eth.llamarpc.com/1/8d7e8158ad7166134bbc295d4f7590d7b9e72d478346cae3fbb752fb8c378078.json
2025-11-11T15:50:24.987982	fs-birth-or-mtime	packages/contracts/cache/hardhat-network-fork/rpc_cache/eth.llamarpc.com/1/4ab0b9e18987432cddd572a00f741ed35e59a5b3b706a162976970f8510bbf8c.json
2025-11-11T15:50:24.988865	fs-birth-or-mtime	packages/contracts/cache/hardhat-network-fork/rpc_cache/eth.llamarpc.com/1/349f44b01df746f4e871f8de54d42ac12fb6fd6ba3f06a7356fbb8c58f258827.json
2025-11-11T15:50:24.989534	fs-birth-or-mtime	packages/contracts/cache/hardhat-network-fork/rpc_cache/eth.llamarpc.com/1/d7043321e66eab1fd2ea9b21b8868df2942ffc49bed3ccfeee5d46083b931ec6.json
2025-11-11T15:50:24.990084	fs-birth-or-mtime	packages/contracts/cache/hardhat-network-fork/rpc_cache/eth.llamarpc.com/1/81e256d5d313d52ac0a02646abfe2939a43e2ac9d7fb0824d736bc8204f78760.json
2025-11-11T15:50:24.990630	fs-birth-or-mtime	packages/contracts/cache/hardhat-network-fork/rpc_cache/eth.llamarpc.com/1/bcb66361962daa4caad9ce7ec749a55bd1d5e234c57a5cfc089a65d07f5a1550.json
2025-11-11T15:50:24.991130	fs-birth-or-mtime	packages/contracts/cache/hardhat-network-fork/rpc_cache/eth.llamarpc.com/1/8be22c85f8b474656894a2ab19b0f655b9ab7dd9122417df965936d14354e4ae.json
2025-11-11T15:50:24.992528	fs-birth-or-mtime	packages/contracts/cache/hardhat-network-fork/rpc_cache/eth.llamarpc.com/1/4a31957eccff2e735b1c9c263308d823b2376e59f0794c531d9aeab2fcd2f7bd.json
2025-11-11T15:50:24.993115	fs-birth-or-mtime	packages/contracts/cache/hardhat-network-fork/rpc_cache/eth.llamarpc.com/1/cb139cffbc1c25358bf2450e949ec4eaf67ce2b3a4c8d8eb9292f596d1df44b1.json
2025-11-11T15:50:24.994034	fs-birth-or-mtime	packages/contracts/cache/hardhat-network-fork/rpc_cache/eth.llamarpc.com/1/9403b0e763788c52bdd47fdf7a67e6ce073062d5981699bff76ccf74ae58fafe.json
2025-11-11T15:50:24.994785	fs-birth-or-mtime	packages/contracts/cache/hardhat-network-fork/rpc_cache/eth.llamarpc.com/1/f0b5bc867d0aef4bda5c5fdaa51fcce2d217b325963f9516f84d536873929f5e.json
2025-11-11T15:50:24.995452	fs-birth-or-mtime	packages/contracts/cache/hardhat-network-fork/rpc_cache/eth.llamarpc.com/1/ee4791764186a8ab11dad0f6bf3b3d46cf6d617a3c09d06e586436e30bc97721.json
2025-11-11T15:50:24.996214	fs-birth-or-mtime	packages/contracts/cache/hardhat-network-fork/rpc_cache/eth.llamarpc.com/1/2002f20b9dba372a1d1dc2f72249e3c101757a47a89bab45ca9cf4f4cb9fd671.json
2025-11-11T15:50:24.997031	fs-birth-or-mtime	packages/contracts/cache/hardhat-network-fork/rpc_cache/eth.llamarpc.com/1/7745343a7837900f8360f815e3be00bb5bb615ed560a5c0861318dc3617d25e3.json
2025-11-11T15:50:24.997744	fs-birth-or-mtime	packages/contracts/cache/hardhat-network-fork/rpc_cache/eth.llamarpc.com/1/2cb5c8cc50fcd1f46e36c93f4ae847fcabe62405eb6ffcb1b8f4e6d781e16268.json
2025-11-11T15:50:24.998377	fs-birth-or-mtime	packages/contracts/cache/hardhat-network-fork/rpc_cache/eth.llamarpc.com/1/ce7a3adc9879d5c5a907a696bcd0e88d2c8d4afcd8870d05441f081888dc9e3f.json
2025-11-11T15:50:24.999155	fs-birth-or-mtime	packages/contracts/cache/hardhat-network-fork/rpc_cache/eth.llamarpc.com/1/b9f0f8ec2279d4c7fdd867ee41c258a237bef21cc8e7a7e918c8e614b9b259fc.json
2025-11-11T15:50:24.999850	fs-birth-or-mtime	packages/contracts/cache/hardhat-network-fork/rpc_cache/eth.llamarpc.com/1/af0e93044c9309ab22ca1715830ad0d3214a7e3c2430316e2d8deafd137dfc57.json
2025-11-11T15:50:25.000419	fs-birth-or-mtime	packages/contracts/cache/hardhat-network-fork/rpc_cache/eth.llamarpc.com/1/80b61a58dd14f48c6166f2c95407a9130867eb173e33a0863f8683bcc20270b2.json
2025-11-11T15:50:25.001058	fs-birth-or-mtime	packages/contracts/cache/hardhat-network-fork/rpc_cache/eth.llamarpc.com/1/781b73c8d2add0f8e3751e7670bbc25e8dc683e53d7f04cf9d024b5ee7e4d7b5.json
2025-11-11T15:50:25.001838	fs-birth-or-mtime	packages/contracts/cache/hardhat-network-fork/rpc_cache/eth.llamarpc.com/1/08e3c14ef6a911c266d6c2319d3189240ce2b13122742950d46924237af97cbd.json
2025-11-11T15:50:25.002365	fs-birth-or-mtime	packages/contracts/cache/hardhat-network-fork/rpc_cache/eth.llamarpc.com/1/fe927d598b98b5af49050193390b8ff8d1f5109f4e7b6594cd99260f8e283a3a.json
2025-11-11T15:50:25.002982	fs-birth-or-mtime	packages/contracts/cache/hardhat-network-fork/rpc_cache/eth.llamarpc.com/1/465181257ee47cfb5306e07269556f15cb7377b57facb4dca4ccb93f84340a1a.json
2025-11-11T15:50:25.003533	fs-birth-or-mtime	packages/contracts/cache/hardhat-network-fork/rpc_cache/eth.llamarpc.com/1/413accb8bc51fe9ba2f738edbe351ba0eaa388e768a646223b6f29cb6f87f414.json
2025-11-11T15:50:25.004199	fs-birth-or-mtime	packages/contracts/cache/hardhat-network-fork/rpc_cache/eth.llamarpc.com/1/002940c88b702590f3893c54ed27aaa0a13c3424677525a0581597d683805e6c.json
2025-11-11T15:50:25.005948	fs-birth-or-mtime	packages/contracts/cache/hardhat-network-fork/rpc_cache/eth.llamarpc.com/1/98e10fec99eb2896353a04c2f2db25e3ef061317054590ad5afca4f58fac8a09.json
2025-11-11T15:50:25.006746	fs-birth-or-mtime	packages/contracts/cache/hardhat-network-fork/rpc_cache/eth.llamarpc.com/1/f157c162cac158660ab9530e9a2be59d169c2e63356c0ef355e28a8bc5a67e6e.json
2025-11-11T15:50:25.007729	fs-birth-or-mtime	packages/contracts/cache/hardhat-network-fork/rpc_cache/eth.llamarpc.com/1/8f1fc7a7b91a143b416c669e5b6fae89768555c14de8d6fb526651f196fcc3ff.json
2025-11-11T15:50:25.009898	fs-birth-or-mtime	packages/contracts/cache/hardhat-network-fork/rpc_cache/eth.llamarpc.com/1/9eb6d4a9ffe1c58f1f33087b645c1c8f2cc33fe9795425e9b7c1a51fae04d5cd.json
2025-11-11T15:50:25.010819	fs-birth-or-mtime	packages/contracts/cache/hardhat-network-fork/rpc_cache/eth.llamarpc.com/1/09b7434244e604d8e8ed6f101b5260f97e3d898ba72874ed182fcd79342b09b8.json
2025-11-11T15:50:25.011461	fs-birth-or-mtime	packages/contracts/cache/hardhat-network-fork/rpc_cache/eth.llamarpc.com/1/b8fad4e8b12eea631865ecce6f56b6022c161f3b661fd636ad25961f200f72fc.json
2025-11-11T15:50:25.012229	fs-birth-or-mtime	packages/contracts/cache/hardhat-network-fork/rpc_cache/eth.llamarpc.com/1/23c7c9af23148769b7d131c1168666e56f395d448f35d679e39e13ebf4713cdd.json
2025-11-11T15:50:25.012986	fs-birth-or-mtime	packages/contracts/cache/hardhat-network-fork/rpc_cache/eth.llamarpc.com/1/87674c1c96d6648ed4672ed188e06543c1265077a0a039999ff5c2cec41ec824.json
2025-11-11T15:50:25.013608	fs-birth-or-mtime	packages/contracts/cache/hardhat-network-fork/rpc_cache/eth.llamarpc.com/1/96d22cdefac858e2862439e69f33b304dcb43ef4fc504fb5fd93f51d0038f129.json
2025-11-11T15:50:25.014307	fs-birth-or-mtime	packages/contracts/cache/hardhat-network-fork/rpc_cache/eth.llamarpc.com/1/765d6dfdb236da6dc905c2200eecfa4fe9975105eba6005f2c3fa68f4e1cc0b2.json
2025-11-11T15:50:25.015027	fs-birth-or-mtime	packages/contracts/cache/hardhat-network-fork/rpc_cache/eth.llamarpc.com/1/6fa7caafbb2370dea747415ef8405426891cbf1dbe05847a04a0ec79c3524bfb.json
2025-11-11T15:50:25.015796	fs-birth-or-mtime	packages/contracts/cache/hardhat-network-fork/rpc_cache/eth.llamarpc.com/1/e2cb83174736a09bc90f054486d1c3ce4a0c10adc9e842b9719803885a737bfc.json
2025-11-11T15:50:25.016294	fs-birth-or-mtime	packages/contracts/cache/hardhat-network-fork/rpc_cache/eth.llamarpc.com/1/5f678d4e2e31c60e5d17df04af135973dfd5d7e7cce6fc49826eb68e1f62c0fa.json
2025-11-11T15:50:25.016916	fs-birth-or-mtime	packages/contracts/cache/hardhat-network-fork/rpc_cache/eth.llamarpc.com/1/c42aa8f9c0f473d239b207b0e9a40ee361259172a0d3cb80a18a78509cbb7b33.json
2025-11-11T15:50:25.017801	fs-birth-or-mtime	packages/contracts/cache/hardhat-network-fork/rpc_cache/eth.llamarpc.com/1/f669943ddc7d77b2dd5800e6ab55626b761e1eeb7bf10a85d8dc550fe904e767.json
2025-11-11T15:50:25.019142	fs-birth-or-mtime	packages/contracts/cache/hardhat-network-fork/rpc_cache/eth.llamarpc.com/1/9a845d42a70f2f1ef6df5c1fdae1c50c9d6ff7de1b1d505547868aaab0c8a50a.json
2025-11-11T15:50:25.019876	fs-birth-or-mtime	packages/contracts/cache/hardhat-network-fork/rpc_cache/eth.llamarpc.com/1/45321a5b500ea5fb32abb684458b854978d92516a3f772b2fa0cf9703349a0c1.json
2025-11-11T15:50:25.020553	fs-birth-or-mtime	packages/contracts/cache/hardhat-network-fork/rpc_cache/eth.llamarpc.com/1/3bec2153e60f84a12680d1afbad6074f1e87395d35242e0b33565667376ba597.json
2025-11-11T15:50:25.021364	fs-birth-or-mtime	packages/contracts/cache/hardhat-network-fork/rpc_cache/eth.llamarpc.com/1/734b52c847668acafe8cc2d515d4c737633549328392cf00038d3f53c853fd97.json
2025-11-11T15:50:25.022115	fs-birth-or-mtime	packages/contracts/cache/hardhat-network-fork/rpc_cache/eth.llamarpc.com/1/1b651a85532e3f12a6ca58f3ebfd7447c23df337817cde76c7faba414d9b3c46.json
2025-11-11T15:50:25.022811	fs-birth-or-mtime	packages/contracts/cache/hardhat-network-fork/rpc_cache/eth.llamarpc.com/1/149a0716eccf574667d05b3ebb04a4cc1d5c614ea73f9bee5aeb50aa51e320f9.json
2025-11-11T15:50:25.024684	fs-birth-or-mtime	packages/contracts/cache/hardhat-network-fork/rpc_cache/eth.llamarpc.com/1/47e5fec892fd9cf23dd7584d15230be4aaa37801b933b76a63066487924b8075.json
2025-11-11T15:50:25.025746	fs-birth-or-mtime	packages/contracts/cache/hardhat-network-fork/rpc_cache/eth.llamarpc.com/1/0838a9ddd4cdc21cc97711b49c43b97329647ce887a64bf9b841bc353c9b5ca5.json
2025-11-11T15:50:25.026419	fs-birth-or-mtime	packages/contracts/cache/hardhat-network-fork/rpc_cache/eth.llamarpc.com/1/0f1b1db823c2622aa07edd7dce60bcc5ad9f53ac46f4b28cd6f6891a287f4955.json
2025-11-11T15:50:25.027609	fs-birth-or-mtime	packages/contracts/cache/hardhat-network-fork/rpc_cache/eth.llamarpc.com/1/31e2cf8b9e8cf0fc028256fb8f6799fea4a9ffb2addd92e0c47bd8c9d3bbfeba.json
2025-11-11T15:50:25.031031	fs-birth-or-mtime	packages/contracts/cache/hardhat-network-fork/rpc_cache/eth.llamarpc.com/1/6f594001ec293a11f0c04f4d5652d3fa33301a67780b49281efeafebf99a0609.json
2025-11-11T15:50:25.035391	fs-birth-or-mtime	packages/contracts/cache/hardhat-network-fork/rpc_cache/eth.llamarpc.com/1/9109adebfaa91e36df7bd9a242b8e601e537aae294428335bdf816d0388fa6ec.json
2025-11-11T15:50:25.036537	fs-birth-or-mtime	packages/contracts/cache/hardhat-network-fork/rpc_cache/eth.llamarpc.com/1/26d98be61fa9ec6c0a46cb4cf7e31b9ba8e77a5225a208e8c7a2ffe15b06be1a.json
2025-11-11T15:50:25.037636	fs-birth-or-mtime	packages/contracts/cache/hardhat-network-fork/rpc_cache/eth.llamarpc.com/1/654c144c9bd315ffbc8b80e908de5217939f664d1a8f7db390a40f006e22a129.json
2025-11-11T15:50:25.039121	fs-birth-or-mtime	packages/contracts/cache/hardhat-network-fork/rpc_cache/eth.llamarpc.com/1/bb788173e9c840e9a8467031c949a0bc7559691131b52ef726e753df3f02d954.json
2025-11-11T15:50:25.040026	fs-birth-or-mtime	packages/contracts/cache/hardhat-network-fork/rpc_cache/eth.llamarpc.com/1/58db255c50dad2abeb4a727f51a26e123834402bf5f7dfe2c61868f869ace11c.json
2025-11-11T15:50:25.040742	fs-birth-or-mtime	packages/contracts/cache/hardhat-network-fork/rpc_cache/eth.llamarpc.com/1/a212339f44c78163b107cae2c600cd24813e7f5bde79626d9f6fbb72fe542f4c.json
2025-11-11T15:50:25.041379	fs-birth-or-mtime	packages/contracts/cache/hardhat-network-fork/rpc_cache/eth.llamarpc.com/1/470ebb10ede7255a01d828293f18252e7d5bfca74f36a000d418be7c28e94215.json
2025-11-11T15:50:25.042553	fs-birth-or-mtime	packages/contracts/cache/hardhat-network-fork/rpc_cache/eth.llamarpc.com/1/45e5f0781c981c125dfdd39ddd7b48871c843b07b97c754ebca87ca53bb6dc32.json
2025-11-11T15:50:25.043297	fs-birth-or-mtime	packages/contracts/cache/hardhat-network-fork/rpc_cache/eth.llamarpc.com/1/d6310aa3fa8498fad1b1cf2826e05156968ed83e97269dc096c98dc13f3cf156.json
2025-11-11T15:50:25.044286	fs-birth-or-mtime	packages/contracts/cache/hardhat-network-fork/rpc_cache/eth.llamarpc.com/1/ed9d2638394004e80a1a4619defd73b776b04a2d0d7b611117f98dd37b66b92b.json
2025-11-11T15:50:25.045324	fs-birth-or-mtime	packages/contracts/cache/hardhat-network-fork/rpc_cache/eth.llamarpc.com/1/93a12fd742991a5f9728d0f9291d4a6ae7ff133493447550eb377691eec96dbf.json
2025-11-11T15:50:25.046956	fs-birth-or-mtime	packages/contracts/cache/hardhat-network-fork/rpc_cache/eth.llamarpc.com/1/e7ceac856884f4244fda79e5f742307dfaad6c1f0525dd453b068aae5e2021be.json
2025-11-11T15:50:25.047599	fs-birth-or-mtime	packages/contracts/cache/hardhat-network-fork/rpc_cache/eth.llamarpc.com/1/a00935e6a8415ecc27fad7c1acdd0c77cdb24f19fb8441a05d2f9b82da23b5c7.json
2025-11-11T15:50:25.048893	fs-birth-or-mtime	packages/contracts/cache/hardhat-network-fork/rpc_cache/eth.llamarpc.com/1/8defae70cc1e20172988704036039bb101be167b5e8b9729f80fcde476910222.json
2025-11-11T15:50:25.049451	fs-birth-or-mtime	packages/contracts/cache/hardhat-network-fork/rpc_cache/eth.llamarpc.com/1/32974250a097228a90064f5544be7812b8c22d3cd1540e864dcb2741b972415e.json
2025-11-11T15:50:25.050103	fs-birth-or-mtime	packages/contracts/cache/hardhat-network-fork/rpc_cache/eth.llamarpc.com/1/5351bdbeeaf0a5549172b039b8b48cfc04b5da0532c61f572f75288c15edd6c0.json
2025-11-11T15:50:25.050794	fs-birth-or-mtime	packages/contracts/cache/hardhat-network-fork/rpc_cache/eth.llamarpc.com/1/68fdab9983941805e2719cd180dd3c67f2498fb07ef92dd69a725596bf9ac31e.json
2025-11-11T15:50:25.051417	fs-birth-or-mtime	packages/contracts/cache/hardhat-network-fork/rpc_cache/eth.llamarpc.com/1/c03cd50b8ad2b228549be46e6e7b7f64c108bbc679f4d3273147816f2a21160a.json
2025-11-11T15:50:25.052135	fs-birth-or-mtime	packages/contracts/cache/hardhat-network-fork/rpc_cache/eth.llamarpc.com/1/2f432dbb95230a922ac93f056973591e6a18e29dda279e7a6637896e584497c2.json
2025-11-11T15:50:25.052881	fs-birth-or-mtime	packages/contracts/cache/hardhat-network-fork/rpc_cache/eth.llamarpc.com/1/f8a94290dd0f19a0201a2c4541690462a9e6ccb6e33e4b973540b6f96689c0ac.json
2025-11-11T15:50:25.053466	fs-birth-or-mtime	packages/contracts/cache/hardhat-network-fork/rpc_cache/eth.llamarpc.com/1/37966ef0e9cb76a65599f646f5292ed1c1a9fe3024d0f0de72cb58f4fca55818.json
2025-11-11T15:50:25.054117	fs-birth-or-mtime	packages/contracts/cache/hardhat-network-fork/rpc_cache/eth.llamarpc.com/1/fb47b67a4f0dd913f14ffba2be949c6dc8a4231be267fae865f5b80aa86482a5.json
2025-11-11T15:50:25.054809	fs-birth-or-mtime	packages/contracts/cache/hardhat-network-fork/rpc_cache/eth.llamarpc.com/1/ed035c6e9616d91424b5a89b462d8350500e77c09041523d45c9c5f4a589cfe5.json
2025-11-11T15:50:25.056317	fs-birth-or-mtime	packages/contracts/cache/hardhat-network-fork/rpc_cache/eth.llamarpc.com/1/0621e5c60ce2d293201cdfa8310627f6f0858164039d0e4f7239e960a365e7e5.json
2025-11-11T15:50:25.057837	fs-birth-or-mtime	packages/contracts/cache/hardhat-network-fork/rpc_cache/eth.llamarpc.com/1/f47c645786eee9e607768f44181a074e8c7bf4163a6e6de230919b492f5914fd.json
2025-11-11T15:50:25.060558	fs-birth-or-mtime	packages/contracts/cache/hardhat-network-fork/rpc_cache/eth.llamarpc.com/1/4051ac1db12fa96d2eacd1f45549b1ca57ab613bf8a2eb9cc636104830c32090.json
2025-11-11T15:50:25.061251	fs-birth-or-mtime	packages/contracts/cache/hardhat-network-fork/rpc_cache/eth.llamarpc.com/1/400d13d2c5a4168497b78929171600d4c9264839de0e6b42baf534a7b4b84d83.json
2025-11-11T15:50:25.061908	fs-birth-or-mtime	packages/contracts/cache/hardhat-network-fork/rpc_cache/eth.llamarpc.com/1/311b8d3f93c623b31c4c36758e0244389cdcc600a30582ba7732b137cbf7052b.json
2025-11-11T15:50:25.062685	fs-birth-or-mtime	packages/contracts/cache/hardhat-network-fork/rpc_cache/eth.llamarpc.com/1/f26c958616b2880e90cbdf429b22a1edba8844367b9a6ab8190610be191c7dd1.json
2025-11-11T15:50:25.064746	fs-birth-or-mtime	packages/contracts/cache/hardhat-network-fork/rpc_cache/eth.llamarpc.com/1/31dea427424498484953edeec65a2e08860e3f5d7f0c4bfa6d8bd3119e700d62.json
2025-11-11T15:50:25.066098	fs-birth-or-mtime	packages/contracts/cache/hardhat-network-fork/rpc_cache/eth.llamarpc.com/1/592a2b0f4e091703bb7e0545eb96408ba3084ba8973c503f1a11d568e6be7b81.json
2025-11-11T15:50:25.066817	fs-birth-or-mtime	packages/contracts/cache/hardhat-network-fork/rpc_cache/eth.llamarpc.com/1/4cdc416e4e7bb27994a35d28cd1555cbb0a38b98e5b65f9c58f96a88239bab5e.json
2025-11-11T15:50:25.067813	fs-birth-or-mtime	packages/contracts/cache/hardhat-network-fork/rpc_cache/eth.llamarpc.com/1/669017072ad2bd2579475557280bd5ae56f427f8b6e47fcbc33168e85f2dd5a2.json
2025-11-11T15:50:25.068728	fs-birth-or-mtime	packages/contracts/cache/hardhat-network-fork/rpc_cache/eth.llamarpc.com/1/80271bd40d6b1ebd71c6bde06fc1b4f5076f243cffcbdd366f3223a55e39cc40.json
2025-11-11T15:50:25.069935	fs-birth-or-mtime	packages/contracts/cache/hardhat-network-fork/rpc_cache/eth.llamarpc.com/1/7a9937c30b9f2dad8aa0edd033d434aad42562e5e3eb7bb73d240e7001bb563a.json
2025-11-11T15:50:25.070671	fs-birth-or-mtime	packages/contracts/cache/hardhat-network-fork/rpc_cache/eth.llamarpc.com/1/95099ceb5a2083b5203b0506622cf415118a7fb19b57e300e242e250039cb9ca.json
2025-11-11T15:50:25.071316	fs-birth-or-mtime	packages/contracts/cache/hardhat-network-fork/rpc_cache/eth.llamarpc.com/1/3aa016183d18e4cb463d8323d723698e7c6d6cf720496b3de4ab2ac42bb39707.json
2025-11-11T15:50:25.072777	fs-birth-or-mtime	packages/contracts/cache/hardhat-network-fork/rpc_cache/eth.llamarpc.com/1/416c78f57386e2a63653aa176bd5117070e041daf8301e82faece1f570bf4aec.json
2025-11-11T15:50:25.074432	fs-birth-or-mtime	packages/contracts/cache/hardhat-network-fork/rpc_cache/eth.llamarpc.com/1/96d9e84f3497f0449fcab402bda1c1ca4ed3d3dd5bc47cb7cb5e991efd73f606.json
2025-11-11T15:50:25.075829	fs-birth-or-mtime	packages/contracts/cache/hardhat-network-fork/rpc_cache/eth.llamarpc.com/1/173750cd7568cc45f4c6a4a9dbd8125aad832d5ca50ed707f8357ead0042bbc3.json
2025-11-11T15:50:25.077207	fs-birth-or-mtime	packages/contracts/cache/hardhat-network-fork/rpc_cache/eth.llamarpc.com/1/6e7418c54317732e78ec29534064a351653d597221454e771495a079c4631eaf.json
2025-11-11T15:50:25.077971	fs-birth-or-mtime	packages/contracts/cache/hardhat-network-fork/rpc_cache/eth.llamarpc.com/1/b258a8c485543e9d8eb24aa4d7b7144346bd82731633065dbd59cf1e89131942.json
2025-11-11T15:50:25.078701	fs-birth-or-mtime	packages/contracts/cache/hardhat-network-fork/rpc_cache/eth.llamarpc.com/1/7efaa80a7671fab57329c30f7d8606934cf2677a583ff39d9b15c688a7eff522.json
2025-11-11T15:50:25.079906	fs-birth-or-mtime	packages/contracts/cache/hardhat-network-fork/rpc_cache/eth.llamarpc.com/1/4a519c1224e50333eec943a04718fde3d6f5d383c01e38bb65c9ee3b7da652f9.json
2025-11-11T15:50:25.081496	fs-birth-or-mtime	packages/contracts/cache/hardhat-network-fork/rpc_cache/eth.llamarpc.com/1/20a8033cbb8d58beecc32818fefcceea59acbf575a4831501c1a8c16b8196e05.json
2025-11-11T15:50:25.085593	fs-birth-or-mtime	packages/contracts/cache/hardhat-network-fork/rpc_cache/eth.llamarpc.com/1/3fb98406e905749cff4442d1f62619a707186bf864be70ae921afb9dfb07578c.json
2025-11-11T15:50:25.088007	fs-birth-or-mtime	packages/contracts/cache/hardhat-network-fork/rpc_cache/eth.llamarpc.com/1/d4ef20b0ec2435d71404bec1eb4bc3d78b52f25487a06193681a5ba0ce088bd7.json
2025-11-11T15:50:25.089771	fs-birth-or-mtime	packages/contracts/cache/hardhat-network-fork/rpc_cache/eth.llamarpc.com/1/9ee0e506a6239beaf6cbef126b707c0df190090b2a363bbf58bcbec788b775cc.json
2025-11-11T15:50:25.090722	fs-birth-or-mtime	packages/contracts/cache/hardhat-network-fork/rpc_cache/eth.llamarpc.com/1/7d11d5e258d223be1fa02535da27c4db8ebaa6efed2cffd090ff4ca68012fc9f.json
2025-11-11T15:50:25.091712	fs-birth-or-mtime	packages/contracts/cache/hardhat-network-fork/rpc_cache/eth.llamarpc.com/1/9028da2e6cbf066652a9444a9f658f5d23c955057ed8253a6dd20ab9f17d3509.json
2025-11-11T15:50:25.093014	fs-birth-or-mtime	packages/contracts/cache/hardhat-network-fork/rpc_cache/eth.llamarpc.com/1/b5360d93339c83ace2b0ec9491bbea9528ad3aec9eea0d7c7f6731745ea1a7c9.json
2025-11-11T15:50:25.094283	fs-birth-or-mtime	packages/contracts/cache/hardhat-network-fork/rpc_cache/eth.llamarpc.com/1/93e0cca98ef3640ae45d37c6953d3712b3be6248f411a3af3bf55ab6869806f1.json
2025-11-11T15:50:25.095503	fs-birth-or-mtime	packages/contracts/cache/hardhat-network-fork/rpc_cache/eth.llamarpc.com/1/94228eeef2f2ab243da35a9b5fe6ffac544d78fa43733985df07de274ce4ca0b.json
2025-11-11T15:50:25.097410	fs-birth-or-mtime	packages/contracts/cache/hardhat-network-fork/rpc_cache/eth.llamarpc.com/1/5a90f3776e2a0ff426a683deeee3aa4f7d7fce5babfd0a28981d19065f7da974.json
2025-11-11T15:50:25.099755	fs-birth-or-mtime	packages/contracts/cache/hardhat-network-fork/rpc_cache/eth.llamarpc.com/1/61b3a6d1b88de01a9ac95a46652b804235922c65d13897e6dbab16ab5c941de1.json
2025-11-11T15:50:25.101940	fs-birth-or-mtime	packages/contracts/cache/hardhat-network-fork/rpc_cache/eth.llamarpc.com/1/c0ada3e9652cf9348e3ca7809716f6ded893c13e0d63d093c158a96e0964eb33.json
2025-11-11T15:50:25.102773	fs-birth-or-mtime	packages/contracts/cache/hardhat-network-fork/rpc_cache/eth.llamarpc.com/1/c3fbf72cca153bafe07be5a11c87a69588af35b9ce59df1947cdf298606d89f5.json
2025-11-11T15:50:25.103430	fs-birth-or-mtime	packages/contracts/cache/hardhat-network-fork/rpc_cache/eth.llamarpc.com/1/1fa8d1591e8646e9349d15749d4e66aa01cc5367bc0dafc6d48058b35140461d.json
2025-11-11T15:50:25.105809	fs-birth-or-mtime	packages/contracts/cache/hardhat-network-fork/rpc_cache/eth.llamarpc.com/1/1e2629c82be7be3e0b653bac1cf09b52438c080834f01dbaf1eb7851a9f92903.json
2025-11-11T15:50:25.108454	fs-birth-or-mtime	packages/contracts/cache/hardhat-network-fork/rpc_cache/eth.llamarpc.com/1/5458629eebd4c3a775857eea6a10d7c2e5c6359df685515262366903c3aafde1.json
2025-11-11T15:50:25.115914	fs-birth-or-mtime	packages/contracts/cache/hardhat-network-fork/rpc_cache/eth.llamarpc.com/1/6d2721ffa4ba386c42f867d63d8a99f8aa4ba9987befeb2038932d9542526c2a.json
2025-11-11T15:50:25.120730	fs-birth-or-mtime	packages/contracts/cache/hardhat-network-fork/rpc_cache/eth.llamarpc.com/1/035e9c607bb663558d326806204c75a069aadfaab89d64f1cd8098c347839c83.json
2025-11-11T15:50:25.129501	fs-birth-or-mtime	packages/contracts/cache/hardhat-network-fork/rpc_cache/eth.llamarpc.com/1/718731e6ea77df0b12d8e50b5b640ce8ddd406a41fdc1e98dbccf483a628cd6b.json
2025-11-11T15:50:25.134302	fs-birth-or-mtime	packages/contracts/cache/hardhat-network-fork/rpc_cache/eth.llamarpc.com/1/7792aa5c66f936c52effa2222fe65ea3b7b71e677431a93f10655d33207be3ff.json
2025-11-11T15:50:25.140643	fs-birth-or-mtime	packages/contracts/cache/hardhat-network-fork/rpc_cache/eth.llamarpc.com/1/87b5f9015d5e38b5b917f078c34b57f435dcd59804b7cc42f6ac8d9fad07b98e.json
2025-11-11T15:50:25.144375	fs-birth-or-mtime	packages/contracts/cache/hardhat-network-fork/rpc_cache/eth.llamarpc.com/1/140c14f5cabe33625a61c75c8107024ae6abf14ac730189a392d4ee6be6f7857.json
2025-11-11T15:50:25.148184	fs-birth-or-mtime	packages/contracts/cache/hardhat-network-fork/rpc_cache/eth.llamarpc.com/1/439baf740bd01faaa043443cebb96ca4d76b55b5b3f63b550a6cfa961f213119.json
2025-11-11T15:50:25.149240	fs-birth-or-mtime	packages/contracts/cache/hardhat-network-fork/rpc_cache/eth.llamarpc.com/1/b0ba477c745b61089eb2827b69b1382d0f5793410fa4f788abf2ecd917214d21.json
2025-11-11T15:50:25.152483	fs-birth-or-mtime	packages/contracts/cache/hardhat-network-fork/rpc_cache/eth.llamarpc.com/1/b7ad52dbfb027ff21729ed5d8533bfac97dd2aed2ae8e08069eb0458bdd3c79c.json
2025-11-11T15:50:25.154354	fs-birth-or-mtime	packages/contracts/cache/hardhat-network-fork/rpc_cache/eth.llamarpc.com/1/9af19b0fda5d9d268e2e2c8045f1e5829c1ad3e84db4257bb0ab4212e86927e0.json
2025-11-11T15:50:25.156230	fs-birth-or-mtime	packages/contracts/cache/hardhat-network-fork/rpc_cache/eth.llamarpc.com/1/a908d6bfe3e84db324f1302deb9a8e5be2a803728ecdc7519bac66ccdd88193d.json
2025-11-11T15:50:25.157920	fs-birth-or-mtime	packages/contracts/cache/hardhat-network-fork/rpc_cache/eth.llamarpc.com/1/75d2b1bd42e0f8706fb2a9ba357c264e129af9edd4b8bbf8c550b85240f6cbcf.json
2025-11-11T15:50:25.161183	fs-birth-or-mtime	packages/contracts/cache/hardhat-network-fork/rpc_cache/eth.llamarpc.com/1/db63acca25f382c355209b8326dd69f79fd78442dcc5e429ce95a04c399b8bc8.json
2025-11-11T15:50:25.162095	fs-birth-or-mtime	packages/contracts/cache/hardhat-network-fork/rpc_cache/eth.llamarpc.com/1/fcf94976c5e3077d44b54c50fdf37129b6ffdf2f0f61bcd0eb11c91acdc47ce5.json
2025-11-11T15:50:25.164653	fs-birth-or-mtime	packages/contracts/cache/hardhat-network-fork/rpc_cache/eth.llamarpc.com/1/9c1b4f5e29bd325c6f7ee6a08095b159e88a24bac1b0d2b3849e3048ced2db05.json
2025-11-11T15:50:25.167125	fs-birth-or-mtime	packages/contracts/cache/hardhat-network-fork/rpc_cache/eth.llamarpc.com/1/a33ff4093aa93c4ca85dcba4deff1b898404d2f49d4ad5dcd21c77ddb1568110.json
2025-11-11T15:50:25.168604	fs-birth-or-mtime	packages/contracts/cache/hardhat-network-fork/rpc_cache/eth.llamarpc.com/1/a36fc0fc1bae1e3347166e0d1d9d52ef6297cfee95719683a468c7722a0003f7.json
2025-11-11T15:50:25.169793	fs-birth-or-mtime	packages/contracts/cache/hardhat-network-fork/rpc_cache/eth.llamarpc.com/1/0b6405f4d9d680c47ea2cf6ce6c1385a588c2aba47ee15a969747de137c676c0.json
2025-11-11T15:50:25.170464	fs-birth-or-mtime	packages/contracts/cache/hardhat-network-fork/rpc_cache/eth.llamarpc.com/1/6e8cd2a9c3ae4c79474bdefca07bd14ebb34b4f63cce1bfd06fe26e36f3ad867.json
2025-11-11T15:50:25.171645	fs-birth-or-mtime	packages/contracts/cache/hardhat-network-fork/rpc_cache/eth.llamarpc.com/1/f7d921f08d0562a2cc40ad9055aa66642bfc403307ce2ec56adf64fec8c492b0.json
2025-11-11T15:50:25.172547	fs-birth-or-mtime	packages/contracts/cache/hardhat-network-fork/rpc_cache/eth.llamarpc.com/1/17f7110376e7de6a091547d3af6eb80aa9138b9d28397035e475554e0d877a1c.json
2025-11-11T15:50:25.174856	fs-birth-or-mtime	packages/contracts/cache/hardhat-network-fork/rpc_cache/eth.llamarpc.com/1/fc894cdd6b3f8b41b28d52bf8a9c8dcc5daea0da6d6e646c1c9a5fe6eeeba5a4.json
2025-11-11T15:50:25.175578	fs-birth-or-mtime	packages/contracts/cache/hardhat-network-fork/rpc_cache/eth.llamarpc.com/1/31fe7182243b7f4be8121f45b7bb1a1d5836d537e3c61470b9aaa2d5f958b303.json
2025-11-11T15:50:25.176388	fs-birth-or-mtime	packages/contracts/cache/hardhat-network-fork/rpc_cache/eth.llamarpc.com/1/45eb31b89fc9af1d8dbf459bb8678163080af4430338420aee876c83a0532c68.json
2025-11-11T15:50:25.177271	fs-birth-or-mtime	packages/contracts/cache/hardhat-network-fork/rpc_cache/eth.llamarpc.com/1/bda4d37f0b7018e6e99df6d73ed94328c460c6de64ff5ee44798b3c1de49376a.json
2025-11-11T15:50:25.179025	fs-birth-or-mtime	packages/contracts/cache/hardhat-network-fork/rpc_cache/eth.llamarpc.com/1/03386042500b44cc4c6a691d0222f153359dc9df3dd62f35d3466e3522fee370.json
2025-11-11T15:50:25.180316	fs-birth-or-mtime	packages/contracts/cache/hardhat-network-fork/rpc_cache/eth.llamarpc.com/1/9dbee8f5367430fa13447be9c5a0d2abf0f045899af137a74e7ce8d5c122e505.json
2025-11-11T15:50:25.181226	fs-birth-or-mtime	packages/contracts/cache/hardhat-network-fork/rpc_cache/eth.llamarpc.com/1/c43643e682ab5ba0c05206df97ddc89a77840233dc092ef0c4bcb4d0556b01dc.json
2025-11-11T15:50:25.181938	fs-birth-or-mtime	packages/contracts/cache/hardhat-network-fork/rpc_cache/eth.llamarpc.com/1/15dd0ec2ff526d889c90e195d3902a383bbc25ba34b1098daa0cdceb3d9981fe.json
2025-11-11T15:50:25.182645	fs-birth-or-mtime	packages/contracts/cache/hardhat-network-fork/rpc_cache/eth.llamarpc.com/1/ad4bd3b8ad75c87a2a15d5485224489bf03cea6636baf4cfdc36f8560cb4fd23.json
2025-11-11T15:50:25.183317	fs-birth-or-mtime	packages/contracts/cache/hardhat-network-fork/rpc_cache/eth.llamarpc.com/1/b8578944ffeaa042aa1a3fe458e6e0cabcc7d2ebfb190e0616cd82cd82e80b7e.json
2025-11-11T15:50:25.183949	fs-birth-or-mtime	packages/contracts/cache/hardhat-network-fork/rpc_cache/eth.llamarpc.com/1/dd51876042fab42c22be10d5eecc4d94db62518c235fc6669fc7436e0f0d5449.json
2025-11-11T15:50:25.184648	fs-birth-or-mtime	packages/contracts/cache/hardhat-network-fork/rpc_cache/eth.llamarpc.com/1/652dd198dae4adc6d5e90fd27cad0842f6e125b1ac4abed91a1bca10834fb5ad.json
2025-11-11T15:50:25.185228	fs-birth-or-mtime	packages/contracts/cache/hardhat-network-fork/rpc_cache/eth.llamarpc.com/1/c5620e42d0080d9d0a08815da7f96ac0f6d0ccc9875b19d8b7084b2f7686e5b8.json
2025-11-11T15:50:25.186017	fs-birth-or-mtime	packages/contracts/cache/hardhat-network-fork/rpc_cache/eth.llamarpc.com/1/15226e3ddd352cfada6436e1084bf88b9c72b8b0c4f51d5b16b3fdee0d451151.json
2025-11-11T15:50:25.186690	fs-birth-or-mtime	packages/contracts/cache/hardhat-network-fork/rpc_cache/eth.llamarpc.com/1/dcd0785e9931e786140c0b47f0db644b587130f80ff57bd7403f6a3969265751.json
2025-11-11T15:50:25.187479	fs-birth-or-mtime	packages/contracts/cache/hardhat-network-fork/rpc_cache/eth.llamarpc.com/1/ed3d506cbfdbe83b55be93fa6ac4b5729f12e76b63d968bb3bdcd5cfdc89f562.json
2025-11-11T15:50:25.188280	fs-birth-or-mtime	packages/contracts/cache/hardhat-network-fork/rpc_cache/eth.llamarpc.com/1/c9f1bd8ad022791bf1989d7e3a1597d5be175c4a0a3e1e0d739fad231017d534.json
2025-11-11T15:50:25.188975	fs-birth-or-mtime	packages/contracts/cache/hardhat-network-fork/rpc_cache/eth.llamarpc.com/1/3a87189a0fe5771123f4ef9e8e0f0ffa7f50d45823bb84eabe59ca7a795f1451.json
2025-11-11T15:50:25.189695	fs-birth-or-mtime	packages/contracts/cache/hardhat-network-fork/rpc_cache/eth.llamarpc.com/1/274e97cd5e891b4c4fdcf367652927e577c944a4d9053102f77cfda201c657ab.json
2025-11-11T15:50:25.190343	fs-birth-or-mtime	packages/contracts/cache/hardhat-network-fork/rpc_cache/eth.llamarpc.com/1/e722eb1c0c810fd2acbe8ecd21cd8b03d076d53f0cf90c3e5e41e1b616b81154.json
2025-11-11T15:50:25.191031	fs-birth-or-mtime	packages/contracts/cache/hardhat-network-fork/rpc_cache/eth.llamarpc.com/1/00fc1d9cf16306754567a5a8f1f3bb296ff9a34e668aa567f5672538c324ea8c.json
2025-11-11T15:50:25.195263	fs-birth-or-mtime	packages/contracts/cache/hardhat-network-fork/rpc_cache/eth.llamarpc.com/1/1367a6b7798fad34948bc9a4bdd4e3091d59ccd2f770ce8f6d2242bbc6a1fd60.json
2025-11-11T15:50:25.195981	fs-birth-or-mtime	packages/contracts/cache/hardhat-network-fork/rpc_cache/eth.llamarpc.com/1/5219422aff894e65088be97feb524e2bd930a53dfea77b5135c0141db852436e.json
2025-11-11T15:50:25.196784	fs-birth-or-mtime	packages/contracts/cache/hardhat-network-fork/rpc_cache/eth.llamarpc.com/1/eda54984933c527da400ed5c604ed8709c402a63058ad0fb52c73edfe183e62e.json
2025-11-11T15:50:25.197503	fs-birth-or-mtime	packages/contracts/cache/hardhat-network-fork/rpc_cache/eth.llamarpc.com/1/44db73a81a87e86d52ca7a2e309a58e3b672bd8b8ca9488745396d16bed17267.json
2025-11-11T15:50:25.198127	fs-birth-or-mtime	packages/contracts/cache/hardhat-network-fork/rpc_cache/eth.llamarpc.com/1/a92a8aa602aaba7b40ccbd7b6146322d4733efa29b129979c2d25ba4ecb3a475.json
2025-11-11T15:50:25.198857	fs-birth-or-mtime	packages/contracts/cache/hardhat-network-fork/rpc_cache/eth.llamarpc.com/1/1e0bd8086c62df65aabc5b75c38a4b569b780acbc4b971c7725953615d0228fb.json
2025-11-11T15:50:25.199536	fs-birth-or-mtime	packages/contracts/cache/hardhat-network-fork/rpc_cache/eth.llamarpc.com/1/fd53682aae4a8ac57084ba146489dac21c481f47c8bd8517b6a5430a50d91b76.json
2025-11-11T15:50:25.200247	fs-birth-or-mtime	packages/contracts/cache/hardhat-network-fork/rpc_cache/eth.llamarpc.com/1/edc8df6b75a9af6b32f31b8746719009e78bfb39acad3d02b8c26912011717c4.json
2025-11-11T15:50:25.200929	fs-birth-or-mtime	packages/contracts/cache/hardhat-network-fork/rpc_cache/eth.llamarpc.com/1/886b20aed89887fbfaa901211cdc0ee08412a2f2e30b0ea013791fd8073eb099.json
2025-11-11T15:50:25.201596	fs-birth-or-mtime	packages/contracts/cache/hardhat-network-fork/rpc_cache/eth.llamarpc.com/1/b3d0c51c6ef9e583d6ade0bb90f27e87a26f8c31a71481b214a7f0106dee15d3.json
2025-11-11T15:50:25.202235	fs-birth-or-mtime	packages/contracts/cache/hardhat-network-fork/rpc_cache/eth.llamarpc.com/1/8936e0485e2ed280fcaf9184259dd4105b022ad739b6f232cd520532a8442fdd.json
2025-11-11T15:50:25.202852	fs-birth-or-mtime	packages/contracts/cache/hardhat-network-fork/rpc_cache/eth.llamarpc.com/1/ff49501a44c9ba7a26a2db7635859223cfcb949a4bf9d0d37873cdc1c099e271.json
2025-11-11T15:50:25.203716	fs-birth-or-mtime	packages/contracts/cache/hardhat-network-fork/rpc_cache/eth.llamarpc.com/1/97eb71c7cda84c5db36e4ced07b9b6de595327ff6ba02154db81f9947b7b7c43.json
2025-11-11T15:50:25.204379	fs-birth-or-mtime	packages/contracts/cache/hardhat-network-fork/rpc_cache/eth.llamarpc.com/1/cd76d2f846b9197e39a4bf2d741dae104a704faf5f38eedcc0ecdc3bb2d7b50b.json
2025-11-11T15:50:25.205323	fs-birth-or-mtime	packages/contracts/cache/hardhat-network-fork/rpc_cache/eth.llamarpc.com/1/fc12907411d3862aed0f693d0daf905aaf5afc3e1ab2a24964b0f097ebe551f1.json
2025-11-11T15:50:25.206078	fs-birth-or-mtime	packages/contracts/cache/hardhat-network-fork/rpc_cache/eth.llamarpc.com/1/b832de7dc594db334e6a97bad47f70d0ef100f6635138021249f8f4bdae6483c.json
2025-11-11T15:50:25.206669	fs-birth-or-mtime	packages/contracts/cache/hardhat-network-fork/rpc_cache/eth.llamarpc.com/1/1152bb1e8f50712be6c0c71392144365687aba3fa00dceb6e34f94496c3a723b.json
2025-11-11T15:50:25.207393	fs-birth-or-mtime	packages/contracts/cache/hardhat-network-fork/rpc_cache/eth.llamarpc.com/1/0f58769ebeca46cd214d5a085356fcfc1ee9bb92e1aa43eeaf5ad56e8bc832b9.json
2025-11-11T15:50:25.208111	fs-birth-or-mtime	packages/contracts/cache/hardhat-network-fork/rpc_cache/eth.llamarpc.com/1/bcda3fdb4d889a2659be38c8277cca66b565bc68fc0501af3a13dc5e385b0273.json
2025-11-11T15:50:25.209198	fs-birth-or-mtime	packages/contracts/cache/hardhat-network-fork/rpc_cache/eth.llamarpc.com/1/b772a2ea853262471c6d8754439a7a9743023d0bc3cde87821810dc1615bb563.json
2025-11-11T15:50:25.209862	fs-birth-or-mtime	packages/contracts/cache/hardhat-network-fork/rpc_cache/eth.llamarpc.com/1/2952a65f5d4bf4998f71f1a4a39a2a71da099e711cf811b67ce4ba1d92ae1a6e.json
2025-11-11T15:50:25.210557	fs-birth-or-mtime	packages/contracts/cache/hardhat-network-fork/rpc_cache/eth.llamarpc.com/1/ed112fd55b8d785ccae8ca4893da89961c09e5ec174d5af883f100430e2838e5.json
2025-11-11T15:50:25.211367	fs-birth-or-mtime	packages/contracts/cache/hardhat-network-fork/rpc_cache/eth.llamarpc.com/1/21df4401386751feaa32a08da142778b636242064b731b59fa3f4ad940237d67.json
2025-11-11T15:50:25.212008	fs-birth-or-mtime	packages/contracts/cache/hardhat-network-fork/rpc_cache/eth.llamarpc.com/1/84bc176b900b91ab20d0ce12d98931261a9d02a4b1684dd49eeda8d177a4ec88.json
2025-11-11T15:50:25.212511	fs-birth-or-mtime	packages/contracts/cache/hardhat-network-fork/rpc_cache/eth.llamarpc.com/1/87176e3e04d25158bd029e6469f5f6310b75909500b46cca89e55b43718f9684.json
2025-11-11T15:50:25.213286	fs-birth-or-mtime	packages/contracts/cache/hardhat-network-fork/rpc_cache/eth.llamarpc.com/1/b53344230b8b315ed1b12502cfe14979683ea9d9927849f7dfc4cdba7e60056b.json
2025-11-11T15:50:25.215531	fs-birth-or-mtime	packages/contracts/cache/hardhat-network-fork/rpc_cache/eth.llamarpc.com/1/297ca9bb54edc9a1f5cc00688037e7e0b24265f89aafc5b8e4713000ed6c6bd0.json
2025-11-11T15:50:25.217030	fs-birth-or-mtime	packages/contracts/cache/hardhat-network-fork/rpc_cache/eth.llamarpc.com/1/ee335bc994be7483593299dc1487e5deb54471a757ab1b082a65350811815368.json
2025-11-11T15:50:25.217787	fs-birth-or-mtime	packages/contracts/cache/hardhat-network-fork/rpc_cache/eth.llamarpc.com/1/40368899f0d074f802785e95651120dea61fde2fcc73f495c662d04dbf74e590.json
2025-11-11T15:50:25.219789	fs-birth-or-mtime	packages/contracts/cache/hardhat-network-fork/rpc_cache/eth.llamarpc.com/1/d69052c955e6da388d25f2be0123ea24c512dfa94b00af10838b7a9378c03b2d.json
2025-11-11T15:50:25.221228	fs-birth-or-mtime	packages/contracts/cache/hardhat-network-fork/rpc_cache/eth.llamarpc.com/1/69f53ee8aed2b1f2d74982851918f0b66977ac1a9f2c190424e97f7b341cf3fc.json
2025-11-11T15:50:25.221906	fs-birth-or-mtime	packages/contracts/cache/hardhat-network-fork/rpc_cache/eth.llamarpc.com/1/5d6e9a30c7ab898092101c3c14e5b4bf648b0cc8758d4c05e49a91d3b52d1351.json
2025-11-11T15:50:25.222546	fs-birth-or-mtime	packages/contracts/cache/hardhat-network-fork/rpc_cache/eth.llamarpc.com/1/5f1b8919df7e2f22fda7c71194247dd947f51dfeb9638c802e4651fd34738a3c.json
2025-11-11T15:50:25.223158	fs-birth-or-mtime	packages/contracts/cache/hardhat-network-fork/rpc_cache/eth.llamarpc.com/1/1e24ecc11610ed6ae861f14f818ba673467320ac9810e51bf50b600ad8292f3e.json
2025-11-11T15:50:25.223808	fs-birth-or-mtime	packages/contracts/cache/hardhat-network-fork/rpc_cache/eth.llamarpc.com/1/1f8042c17ab7e5b7bbc439a0e23ed781532f69d35d081a5496d9b9b10f3b12f8.json
2025-11-11T15:50:25.224575	fs-birth-or-mtime	packages/contracts/cache/hardhat-network-fork/rpc_cache/eth.llamarpc.com/1/dc08a5be91f403f487039508856b6a06b9bc02c64776d05e5aa67afa62b3389e.json
2025-11-11T15:50:25.225978	fs-birth-or-mtime	packages/contracts/cache/hardhat-network-fork/rpc_cache/eth.llamarpc.com/1/1b3eb378b2272e5f57bd8eed0bb4574bbabf1103fde64d2a11d4713dfaf889dc.json
2025-11-11T15:50:25.227374	fs-birth-or-mtime	packages/contracts/cache/hardhat-network-fork/rpc_cache/eth.llamarpc.com/1/8dadf2e2de3823c85667e93fa8fed34e45e66213a17e6d4427f214a8852ffbfe.json
2025-11-11T15:50:25.228047	fs-birth-or-mtime	packages/contracts/cache/hardhat-network-fork/rpc_cache/eth.llamarpc.com/1/ad6f6ae82eb45d29bd64b488018eba0c2db885fb14dcd06afaa606e52fc1b9bb.json
2025-11-11T15:50:25.229995	fs-birth-or-mtime	packages/contracts/cache/hardhat-network-fork/rpc_cache/eth.llamarpc.com/1/828f75d0cb1af000c95bdd16343c044e4067de8046e3ffb36d4b8227de64febc.json
2025-11-11T15:50:25.230766	fs-birth-or-mtime	packages/contracts/cache/hardhat-network-fork/rpc_cache/eth.llamarpc.com/1/8cfefa1baf32907f38b7cee560dbe9e9ae1182cd2b085310f195399bd2dc2e1f.json
2025-11-11T15:50:25.232379	fs-birth-or-mtime	packages/contracts/cache/hardhat-network-fork/rpc_cache/eth.llamarpc.com/1/962bac989d49559c35a9f2f21a582977069105290cd39d0a386de4efa3f7b744.json
2025-11-11T15:50:25.233124	fs-birth-or-mtime	packages/contracts/cache/hardhat-network-fork/rpc_cache/eth.llamarpc.com/1/b690a6216ba525e04cfebe90600f98eea1930befb239152c1adf0438244f0c49.json
2025-11-11T15:50:25.233858	fs-birth-or-mtime	packages/contracts/cache/hardhat-network-fork/rpc_cache/eth.llamarpc.com/1/524592fd294dad9d46d7d4d7670e389ba8d5d9f4cbd7c55c940a605f7c8eadf1.json
2025-11-11T15:50:25.234745	fs-birth-or-mtime	packages/contracts/cache/hardhat-network-fork/rpc_cache/eth.llamarpc.com/1/96e4a29091cb63506d8b54e09885be366b6f8ec8df0509cbb2e2fd91e362ef08.json
2025-11-11T15:50:25.235412	fs-birth-or-mtime	packages/contracts/cache/hardhat-network-fork/rpc_cache/eth.llamarpc.com/1/43bae32604631dd921a1c060d64469ae324157bb75311455d9b6c093891515d6.json
2025-11-11T15:50:25.236188	fs-birth-or-mtime	packages/contracts/cache/hardhat-network-fork/rpc_cache/eth.llamarpc.com/1/8b107632efc5be3cdc35171031c30d706104b6de7eaa839a8cfa643e58cc5261.json
2025-11-11T15:50:25.236772	fs-birth-or-mtime	packages/contracts/cache/hardhat-network-fork/rpc_cache/eth.llamarpc.com/1/c6145a283dd2af8a5926bcb165aa1d3667ade0837f48e8a5966da1fd98997ae1.json
2025-11-11T15:50:25.237255	fs-birth-or-mtime	packages/contracts/cache/hardhat-network-fork/rpc_cache/eth.llamarpc.com/1/42c12bb4ea031e1bb067534df5f380342d6f6e75fd7830ebfb6fc172c313cb97.json
2025-11-11T15:50:25.238034	fs-birth-or-mtime	packages/contracts/cache/hardhat-network-fork/rpc_cache/eth.llamarpc.com/1/2bcdda1d504b5d7d8b7998e220b60a6195ae015c1fce81724df8519a3797f824.json
2025-11-11T15:50:25.238644	fs-birth-or-mtime	packages/contracts/cache/hardhat-network-fork/rpc_cache/eth.llamarpc.com/1/55b76a84adbedba851f4eaa4d1c7a8c1d7fa5d9aa4a01d4b0293583d5576ca7c.json
2025-11-11T15:50:25.239275	fs-birth-or-mtime	packages/contracts/cache/hardhat-network-fork/rpc_cache/eth.llamarpc.com/1/fc40ca2c1df7ddec386b9be6af0f0e5c36c065c8dd292010abe97bed1a6f08f7.json
2025-11-11T15:50:25.239865	fs-birth-or-mtime	packages/contracts/cache/hardhat-network-fork/rpc_cache/eth.llamarpc.com/1/fd0dfd268e04e3cb4f8dbbc7ef54b05cb06f3555fcfadf0ea0a1ebfbe7a16696.json
2025-11-11T15:50:25.240616	fs-birth-or-mtime	packages/contracts/cache/hardhat-network-fork/rpc_cache/eth.llamarpc.com/1/7e85e7766d80596c52877b47d3b9a0704459c9f09e0614e1c9116513a9b1b276.json
2025-11-11T15:50:25.241278	fs-birth-or-mtime	packages/contracts/cache/hardhat-network-fork/rpc_cache/eth.llamarpc.com/1/6e858506bf5a6fe66f06ee8e6d8df6f2062858e9702cd3f3d4f9f2679bc2d408.json
2025-11-11T15:50:25.242067	fs-birth-or-mtime	packages/contracts/cache/hardhat-network-fork/rpc_cache/eth.llamarpc.com/1/01ec90cd97c4df9b7630dbef40401716b897431a267651d32e4be5efaba0b0ba.json
2025-11-11T15:50:25.243024	fs-birth-or-mtime	packages/contracts/cache/hardhat-network-fork/rpc_cache/eth.llamarpc.com/1/069b5f322a39acb56f0dddcb372e5dadd71fa83b99151c46ab7664a73b0c654a.json
2025-11-11T15:50:25.243826	fs-birth-or-mtime	packages/contracts/cache/hardhat-network-fork/rpc_cache/eth.llamarpc.com/1/5c3f7de80d2ee6fbe6bec33de17a681bbcbcc884bc79745a3939ab11186b0fca.json
2025-11-11T15:50:25.244549	fs-birth-or-mtime	packages/contracts/cache/hardhat-network-fork/rpc_cache/eth.llamarpc.com/1/f433e1c6670a0ee1476d5cd4600d889314aac8fbb658f810d8ccfe0803724f6e.json
2025-11-11T15:50:25.246122	fs-birth-or-mtime	packages/contracts/cache/hardhat-network-fork/rpc_cache/eth.llamarpc.com/1/6187fe79043dac61b58162d514b6ab722762a0e642dd3557823cdc53017150fb.json
2025-11-11T15:50:25.246939	fs-birth-or-mtime	packages/contracts/cache/hardhat-network-fork/rpc_cache/eth.llamarpc.com/1/91723b39f96f227da4bd636eaa315de0802b1417692015341cf1357e1a9997a0.json
2025-11-11T15:50:25.247775	fs-birth-or-mtime	packages/contracts/cache/hardhat-network-fork/rpc_cache/eth.llamarpc.com/1/e65d9b76ec95cceb67bdcb8b0afba73ba9891c79f595aeb4c02ea3e29a1bdd76.json
2025-11-11T15:50:25.248517	fs-birth-or-mtime	packages/contracts/cache/hardhat-network-fork/rpc_cache/eth.llamarpc.com/1/673eb62342d8d6f4ca148e8e74a564f3fe884e4914594a29b5fc165dd25da537.json
2025-11-11T15:50:25.249186	fs-birth-or-mtime	packages/contracts/cache/hardhat-network-fork/rpc_cache/eth.llamarpc.com/1/35ee3da88cb5164be2303c32bf46d9d1a45e1b7f3122e306b6b09c7236434270.json
2025-11-11T15:50:25.250058	fs-birth-or-mtime	packages/contracts/cache/hardhat-network-fork/rpc_cache/eth.llamarpc.com/1/08e2a17a9555291f86f7949ddd88e8d0ca7c04e8b17179082c98ff7ebbc15115.json
2025-11-11T15:50:25.250724	fs-birth-or-mtime	packages/contracts/cache/hardhat-network-fork/rpc_cache/eth.llamarpc.com/1/0559b7e72af3fd3e4876f8080820abee65c355798e86b3f44cdc6733a1c2c13a.json
2025-11-11T15:50:25.251297	fs-birth-or-mtime	packages/contracts/cache/hardhat-network-fork/rpc_cache/eth.llamarpc.com/1/6d17e65c728828f4722a5136b5874564d435a22e1df57890239721ea14491f5e.json
2025-11-11T15:50:25.252013	fs-birth-or-mtime	packages/contracts/cache/hardhat-network-fork/rpc_cache/eth.llamarpc.com/1/6ec0febb72ab01ac2168369b8530a1a9403facaa6fee72489d82344c24675979.json
2025-11-11T15:50:25.252742	fs-birth-or-mtime	packages/contracts/cache/hardhat-network-fork/rpc_cache/eth.llamarpc.com/1/1a9726826558d9e5da61f3ff317f2e2884070bb62f5323ad920899acd2de8571.json
2025-11-11T15:50:25.253355	fs-birth-or-mtime	packages/contracts/cache/hardhat-network-fork/rpc_cache/eth.llamarpc.com/1/7b058ac767396858bf8e9bb3e44fa7439ba5bb1278ea734698f37b84e215d16a.json
2025-11-11T15:50:25.254028	fs-birth-or-mtime	packages/contracts/cache/hardhat-network-fork/rpc_cache/eth.llamarpc.com/1/c26da8e3ec0b613cb6ccc712a1b5c334c81a1ebe24fee6b5282075ee0b0e4fc8.json
2025-11-11T15:50:25.254695	fs-birth-or-mtime	packages/contracts/cache/hardhat-network-fork/rpc_cache/eth.llamarpc.com/1/7db38df749509394ce38cec4015c4ee58f5b3a5233197d0139293b272fde881c.json
2025-11-11T15:50:25.255561	fs-birth-or-mtime	packages/contracts/cache/hardhat-network-fork/rpc_cache/eth.llamarpc.com/1/134e27c783a77e7be4e24f6dcb46f00176cbd23417a98da754e26e5680dfc7d9.json
2025-11-11T15:50:25.256234	fs-birth-or-mtime	packages/contracts/cache/hardhat-network-fork/rpc_cache/eth.llamarpc.com/1/6648c5430e8163b075e900852faec66d1cd496ce43c73c0b2083c1a3760b16d4.json
2025-11-11T15:50:25.256925	fs-birth-or-mtime	packages/contracts/cache/hardhat-network-fork/rpc_cache/eth.llamarpc.com/1/3f515592c5aff658437e3a7504fc106db5367408e1bf54181c9d220f7ff5c197.json
2025-11-11T15:50:25.257552	fs-birth-or-mtime	packages/contracts/cache/hardhat-network-fork/rpc_cache/eth.llamarpc.com/1/6fecb6734107b41f19f84cfab06cf33737196dee97120fc1d1005d17da1361d6.json
2025-11-11T15:50:25.258149	fs-birth-or-mtime	packages/contracts/cache/hardhat-network-fork/rpc_cache/eth.llamarpc.com/1/49512e6c89017ea011b66d435b9f5f6cd1b3a26f4ddaf7111ad6075025267119.json
2025-11-11T15:50:25.259165	fs-birth-or-mtime	packages/contracts/cache/hardhat-network-fork/rpc_cache/eth.llamarpc.com/1/d27223556a6fb867a8a96914c5cb5b2a3cd519a26eb097b77526ad3f0901302e.json
2025-11-11T15:50:25.259920	fs-birth-or-mtime	packages/contracts/cache/hardhat-network-fork/rpc_cache/eth.llamarpc.com/1/52dbb8aaf031d69906bbef15dbfda5ff017681048ba2e7db4e21f72d28cac05d.json
2025-11-11T15:50:25.260637	fs-birth-or-mtime	packages/contracts/cache/hardhat-network-fork/rpc_cache/eth.llamarpc.com/1/cacc73b377e831c4107b7d625e2f318e450ecc7ad6cef59a0531f085633a1218.json
2025-11-11T15:50:25.261380	fs-birth-or-mtime	packages/contracts/cache/hardhat-network-fork/rpc_cache/eth.llamarpc.com/1/cf3a02fbce94a4c51d5bdcd7bc941fc9f2b79ec97911ff1d34131a9f2b52e932.json
2025-11-11T15:50:25.262097	fs-birth-or-mtime	packages/contracts/cache/hardhat-network-fork/rpc_cache/eth.llamarpc.com/1/f815cbb8c9ca4e874feab39b5c8f5ed584226348ebe07945adc9d24a847d497c.json
2025-11-11T15:50:25.262766	fs-birth-or-mtime	packages/contracts/cache/hardhat-network-fork/rpc_cache/eth.llamarpc.com/1/5696cca6af3501307d0bf1ff805666281f12f6e726aaca705a988ac1bc668815.json
2025-11-11T15:50:25.263500	fs-birth-or-mtime	packages/contracts/cache/hardhat-network-fork/rpc_cache/eth.llamarpc.com/1/a163bffd3968cebf859ae74dc83b0f8e7e16ceaa24914f52af87f9ae4a1ce94b.json
2025-11-11T15:50:25.264156	fs-birth-or-mtime	packages/contracts/cache/hardhat-network-fork/rpc_cache/eth.llamarpc.com/1/41f1b47b5a57aa1796e1785c2fa2000740b8f7a941d9cdafc17aece2a993be2f.json
2025-11-11T15:50:25.264832	fs-birth-or-mtime	packages/contracts/cache/hardhat-network-fork/rpc_cache/eth.llamarpc.com/1/5d4292816a2d2d60b06f5c85248bcc09806d5d729828dc09730032ed2339f82d.json
2025-11-11T15:50:25.265369	fs-birth-or-mtime	packages/contracts/cache/hardhat-network-fork/rpc_cache/eth.llamarpc.com/1/c82a78a0195e9a7a555e2ca292c9159185227f0bb5eaf017778b939289559743.json
2025-11-11T15:50:25.266029	fs-birth-or-mtime	packages/contracts/cache/hardhat-network-fork/rpc_cache/eth.llamarpc.com/1/3c853939d7563fd3e14ba9a06b4365dbcd8f1cf6e3e988294e24a2f3b6bfee17.json
2025-11-11T15:50:25.266622	fs-birth-or-mtime	packages/contracts/cache/hardhat-network-fork/rpc_cache/eth.llamarpc.com/1/cf67e998fde728498c9fc9247083535dce34b0e361385502c85b177be2c6bb4c.json
2025-11-11T15:50:25.267407	fs-birth-or-mtime	packages/contracts/cache/hardhat-network-fork/rpc_cache/eth.llamarpc.com/1/48b145ce48fe95c8d7993425dae7d046f6a8c378eef7b8e5264fb17d2c8c911d.json
2025-11-11T15:50:25.268065	fs-birth-or-mtime	packages/contracts/cache/hardhat-network-fork/rpc_cache/eth.llamarpc.com/1/9a3320ea38a9469e6646aa9dc728f4b305a0ab87f395f13fb213aac1d3df5c70.json
2025-11-11T15:50:25.268624	fs-birth-or-mtime	packages/contracts/cache/hardhat-network-fork/rpc_cache/eth.llamarpc.com/1/f75b60da8e20bec6ba47e5e3265f1e54b617468bcc92a80021a77a2150db857a.json
2025-11-11T15:50:25.269289	fs-birth-or-mtime	packages/contracts/cache/hardhat-network-fork/rpc_cache/eth.llamarpc.com/1/770163ceb7acd0d4e860b12eb8ba465d03f3d2111bf2245533a5e9e8253dbb6e.json
2025-11-11T15:50:25.269851	fs-birth-or-mtime	packages/contracts/cache/hardhat-network-fork/rpc_cache/eth.llamarpc.com/1/6f860bc58e74e1926d8df0ad9f5dd27f892e48706a0b9b46475198fc3a8dbc56.json
2025-11-11T15:50:25.270402	fs-birth-or-mtime	packages/contracts/cache/hardhat-network-fork/rpc_cache/eth.llamarpc.com/1/526a20e893884e925a5c42f2520ad81d77648aff31d1a174529cb01e525cfff9.json
2025-11-11T15:50:25.271117	fs-birth-or-mtime	packages/contracts/cache/hardhat-network-fork/rpc_cache/eth.llamarpc.com/1/ff2587a2c69461df9fe94875cc398c0584a03360fb6abe962e192414b09dd3ab.json
2025-11-11T15:50:25.272266	fs-birth-or-mtime	packages/contracts/cache/hardhat-network-fork/rpc_cache/eth.llamarpc.com/1/1a588a3caac40310abd60fe2dea0acfb2bb4146042fd1b12798ce25dd0dd0d89.json
2025-11-11T15:50:25.272949	fs-birth-or-mtime	packages/contracts/cache/hardhat-network-fork/rpc_cache/eth.llamarpc.com/1/f161dafcffbbeed2815ddefca89003a6ce0b62922a1ea3d164a4beb0e21a4a1f.json
2025-11-11T15:50:25.273622	fs-birth-or-mtime	packages/contracts/cache/hardhat-network-fork/rpc_cache/eth.llamarpc.com/1/bf303aed732abc63967aa5bce721bdf05bc0af7045ac598d9faa023af858d61f.json
2025-11-11T15:50:25.274307	fs-birth-or-mtime	packages/contracts/cache/hardhat-network-fork/rpc_cache/eth.llamarpc.com/1/edeae945f17e7ad901e0106fe3722e0025ef87550c8143ea61f758ce49ec4d54.json
2025-11-11T15:50:25.274958	fs-birth-or-mtime	packages/contracts/cache/hardhat-network-fork/rpc_cache/eth.llamarpc.com/1/6c84df641e325c539a7ae53c16bd59d4e18b025505d3faa53a230b1bf12b5057.json
2025-11-11T15:50:25.275748	fs-birth-or-mtime	packages/contracts/cache/hardhat-network-fork/rpc_cache/eth.llamarpc.com/1/6f975d9f6ca324a16c6f8396e099bf309d30cdf704ec45d85badaf6577e8ea14.json
2025-11-11T15:50:25.276493	fs-birth-or-mtime	packages/contracts/cache/hardhat-network-fork/rpc_cache/eth.llamarpc.com/1/6838f0ade6a4dc5ba6607d9a6dc3868b2b52c061a6e25b7e98df1697a5e77ea7.json
2025-11-11T15:50:25.277209	fs-birth-or-mtime	packages/contracts/cache/hardhat-network-fork/rpc_cache/eth.llamarpc.com/1/a05b431aae8edeb6fb0ede12396b9de22faeba5c269b17d5b0a0d6e26eeed785.json
2025-11-11T15:50:25.277943	fs-birth-or-mtime	packages/contracts/cache/hardhat-network-fork/rpc_cache/eth.llamarpc.com/1/cc579bbdc7712f3aa0f23949524b8dfc4a97a7f972806af0d8696939f725a507.json
2025-11-11T15:50:25.278635	fs-birth-or-mtime	packages/contracts/cache/hardhat-network-fork/rpc_cache/eth.llamarpc.com/1/d2911bb076a8b7242f41ff321b462f8b77fc7cc41b245a435cb24a97a6a788a3.json
2025-11-11T15:50:25.279382	fs-birth-or-mtime	packages/contracts/cache/hardhat-network-fork/rpc_cache/eth.llamarpc.com/1/e2b07884bd8259a8af5a9ea240546f1a343f5f04a435ce41281981bd6cccb0df.json
2025-11-11T15:50:25.280093	fs-birth-or-mtime	packages/contracts/cache/hardhat-network-fork/rpc_cache/eth.llamarpc.com/1/bd7ad17a5e3df4399b9dfe79325989db1a361ab3f571e2afdd403d0802d286e7.json
2025-11-11T15:50:25.280746	fs-birth-or-mtime	packages/contracts/cache/hardhat-network-fork/rpc_cache/eth.llamarpc.com/1/a38ed3adefc62c3a7e1bc397f0168e742c7c4fafadce05826f94e6b90f67e1ea.json
2025-11-11T15:50:25.281389	fs-birth-or-mtime	packages/contracts/cache/hardhat-network-fork/rpc_cache/eth.llamarpc.com/1/a4df0fc4961103c99b80da72c4a86ee6d4157f5492332bf5389c9a8138a2ea4f.json
2025-11-11T15:50:25.282240	fs-birth-or-mtime	packages/contracts/cache/hardhat-network-fork/rpc_cache/eth.llamarpc.com/1/27a4f7e059d7cbf052ce6f8a56ea7d7bccb7233d538f0766f29e28c911dd8cf1.json
2025-11-11T15:50:25.282939	fs-birth-or-mtime	packages/contracts/cache/hardhat-network-fork/rpc_cache/eth.llamarpc.com/1/a0f82d11d5a727f911f7c228ed216d504dc511bcaa1c0d4700aa53799b4c0254.json
2025-11-11T15:50:25.283714	fs-birth-or-mtime	packages/contracts/cache/hardhat-network-fork/rpc_cache/eth.llamarpc.com/1/ee9cc143ffce8a5d1011597a13136244d8727c7c2453ae5db2d1d1ef106c0f1a.json
2025-11-11T15:50:25.284492	fs-birth-or-mtime	packages/contracts/cache/hardhat-network-fork/rpc_cache/eth.llamarpc.com/1/642626ce4b8868c866ad196fa2bdb2b4135031efd3bcb20a62610ff33e5b2041.json
2025-11-11T15:50:25.285995	fs-birth-or-mtime	packages/contracts/cache/hardhat-network-fork/rpc_cache/eth.llamarpc.com/1/d4bf7bb5b57f86fcd31beb0dabf024004cad9a8369696bcc9b6abf01bbb5534f.json
2025-11-11T15:50:25.286854	fs-birth-or-mtime	packages/contracts/cache/hardhat-network-fork/rpc_cache/eth.llamarpc.com/1/1fa2e8fa2a38f3e9580c8fe39fabc60b40ff137cabc74959c95b4828139a5db6.json
2025-11-11T15:50:25.287584	fs-birth-or-mtime	packages/contracts/cache/hardhat-network-fork/rpc_cache/eth.llamarpc.com/1/7c4df1a28b24831ca10540c0aa9328d985428dc5e8617a21c48cb8d417facdbd.json
2025-11-11T15:50:25.288101	fs-birth-or-mtime	packages/contracts/cache/hardhat-network-fork/rpc_cache/eth.llamarpc.com/1/db26662f718c922b2f265597984894fc91f408bf3b08b4f24229e36dfbe0c8c5.json
2025-11-11T15:50:25.288762	fs-birth-or-mtime	packages/contracts/cache/hardhat-network-fork/rpc_cache/eth.llamarpc.com/1/652011fb3866dd4aec7091d9e071b23d6f19f5d778999030a4188cb7df019419.json
2025-11-11T15:50:25.289380	fs-birth-or-mtime	packages/contracts/cache/hardhat-network-fork/rpc_cache/eth.llamarpc.com/1/fb8bc2da433ed967390e0454b04f0a30b0ecdea970f0f08606c61157010d77bd.json
2025-11-11T15:50:25.290053	fs-birth-or-mtime	packages/contracts/cache/hardhat-network-fork/rpc_cache/eth.llamarpc.com/1/470301436d8bdf0e9ac28f33a05da66135cd405782cb5ccf32280807f44b0988.json
2025-11-11T15:50:25.290807	fs-birth-or-mtime	packages/contracts/cache/hardhat-network-fork/rpc_cache/eth.llamarpc.com/1/6908fe314bc98cdf6676bdb52136c1de2c0dc47e13bdd828a328f505e285abdc.json
2025-11-11T15:50:25.291555	fs-birth-or-mtime	packages/contracts/cache/hardhat-network-fork/rpc_cache/eth.llamarpc.com/1/64d64e4c3c4fdcdf2215162a60b9e13e676cb1175e553f2546fd80f9209bb042.json
2025-11-11T15:50:25.292247	fs-birth-or-mtime	packages/contracts/cache/hardhat-network-fork/rpc_cache/eth.llamarpc.com/1/44947c0cdce9dc4769cb9bd958b7733a2de4f6bfbaf8faf33f2ab7fa4b8c1048.json
2025-11-11T15:50:25.292850	fs-birth-or-mtime	packages/contracts/cache/hardhat-network-fork/rpc_cache/eth.llamarpc.com/1/517f82839909e63e9d04c7b72c66198c56fcd0fb90928ce3e943e371604937dc.json
2025-11-11T15:50:25.293507	fs-birth-or-mtime	packages/contracts/cache/hardhat-network-fork/rpc_cache/eth.llamarpc.com/1/f216cd8aee16e3546ec43db78319fb12ddbf5b5d9af52ae5d5e819053e483d78.json
2025-11-11T15:50:25.294217	fs-birth-or-mtime	packages/contracts/cache/hardhat-network-fork/rpc_cache/eth.llamarpc.com/1/856074972aaafb90d1733b128dbffe599d1f09e1c593487d9fe9fbd2f4649b6a.json
2025-11-11T15:50:25.294927	fs-birth-or-mtime	packages/contracts/cache/hardhat-network-fork/rpc_cache/eth.llamarpc.com/1/451819b467134b887169b285c87b4ec1eb373f8e442076efffb9a9bc68aae8d7.json
2025-11-11T15:50:25.295627	fs-birth-or-mtime	packages/contracts/cache/hardhat-network-fork/rpc_cache/eth.llamarpc.com/1/50a883384568893e7ab90752b08daba27ddad98a2958422373bb1cc00b6f09de.json
2025-11-11T15:50:25.296630	fs-birth-or-mtime	packages/contracts/cache/hardhat-network-fork/rpc_cache/eth.llamarpc.com/1/1874079f9f5428590b4dca3b0152c3fc291f118d3b2744d3bdb485e9f278ce14.json
2025-11-11T15:50:25.297928	fs-birth-or-mtime	packages/contracts/cache/hardhat-network-fork/rpc_cache/eth.llamarpc.com/1/fdea819537096c03948e8d8691a1e59c85ce9179fb03aa2ee79e31fcb8821421.json
2025-11-11T15:50:25.300235	fs-birth-or-mtime	packages/contracts/cache/hardhat-network-fork/rpc_cache/eth.llamarpc.com/1/4408d488ba86d804b4f9a58df856a2339f047fbc2ca57a13ac133561bf569ba9.json
2025-11-11T15:50:25.300904	fs-birth-or-mtime	packages/contracts/cache/hardhat-network-fork/rpc_cache/eth.llamarpc.com/1/2d643d737d91eb27ad02c3b26b4770ea1d56087555b6f757b50fa160681d98c0.json
2025-11-11T15:50:25.301800	fs-birth-or-mtime	packages/contracts/cache/hardhat-network-fork/rpc_cache/eth.llamarpc.com/1/30958738d073960a81fe07fa271f3c9ed5939be00edcf9d44855c21c2d60828b.json
2025-11-11T15:50:25.302728	fs-birth-or-mtime	packages/contracts/cache/hardhat-network-fork/rpc_cache/eth.llamarpc.com/1/4d844f4316648c6511098717f08cd343139dab199406b07026fe52d25915965f.json
2025-11-11T15:50:25.303473	fs-birth-or-mtime	packages/contracts/cache/hardhat-network-fork/rpc_cache/eth.llamarpc.com/1/488019ce0305fa874319dd80a6c48bca9bc92dacd750b780fc21797368a3b144.json
2025-11-11T15:50:25.304089	fs-birth-or-mtime	packages/contracts/cache/hardhat-network-fork/rpc_cache/eth.llamarpc.com/1/ceeb4c9de974f562eedbcc9acb0d5f05ed8f1b4ac0fb4f0b1e2ae1e9ffa7f1ab.json
2025-11-11T15:50:25.304977	fs-birth-or-mtime	packages/contracts/cache/hardhat-network-fork/rpc_cache/eth.llamarpc.com/1/b8b74637c0896d2f8fac9f7cc27ebbefe2f697469ccaa3c3089122d9558d3988.json
2025-11-11T15:50:25.305646	fs-birth-or-mtime	packages/contracts/cache/hardhat-network-fork/rpc_cache/eth.llamarpc.com/1/bd5247467e3ab09a08763f23b48a1b067d4572169d4c0fbc88cf3ac7f323ea22.json
2025-11-11T15:50:25.306333	fs-birth-or-mtime	packages/contracts/cache/hardhat-network-fork/rpc_cache/eth.llamarpc.com/1/ae2bb8b9d36ed93a6f1da5c8eff35cf256a78dbaa65eda2c0f59e073581fd462.json
2025-11-11T15:50:25.306993	fs-birth-or-mtime	packages/contracts/cache/hardhat-network-fork/rpc_cache/eth.llamarpc.com/1/0a82403d5ea032da6d4f3126156d6ad76fff24b65a30d98bb673f6836ae5e0c0.json
2025-11-11T15:50:25.307949	fs-birth-or-mtime	packages/contracts/cache/hardhat-network-fork/rpc_cache/eth.llamarpc.com/1/072056051c9c199f52519fe1d1ee31a96830cf4076d15204db799c3d5626df17.json
2025-11-11T15:50:25.308589	fs-birth-or-mtime	packages/contracts/cache/hardhat-network-fork/rpc_cache/eth.llamarpc.com/1/0bea3661435328513d2fde430654366218e5fb7098c48ac6994451e80c892fce.json
2025-11-11T15:50:25.309367	fs-birth-or-mtime	packages/contracts/cache/hardhat-network-fork/rpc_cache/eth.llamarpc.com/1/6c029f0f26f5045480b9f5279e6ed60da923ebe34ebb3c7b12983825b3c6196c.json
2025-11-11T15:50:25.310193	fs-birth-or-mtime	packages/contracts/cache/hardhat-network-fork/rpc_cache/eth.llamarpc.com/1/2dea3dace3f56c5ef436103ccca940a2adf889e0d8afa7ca86c24290758cda1f.json
2025-11-11T15:50:25.311269	fs-birth-or-mtime	packages/contracts/cache/hardhat-network-fork/rpc_cache/eth.llamarpc.com/1/cce84161bec50d760ca78f8d01cab159ce94adbf2bc247caa6e369f61e73ab2a.json
2025-11-11T15:50:25.314514	fs-birth-or-mtime	packages/contracts/cache/hardhat-network-fork/rpc_cache/eth.llamarpc.com/1/968d91a0e6518dfaa3e0d4189fccc72a4d51c3ca5c0cf9c454ca7586ef649190.json
2025-11-11T15:50:25.315766	fs-birth-or-mtime	packages/contracts/cache/hardhat-network-fork/rpc_cache/eth.llamarpc.com/1/75c55cd29d3d4350c475d264c27701cb8297ed5471909c71f79f1c5b384b4311.json
2025-11-11T15:50:25.316586	fs-birth-or-mtime	packages/contracts/cache/hardhat-network-fork/rpc_cache/eth.llamarpc.com/1/bf9e221f949a59e942c5e09ff00072dbaca224404e85cb687e484aceb0513a91.json
2025-11-11T15:50:25.317296	fs-birth-or-mtime	packages/contracts/cache/hardhat-network-fork/rpc_cache/eth.llamarpc.com/1/045c8ac234b53f071f701c10732ba8105d02e47510f663a88f4260c48bbf67c8.json
2025-11-11T15:50:25.317977	fs-birth-or-mtime	packages/contracts/cache/hardhat-network-fork/rpc_cache/eth.llamarpc.com/1/fa7c66762ad388404da8f4d3007c6c0865955938600c4255e989bb761de1f171.json
2025-11-11T15:50:25.318658	fs-birth-or-mtime	packages/contracts/cache/hardhat-network-fork/rpc_cache/eth.llamarpc.com/1/1413c20fa0a21f4b7c120c921147135d9bae4f0fc154764addb81d6097b39dc0.json
2025-11-11T15:50:25.319331	fs-birth-or-mtime	packages/contracts/cache/hardhat-network-fork/rpc_cache/eth.llamarpc.com/1/2b7c6c5509b3586310a59a77c891ad9f63d8032c5f6cfe36ea187eb105384d44.json
2025-11-11T15:50:25.320020	fs-birth-or-mtime	packages/contracts/cache/hardhat-network-fork/rpc_cache/eth.llamarpc.com/1/2a392b2e88a84066b3abd63bd8c1f8b0f93098f0cefd70d760aff6df52555997.json
2025-11-11T15:50:25.320723	fs-birth-or-mtime	packages/contracts/cache/hardhat-network-fork/rpc_cache/eth.llamarpc.com/1/90ecd96814d59ca2d20056e56f90ed04a473cd0979d10c7a943909354be4a13c.json
2025-11-11T15:50:25.321427	fs-birth-or-mtime	packages/contracts/cache/hardhat-network-fork/rpc_cache/eth.llamarpc.com/1/57945abc8927b745aaa2f687178ba41b7a4c1c545add20e57d95e79f9d769f12.json
2025-11-11T15:50:25.321934	fs-birth-or-mtime	packages/contracts/cache/hardhat-network-fork/rpc_cache/eth.llamarpc.com/1/13a92464c281d1ef5563790f5818936f8d00d7a748aaedc0b81a346908fbc77d.json
2025-11-11T15:50:25.322531	fs-birth-or-mtime	packages/contracts/cache/hardhat-network-fork/rpc_cache/eth.llamarpc.com/1/3f2bb4da83eb98ffee1de8111f5370f0805a75139a4ce68ba6543505d9f625b1.json
2025-11-11T15:50:25.323192	fs-birth-or-mtime	packages/contracts/cache/hardhat-network-fork/rpc_cache/eth.llamarpc.com/1/617728616f52d8dfbf225965bfb90a198fe5fc5ec83ace4cc7cc70fe54fceda1.json
2025-11-11T15:50:25.323847	fs-birth-or-mtime	packages/contracts/cache/hardhat-network-fork/rpc_cache/eth.llamarpc.com/1/d25c52dd4641bdf9466ecf8cefabccc0859b8ea14f0d1260d8272f8e1869b919.json
2025-11-11T15:50:25.324604	fs-birth-or-mtime	packages/contracts/cache/hardhat-network-fork/rpc_cache/eth.llamarpc.com/1/cd9f336db80f1495edae7aada803413d900409eb83fa8d69c2a1e1747c67e0b7.json
2025-11-11T15:50:25.326082	fs-birth-or-mtime	packages/contracts/cache/hardhat-network-fork/rpc_cache/eth.llamarpc.com/1/33727f901e29e8090f5e3f0ad85925771d4f092d20c00eefd64caa3ecfa63ecf.json
2025-11-11T15:50:25.326968	fs-birth-or-mtime	packages/contracts/cache/hardhat-network-fork/rpc_cache/eth.llamarpc.com/1/1505896b79f72c73b8a624e3c27f3df734f0f720b5d19e352e54b1fbde34c4fd.json
2025-11-11T15:50:25.328524	fs-birth-or-mtime	packages/contracts/cache/hardhat-network-fork/rpc_cache/eth.llamarpc.com/1/4098e5586af275a6baa1f5861c0b91643ca211189af19e12f895a7ee9230997a.json
2025-11-11T15:50:25.329328	fs-birth-or-mtime	packages/contracts/cache/hardhat-network-fork/rpc_cache/eth.llamarpc.com/1/e67355fecfbb72d184ccb0d954bcb8d88d0fe2c73a94e45c42f86f63f42b8093.json
2025-11-11T15:50:25.330285	fs-birth-or-mtime	packages/contracts/cache/hardhat-network-fork/rpc_cache/eth.llamarpc.com/1/361fac2f627afcd5e1715b5c48a592ca5196ea0f0bc8c08adadc1f3d759fe35c.json
2025-11-11T15:50:25.331049	fs-birth-or-mtime	packages/contracts/cache/hardhat-network-fork/rpc_cache/eth.llamarpc.com/1/cb469b7b956eb529f12af122ab0978fba9114fe57ed9eb074fa9c3bf15cf4ae8.json
2025-11-11T15:50:25.331711	fs-birth-or-mtime	packages/contracts/cache/hardhat-network-fork/rpc_cache/eth.llamarpc.com/1/cf766c753ae6f465165249912347938b6c385a717a8ebd291fc11f68c6048f98.json
2025-11-11T15:50:25.332428	fs-birth-or-mtime	packages/contracts/cache/hardhat-network-fork/rpc_cache/eth.llamarpc.com/1/8f95aeacb8f974d27173a4df724ff65fb63e897a4fa317ddf40944709eac2a5d.json
2025-11-11T15:50:25.333043	fs-birth-or-mtime	packages/contracts/cache/hardhat-network-fork/rpc_cache/eth.llamarpc.com/1/451c4a43375b2dbf207a6865c92cf92d9cdea9d4329678c9d0560a2e6307e74f.json
2025-11-11T15:50:25.333642	fs-birth-or-mtime	packages/contracts/cache/hardhat-network-fork/rpc_cache/eth.llamarpc.com/1/687472c4b8922a80c00bc9e27dfb68459857a7763642715ba8a6e72ab1e9170d.json
2025-11-11T15:50:25.334274	fs-birth-or-mtime	packages/contracts/cache/hardhat-network-fork/rpc_cache/eth.llamarpc.com/1/919cb0f6ec0a4bcf6631acece21eb866901bedb19dceed17f8c15097871b5b98.json
2025-11-11T15:50:25.334960	fs-birth-or-mtime	packages/contracts/cache/hardhat-network-fork/rpc_cache/eth.llamarpc.com/1/6ad2c388008902a75c7ecb77eaa36dadb15787e72bccc3012fc936cb5f70316b.json
2025-11-11T15:50:25.335550	fs-birth-or-mtime	packages/contracts/cache/hardhat-network-fork/rpc_cache/eth.llamarpc.com/1/74390dea04cdb77edbb1e9c6f88dcf48ec3fe61eb5d3a386c0331d6d7dfcc58f.json
2025-11-11T15:50:25.336197	fs-birth-or-mtime	packages/contracts/cache/hardhat-network-fork/rpc_cache/eth.llamarpc.com/1/4d8ccf106cf86d616de93e7f0d8fdf271e86af1dc204dcbc1e914d1775ff0a66.json
2025-11-11T15:50:25.336945	fs-birth-or-mtime	packages/contracts/cache/hardhat-network-fork/rpc_cache/eth.llamarpc.com/1/1278228d06a11f6555b8988c588a66f98a1db1c4338541668a194c249b46ab11.json
2025-11-11T15:50:25.337639	fs-birth-or-mtime	packages/contracts/cache/hardhat-network-fork/rpc_cache/eth.llamarpc.com/1/5b95d7fac22f247ae46012b4dc2aa21f1e34c13fe90bbba695b2b49af8b64d12.json
2025-11-11T15:50:25.338347	fs-birth-or-mtime	packages/contracts/cache/hardhat-network-fork/rpc_cache/eth.llamarpc.com/1/3c0936cdeb064db7eb31f35bd1ba7fd0bd76cc0b7d205bb917554099a6ec6836.json
2025-11-11T15:50:25.339205	fs-birth-or-mtime	packages/contracts/cache/hardhat-network-fork/rpc_cache/eth.llamarpc.com/1/a9759e68127d874afd3cb02a426f05e710910fefb410e70253cd74cd8b9cc009.json
2025-11-11T15:50:25.339861	fs-birth-or-mtime	packages/contracts/cache/hardhat-network-fork/rpc_cache/eth.llamarpc.com/1/5ca6d89b4bb9e49762136d1ccaa95a5927dab1802dbbca5c48b3260d972d5a08.json
2025-11-11T15:50:25.340460	fs-birth-or-mtime	packages/contracts/cache/hardhat-network-fork/rpc_cache/eth.llamarpc.com/1/a5825db3c5aef6ca035c5cb64ec4a6b36cb32a1755002bfb6ca7c0b4d1456e38.json
2025-11-11T15:50:25.341221	fs-birth-or-mtime	packages/contracts/cache/hardhat-network-fork/rpc_cache/eth.llamarpc.com/1/c85ff3066e9839242ead6d8ea179dfdad1ba21cf71e9814c5572bee27bb1b100.json
2025-11-11T15:50:25.341975	fs-birth-or-mtime	packages/contracts/cache/hardhat-network-fork/rpc_cache/eth.llamarpc.com/1/661378ac9127f36c6d469374fe7c224ddac93ee63846f27f596f2a7d4c33df9f.json
2025-11-11T15:50:25.342707	fs-birth-or-mtime	packages/contracts/cache/hardhat-network-fork/rpc_cache/eth.llamarpc.com/1/0e33cf04d861ef03fc85422577156156819a6889e8751ca164507d04867ba245.json
2025-11-11T15:50:25.343335	fs-birth-or-mtime	packages/contracts/cache/hardhat-network-fork/rpc_cache/eth.llamarpc.com/1/351a82ec079fd97e64a28104d8350c5a718ca951bd26137f9c26387c13e4cb5a.json
2025-11-11T15:50:25.343998	fs-birth-or-mtime	packages/contracts/cache/hardhat-network-fork/rpc_cache/eth.llamarpc.com/1/659be117a609bac0452c3cdeca28c191a0f1ecf55c9b67b0489bbd565107d11f.json
2025-11-11T15:50:25.344693	fs-birth-or-mtime	packages/contracts/cache/hardhat-network-fork/rpc_cache/eth.llamarpc.com/1/d086e2ce1ca6d79d83c9dc861c5f6537b3d2bcc3f4ca07b066e82cf50a5cf118.json
2025-11-11T15:50:25.345346	fs-birth-or-mtime	packages/contracts/cache/hardhat-network-fork/rpc_cache/eth.llamarpc.com/1/8720fb53d8a2ffc79e6c11c5e00cf94c63ed48a6e4c38d6faa6599779f84e286.json
2025-11-11T15:50:25.345976	fs-birth-or-mtime	packages/contracts/cache/hardhat-network-fork/rpc_cache/eth.llamarpc.com/1/e066b10a5ce86f6757f2f8e076893899251b17fbe2165509fc4c71958659337f.json
2025-11-11T15:50:25.346559	fs-birth-or-mtime	packages/contracts/cache/hardhat-network-fork/rpc_cache/eth.llamarpc.com/1/780aa831fd0fac900ed812fb5d40c0877e7f03c209187f65791dce2ed2725536.json
2025-11-11T15:50:25.347252	fs-birth-or-mtime	packages/contracts/cache/hardhat-network-fork/rpc_cache/eth.llamarpc.com/1/46e66b3bdd120a33612333c39b97df9db165fab65e87de1beed8a2a495b21155.json
2025-11-11T15:50:25.347933	fs-birth-or-mtime	packages/contracts/cache/hardhat-network-fork/rpc_cache/eth.llamarpc.com/1/7e4ed17c94b699c75b67fd2239d257a45a59f0748bd50883f7d87809a9f53c2f.json
2025-11-11T15:50:25.348720	fs-birth-or-mtime	packages/contracts/cache/hardhat-network-fork/rpc_cache/eth.llamarpc.com/1/bbfad575b7fc73d5890d757ea78c7c1d39d3617e9016e49d7c60a8b2835ad601.json
2025-11-11T15:50:25.349367	fs-birth-or-mtime	packages/contracts/cache/hardhat-network-fork/rpc_cache/eth.llamarpc.com/1/533fe3f3c2531c3de0675f03b4615b8af9333f3345c796f6a7b8acb5f54cba74.json
2025-11-11T15:50:25.350048	fs-birth-or-mtime	packages/contracts/cache/hardhat-network-fork/rpc_cache/eth.llamarpc.com/1/80f3538aa268be36cd655feb7f46557c78068ee93f75d5f0af22834b17779383.json
2025-11-11T15:50:25.350685	fs-birth-or-mtime	packages/contracts/cache/hardhat-network-fork/rpc_cache/eth.llamarpc.com/1/58af40c2ad67e2f3e6d4e45aa6918fac04c844eca540ddf63d234cf61933751d.json
2025-11-11T15:50:25.351193	fs-birth-or-mtime	packages/contracts/cache/hardhat-network-fork/rpc_cache/eth.llamarpc.com/1/0815e479534cd4820bc1eb1d749d691f48835501830aeb944ca9dd1bb056e793.json
2025-11-11T15:50:25.351980	fs-birth-or-mtime	packages/contracts/cache/hardhat-network-fork/rpc_cache/eth.llamarpc.com/1/1f1104a963284fcf38ed7fb3f0f23fa2315f0edb2f5e70b5bafda87068e6f70f.json
2025-11-11T15:50:25.352674	fs-birth-or-mtime	packages/contracts/cache/hardhat-network-fork/rpc_cache/eth.llamarpc.com/1/6f2a67dbcaba986144c23767ff57b83229a299aa12485732b23415a126f168ec.json
2025-11-11T15:50:25.353276	fs-birth-or-mtime	packages/contracts/cache/hardhat-network-fork/rpc_cache/eth.llamarpc.com/1/88999527bbbd1b1d268510cc700a600b922dfeb3d23a040298e2295dd056f1f9.json
2025-11-11T15:50:25.353900	fs-birth-or-mtime	packages/contracts/cache/hardhat-network-fork/rpc_cache/eth.llamarpc.com/1/67fa1acb28f15ffc5ea7c58fb6dea3040101a8a675eb67cc68719ca240fde6f6.json
2025-11-11T15:50:25.354644	fs-birth-or-mtime	packages/contracts/cache/hardhat-network-fork/rpc_cache/eth.llamarpc.com/1/637fb2964434a23c1dd65019d7b0862538f8ef1ea88950d95a59c816fcf9f2cb.json
2025-11-11T15:50:25.355226	fs-birth-or-mtime	packages/contracts/cache/hardhat-network-fork/rpc_cache/eth.llamarpc.com/1/91a69145afd4249e9c927cfedffca859c2c26ca846b35abfa2910a251a9c9359.json
2025-11-11T15:50:25.355594	fs-birth-or-mtime	packages/contracts/cache/hardhat-network-fork/rpc_cache/eth.llamarpc.com/1/83117677e9038136c5dec6d8fd370bfe6d3d3ad84d3c8d9280dbbe6c27ce78a8.json
2025-11-11T15:50:25.356089	fs-birth-or-mtime	packages/contracts/cache/hardhat-network-fork/rpc_cache/eth.llamarpc.com/1/c55b5a6b5266ad43dc5a5d81b00acc52c30dfabeb136a6359e0a0c332d856f37.json
2025-11-11T15:50:25.356637	fs-birth-or-mtime	packages/contracts/cache/hardhat-network-fork/rpc_cache/eth.llamarpc.com/1/176d5b39a90d40c7836f317be91d3cd263a94f7bfad1430519c6c942763bfbc8.json
2025-11-11T15:50:25.357105	fs-birth-or-mtime	packages/contracts/cache/hardhat-network-fork/rpc_cache/eth.llamarpc.com/1/49eeab257854348c7885d58e7016991d574a7249428854456017cdd9fc1ba14a.json
2025-11-11T15:50:25.357562	fs-birth-or-mtime	packages/contracts/cache/hardhat-network-fork/rpc_cache/eth.llamarpc.com/1/4b60691ca5def216b2204d370791bb8ae9db9a344657abc82f0165308177626a.json
2025-11-11T15:50:25.358302	fs-birth-or-mtime	packages/contracts/cache/hardhat-network-fork/rpc_cache/eth.llamarpc.com/1/c235252582534cce66124dc833fec6fcb66fedf443995c865bfad962125d4d29.json
2025-11-11T15:50:25.359560	fs-birth-or-mtime	packages/contracts/cache/hardhat-network-fork/rpc_cache/eth.llamarpc.com/1/43db04bcc7214973c35b8004f743c514ed54db1205b295847ed7954ffa4ada51.json
2025-11-11T15:50:25.360311	fs-birth-or-mtime	packages/contracts/cache/hardhat-network-fork/rpc_cache/eth.llamarpc.com/1/c31f20800ffbdfb93a8783942956823948767e00125421e849394efaa711949f.json
2025-11-11T15:50:25.360949	fs-birth-or-mtime	packages/contracts/cache/hardhat-network-fork/rpc_cache/eth.llamarpc.com/1/6b0f8748fa0f807378031fdce5552cd02ac6a66e24ae1fc74058c10f533d13f5.json
2025-11-11T15:50:25.361825	fs-birth-or-mtime	packages/contracts/cache/hardhat-network-fork/rpc_cache/eth.llamarpc.com/1/fb1a6df38bd90ab1a462bff43c9c642d935904e0e884dfb0ed72dec77f3892af.json
2025-11-11T15:50:25.362472	fs-birth-or-mtime	packages/contracts/cache/hardhat-network-fork/rpc_cache/eth.llamarpc.com/1/1f0119f679d9171b38280ec0baa9fac51df2ffd73f05bf52b3b5536bf08815f0.json
2025-11-11T15:50:25.363470	fs-birth-or-mtime	packages/contracts/cache/hardhat-network-fork/rpc_cache/eth.llamarpc.com/1/100ed79df04bbd19e8d81c73341ace3be7ac0a733b91a025f4b65f9f7547c830.json
2025-11-11T15:50:25.364371	fs-birth-or-mtime	packages/contracts/cache/hardhat-network-fork/rpc_cache/eth.llamarpc.com/1/f44020ce0630b3039405f7f8d41645af008fdb66c0eff34f916ea35e2d57a640.json
2025-11-11T15:50:25.367232	fs-birth-or-mtime	packages/contracts/cache/hardhat-network-fork/rpc_cache/eth.llamarpc.com/1/0e36c49d77514c30bf093622301d9168ad9a3e77b903db3d169c64ea0ba778e3.json
2025-11-11T15:50:25.369146	fs-birth-or-mtime	packages/contracts/cache/hardhat-network-fork/rpc_cache/eth.llamarpc.com/1/caf2144952b44dcfd72da3770e8897665c6e8fe701f042f733a9edcd9d9a79d4.json
2025-11-11T15:50:25.369852	fs-birth-or-mtime	packages/contracts/cache/hardhat-network-fork/rpc_cache/eth.llamarpc.com/1/0becc4cb314e4557af5730ab20ce798c91b42a539f12b4a35662e13f7528280b.json
2025-11-11T15:50:25.370671	fs-birth-or-mtime	packages/contracts/cache/hardhat-network-fork/rpc_cache/eth.llamarpc.com/1/6b52095383d652d5c74726e4d86d18e29cc82a1710d3f21bbe170ea5f6a587e4.json
2025-11-11T15:50:25.371476	fs-birth-or-mtime	packages/contracts/cache/hardhat-network-fork/rpc_cache/eth.llamarpc.com/1/5ba0b18181dbb89b88383287db8c6bc58e5c6816101dcc8652e98759ca30f220.json
2025-11-11T15:50:25.372433	fs-birth-or-mtime	packages/contracts/cache/hardhat-network-fork/rpc_cache/eth.llamarpc.com/1/daeb6346f4b6d85a0fda964cabd6c163cfda41de3648699da287c7bddb845d98.json
2025-11-11T15:50:25.373294	fs-birth-or-mtime	packages/contracts/cache/hardhat-network-fork/rpc_cache/eth.llamarpc.com/1/c1b0935b9b83a43f178aa9cd28a7d0e73f1f9d6c1f6d2312a8551007a7084849.json
2025-11-11T15:50:25.373965	fs-birth-or-mtime	packages/contracts/cache/hardhat-network-fork/rpc_cache/eth.llamarpc.com/1/16a23b6dd8c9ecd91dc8e16a6df0c8a21535d8906b6255976eac25fd5033ce3f.json
2025-11-11T15:50:25.374796	fs-birth-or-mtime	packages/contracts/cache/hardhat-network-fork/rpc_cache/eth.llamarpc.com/1/02ae2f127d9ac751c35ff05d069673fb22c709876fa9b5c4dcf312cab7a2d9f3.json
2025-11-11T15:50:25.375647	fs-birth-or-mtime	packages/contracts/cache/hardhat-network-fork/rpc_cache/eth.llamarpc.com/1/cac47aa7eb12ba9449fcecaf57f3af353dc12f20e7803d32ce3572edd914ad1b.json
2025-11-11T15:50:25.377025	fs-birth-or-mtime	packages/contracts/cache/hardhat-network-fork/rpc_cache/eth.llamarpc.com/1/f662b068f4f42d100627d95bd6fdae790a7e0a773ec6b07855993e0b4024777a.json
2025-11-11T15:50:25.380181	fs-birth-or-mtime	packages/contracts/cache/hardhat-network-fork/rpc_cache/eth.llamarpc.com/1/c94e66407db847b38891b486889d2b47255317cf8b889a9d02b0cbfa638ce8ae.json
2025-11-11T15:50:25.381254	fs-birth-or-mtime	packages/contracts/cache/hardhat-network-fork/rpc_cache/eth.llamarpc.com/1/04f2298ef7f533ed8ec339ab0bdc789cedad4495ca59c9a0d3b99987a3853295.json
2025-11-11T15:50:25.382460	fs-birth-or-mtime	packages/contracts/cache/hardhat-network-fork/rpc_cache/eth.llamarpc.com/1/99c2c01f60a5e43296028cdc6c2725a013c35b91237a0f9b55dd334532b48696.json
2025-11-11T15:50:25.383166	fs-birth-or-mtime	packages/contracts/cache/hardhat-network-fork/rpc_cache/eth.llamarpc.com/1/4774937dbda0c5c3574fd50644d57d8e0601add173bd45d548d186b0fce88a31.json
2025-11-11T15:50:25.385741	fs-birth-or-mtime	packages/contracts/cache/hardhat-network-fork/rpc_cache/eth.llamarpc.com/1/8c0aae76dcccc4a07a22548881e725fb467121eda9e18325d503ae50e800c634.json
2025-11-11T15:50:25.386730	fs-birth-or-mtime	packages/contracts/cache/hardhat-network-fork/rpc_cache/eth.llamarpc.com/1/b5e32cab4f5deeaf242924547a99445c8029cb25f4c177f0f83625427123d297.json
2025-11-11T15:50:25.387662	fs-birth-or-mtime	packages/contracts/cache/hardhat-network-fork/rpc_cache/eth.llamarpc.com/1/2c46137dfeebb602df4fdd07374111ffae26ca675c3ffd943632b6d423671123.json
2025-11-11T15:50:25.388864	fs-birth-or-mtime	packages/contracts/cache/hardhat-network-fork/rpc_cache/eth.llamarpc.com/1/bc75302ba3438c289d82d44c5eedb4a552318f47d1e28cdb4b89ce7b4b4d5220.json
2025-11-11T15:50:25.390441	fs-birth-or-mtime	packages/contracts/cache/hardhat-network-fork/rpc_cache/eth.llamarpc.com/1/d3feb21dd5002cf37c529f6932081c620c856556de579652db525df9a88c9c56.json
2025-11-11T15:50:25.391141	fs-birth-or-mtime	packages/contracts/cache/hardhat-network-fork/rpc_cache/eth.llamarpc.com/1/2d8d8f7a273a8c953b16dba338917ad455e8f1454f9eb0082774e643daa2f0e8.json
2025-11-11T15:50:25.392419	fs-birth-or-mtime	packages/contracts/cache/hardhat-network-fork/rpc_cache/eth.llamarpc.com/1/afada4ead325c763900dd82d9c99d7871918c9198566aee391f8a2e993f1ccc8.json
2025-11-11T15:50:25.394282	fs-birth-or-mtime	packages/contracts/cache/hardhat-network-fork/rpc_cache/eth.llamarpc.com/1/865b28288b864e9204cd4ab5ae4684f5d1ee4a816ea08182191e96aacd3b0cfd.json
2025-11-11T15:50:25.395854	fs-birth-or-mtime	packages/contracts/cache/hardhat-network-fork/rpc_cache/eth.llamarpc.com/1/9cba489f103eedfb32e8b3686acbda7193d8619c8f1c60d7fde0a04ebc08cbcc.json
2025-11-11T15:50:25.396627	fs-birth-or-mtime	packages/contracts/cache/hardhat-network-fork/rpc_cache/eth.llamarpc.com/1/631a6ab5c5db1fe61b25ed34c7b537f1dc1102c255afd320c3e0bc2cb9c612e7.json
2025-11-11T15:50:25.397496	fs-birth-or-mtime	packages/contracts/cache/hardhat-network-fork/rpc_cache/eth.llamarpc.com/1/df5e1afdf572b57287980b889f89e1f2be919bca4f91176039a115afac51fb17.json
2025-11-11T15:50:25.398365	fs-birth-or-mtime	packages/contracts/cache/hardhat-network-fork/rpc_cache/eth.llamarpc.com/1/7068fe061f3845fcdd9c92b361bd7530b422c6d03ab50448e0b2864e03098b0c.json
2025-11-11T15:50:25.399775	fs-birth-or-mtime	packages/contracts/cache/hardhat-network-fork/rpc_cache/eth.llamarpc.com/1/6521dcf36d0d20dee5ff2f556c6b57d8ce03fef028b0eef5902c27091c02daf6.json
2025-11-11T15:50:25.401430	fs-birth-or-mtime	packages/contracts/cache/hardhat-network-fork/rpc_cache/eth.llamarpc.com/1/bf82fe03d1c78682f31983e7ece8c8198192723afdcb0ebb6d51b027f6e8b302.json
2025-11-11T15:50:25.403977	fs-birth-or-mtime	packages/contracts/cache/hardhat-network-fork/rpc_cache/eth.llamarpc.com/1/e9b259280603882e4733536fb8617e3ad8ca1e1df833ab40a0d4eadb2a364098.json
2025-11-11T15:50:25.405102	fs-birth-or-mtime	packages/contracts/cache/hardhat-network-fork/rpc_cache/eth.llamarpc.com/1/55ea46ae9ce8826d324f68e02b2cfd2dc4eba56f37f552afee826aa030d7c84c.json
2025-11-11T15:50:25.407928	fs-birth-or-mtime	packages/contracts/cache/hardhat-network-fork/rpc_cache/eth.llamarpc.com/1/dff06a89d4102eda95ee6e2dec81da3c57dc0f043cb6ffad43a24c697c89d5ab.json
2025-11-11T15:50:25.410321	fs-birth-or-mtime	packages/contracts/cache/hardhat-network-fork/rpc_cache/eth.llamarpc.com/1/ca8760b4e3a9d789f4c3a14d0d1b6a76a07154b2ae52543aebc36e86081e8ee0.json
2025-11-11T15:50:25.412903	fs-birth-or-mtime	packages/contracts/cache/hardhat-network-fork/rpc_cache/eth.llamarpc.com/1/0699782a4cff7a730813295fc25541df5b8129c08768e1ee9bacc3ab63fcb7e6.json
2025-11-11T15:50:25.414938	fs-birth-or-mtime	packages/contracts/cache/hardhat-network-fork/rpc_cache/eth.llamarpc.com/1/687a576122735978bd4e24082e368a86ac4ee1b6360bbea23ba6a50ab1b301f2.json
2025-11-11T15:50:25.416032	fs-birth-or-mtime	packages/contracts/cache/hardhat-network-fork/rpc_cache/eth.llamarpc.com/1/5e69197662ac1ff33e640396fb240b65d41500f4e03a90ab022fc36b0f98958f.json
2025-11-11T15:50:25.417049	fs-birth-or-mtime	packages/contracts/cache/hardhat-network-fork/rpc_cache/eth.llamarpc.com/1/3421092371ac53e58ddf7b28ddfe700a80c25ce86c216ab66f402798af052b39.json
2025-11-11T15:50:25.419365	fs-birth-or-mtime	packages/contracts/cache/hardhat-network-fork/rpc_cache/eth.llamarpc.com/1/960e6b0227fa2ecfd4078047807cafd664a3341fe1dc8828d2ef6f201963315a.json
2025-11-11T15:50:25.421013	fs-birth-or-mtime	packages/contracts/cache/hardhat-network-fork/rpc_cache/eth.llamarpc.com/1/78aa071e3c2ce29080f1dea970ce2affaf988066978873540afa6c7a44216d93.json
2025-11-11T15:50:25.422141	fs-birth-or-mtime	packages/contracts/cache/hardhat-network-fork/rpc_cache/eth.llamarpc.com/1/8a4d30daa8e55e962d3dcded0d9db1dde27f0e99dc0af347d71d8f76e9ba1d06.json
2025-11-11T15:50:25.423039	fs-birth-or-mtime	packages/contracts/cache/hardhat-network-fork/rpc_cache/eth.llamarpc.com/1/0785774143426390b2d9838565ce956fdb4208d1cb0915925623b1dbf5c2b6ef.json
2025-11-11T15:50:25.425574	fs-birth-or-mtime	packages/contracts/cache/hardhat-network-fork/rpc_cache/eth.llamarpc.com/1/fc66d46f1f7c52437952552bd47b35157ffbb889940a6e016f0e8f987967f2b7.json
2025-11-11T15:50:25.426193	fs-birth-or-mtime	packages/contracts/cache/hardhat-network-fork/rpc_cache/eth.llamarpc.com/1/b666047ef0ca0876359020b659b1573266d9521949a32c34f6ae4be935eacba1.json
2025-11-11T15:50:25.428495	fs-birth-or-mtime	packages/contracts/cache/hardhat-network-fork/rpc_cache/eth.llamarpc.com/1/d390e9c9836519e99d4e14e50843137d92ada4d0f3b8240c1561efa4e006373f.json
2025-11-11T15:50:25.429760	fs-birth-or-mtime	packages/contracts/cache/hardhat-network-fork/rpc_cache/eth.llamarpc.com/1/cc322e89aeb7bc3e08c37446c3930d499ab4abedf84af288433df33c7b41b086.json
2025-11-11T15:50:25.431011	fs-birth-or-mtime	packages/contracts/cache/hardhat-network-fork/rpc_cache/eth.llamarpc.com/1/46eec94dbdc489a5ceed3d31311feac6c4af2a74735a98d500da224fd1d24280.json
2025-11-11T15:50:25.432379	fs-birth-or-mtime	packages/contracts/cache/hardhat-network-fork/rpc_cache/eth.llamarpc.com/1/ec96eeba5d3273ffdeb9fc9636b9c2c342e80a4259bee2713850b6480deb4bf4.json
2025-11-11T15:50:25.433469	fs-birth-or-mtime	packages/contracts/cache/hardhat-network-fork/rpc_cache/eth.llamarpc.com/1/f289ef7b08125b35509adf993e4efb31c5a0ae72da8a4de9483ae43691367427.json
2025-11-11T15:50:25.434367	fs-birth-or-mtime	packages/contracts/cache/hardhat-network-fork/rpc_cache/eth.llamarpc.com/1/44c30cbbb829c89061a448e71f37f719edeb50f262c4fc33c98d4572b3a43954.json
2025-11-11T15:50:25.435202	fs-birth-or-mtime	packages/contracts/cache/hardhat-network-fork/rpc_cache/eth.llamarpc.com/1/d9927b1162f7359b125d0146a35c98f3541a817c0393e98893ab00ab94ebea14.json
2025-11-11T15:50:25.436236	fs-birth-or-mtime	packages/contracts/cache/hardhat-network-fork/rpc_cache/eth.llamarpc.com/1/1b9ed03863afa5a1a1d726d59991c0bcb2541680c732f99bc5f06bf79217f86c.json
2025-11-11T15:50:25.436902	fs-birth-or-mtime	packages/contracts/cache/hardhat-network-fork/rpc_cache/eth.llamarpc.com/1/62086ea51243e12f84ccaf102879269b61a4148c0f6e29cb0e5119a309caf4b9.json
2025-11-11T15:50:25.437464	fs-birth-or-mtime	packages/contracts/cache/hardhat-network-fork/rpc_cache/eth.llamarpc.com/1/4752e755c6dad9a1be9c4cc248d089a2882d6aa081453f99911fe347a5feac8d.json
2025-11-11T15:50:25.438185	fs-birth-or-mtime	packages/contracts/cache/hardhat-network-fork/rpc_cache/eth.llamarpc.com/1/3be03a75ef8a801dfe05908a2f82a19a9fc6bb7455b16b795fc58402fff8b679.json
2025-11-11T15:50:25.438977	fs-birth-or-mtime	packages/contracts/cache/hardhat-network-fork/rpc_cache/eth.llamarpc.com/1/3d3da565a1b9618c719364eff8c51c01fd6662c99a3ba803dedd2dd82cc9c8c0.json
2025-11-11T15:50:25.440364	fs-birth-or-mtime	packages/contracts/cache/hardhat-network-fork/rpc_cache/eth.llamarpc.com/1/89a3a111354cd32e4e544581296d49480f8a5bf1ad10fe79df149b5feaf8e4d7.json
2025-11-11T15:50:25.441431	fs-birth-or-mtime	packages/contracts/cache/hardhat-network-fork/rpc_cache/eth.llamarpc.com/1/02409e084fd18021d0fdf48cc271e00fb6639c3aeb6c330e38456fb10b0e18f3.json
2025-11-11T15:50:25.442196	fs-birth-or-mtime	packages/contracts/cache/hardhat-network-fork/rpc_cache/eth.llamarpc.com/1/9e3637a5ee47eae5e1ee94458c911b98aaf3263d6a2851257776647adc1764a9.json
2025-11-11T15:50:25.442793	fs-birth-or-mtime	packages/contracts/cache/hardhat-network-fork/rpc_cache/eth.llamarpc.com/1/edb2a8c86d2d973c421d6d101cf2e072cd2363904ea69671cd45d358e339c38c.json
2025-11-11T15:50:25.443425	fs-birth-or-mtime	packages/contracts/cache/hardhat-network-fork/rpc_cache/eth.llamarpc.com/1/069fc080630776380cae1f247baa7d093abdf7aafd180e8288fc4e41d32fd78c.json
2025-11-11T15:50:25.444092	fs-birth-or-mtime	packages/contracts/cache/hardhat-network-fork/rpc_cache/eth.llamarpc.com/1/072889b0cb39288786b1a5b749ef2b866c3b43fc5da35dedbb736cb694166d6c.json
2025-11-11T15:50:25.445372	fs-birth-or-mtime	packages/contracts/cache/hardhat-network-fork/rpc_cache/eth.llamarpc.com/1/1e444bc2f8868d374c83ff162547ed0a630e3fe5638660fe00379065839ce223.json
2025-11-11T15:50:25.447654	fs-birth-or-mtime	packages/contracts/cache/hardhat-network-fork/rpc_cache/eth.llamarpc.com/1/1d7aa30d10fea8c4f94c8a4464e28c5e19c36da1a87f68557b39e6d3748dd4fd.json
2025-11-11T15:50:25.448626	fs-birth-or-mtime	packages/contracts/cache/hardhat-network-fork/rpc_cache/eth.llamarpc.com/1/f3a2b026b571c5807c00b5c00f770d2b6410b21d73955701fd16d1e37691bf4e.json
2025-11-11T15:50:25.449392	fs-birth-or-mtime	packages/contracts/cache/hardhat-network-fork/rpc_cache/eth.llamarpc.com/1/16f30dba02f66b19f661f27f204d647d8d5d39210a2638818de0ef27beb05ad9.json
2025-11-11T15:50:25.450084	fs-birth-or-mtime	packages/contracts/cache/hardhat-network-fork/rpc_cache/eth.llamarpc.com/1/1805d8accaee9b34e7c66d833bab7594d790d705d37786d5fcdcc8c3ccb48df8.json
2025-11-11T15:50:25.450900	fs-birth-or-mtime	packages/contracts/cache/hardhat-network-fork/rpc_cache/eth.llamarpc.com/1/e0fc92d38125e9c860fdd2fde0af1d977277493137f5e61747a9f474d3f7b952.json
2025-11-11T15:50:25.451770	fs-birth-or-mtime	packages/contracts/cache/hardhat-network-fork/rpc_cache/eth.llamarpc.com/1/5d6d769c8f3f6ab6f9986261d2e69066ad0b92bd0891af6eaf124eb8e325dea9.json
2025-11-11T15:50:25.453108	fs-birth-or-mtime	packages/contracts/cache/hardhat-network-fork/rpc_cache/eth.llamarpc.com/1/cfb52e43343f5990dfc308d0546c6aeb404e25c1259ddf9c3f86f840e5d480ae.json
2025-11-11T15:50:25.453740	fs-birth-or-mtime	packages/contracts/cache/hardhat-network-fork/rpc_cache/eth.llamarpc.com/1/fd5d1f6930245c95ff972c7483b6239bd223704664a5dbdf1d39a0536bd7a4c7.json
2025-11-11T15:50:25.454582	fs-birth-or-mtime	packages/contracts/cache/hardhat-network-fork/rpc_cache/eth.llamarpc.com/1/056c1d87d69975968193ce8e706b5ccb46be82c5b8f796e7e1164f9d281767a4.json
2025-11-11T15:50:25.455190	fs-birth-or-mtime	packages/contracts/cache/hardhat-network-fork/rpc_cache/eth.llamarpc.com/1/4023c91016f15215f32bcc908da99dfcd643bd1e036c0567426bdf2fb0ba63d4.json
2025-11-11T15:50:25.455872	fs-birth-or-mtime	packages/contracts/cache/hardhat-network-fork/rpc_cache/eth.llamarpc.com/1/b3553abca02ff1f4b3520bfad679b3d39699a24da58cd676be6e8cfadf627af0.json
2025-11-11T15:50:25.456489	fs-birth-or-mtime	packages/contracts/cache/hardhat-network-fork/rpc_cache/eth.llamarpc.com/1/92f830a690674a97365e54967ae92b0f1e8428b32182e91bd07910efc6b1683f.json
2025-11-11T15:50:25.457035	fs-birth-or-mtime	packages/contracts/cache/hardhat-network-fork/rpc_cache/eth.llamarpc.com/1/dfcc2f19f2938288e020bbd8fcd2b37c7deec27863311bb0b019b4a78d8df3bc.json
2025-11-11T15:50:25.457554	fs-birth-or-mtime	packages/contracts/cache/hardhat-network-fork/rpc_cache/eth.llamarpc.com/1/e5c59e3b275bd53cbda5a42718234b93d5f1c13f19399b25cb21aba225fc9d00.json
2025-11-11T15:50:25.458815	fs-birth-or-mtime	packages/contracts/cache/hardhat-network-fork/rpc_cache/eth.llamarpc.com/1/c5017570c90ff831615a8c1766c90668f8d5fd1438744a67e1874ea1aa300bd7.json
2025-11-11T15:50:25.459557	fs-birth-or-mtime	packages/contracts/cache/hardhat-network-fork/rpc_cache/eth.llamarpc.com/1/9b1c0ee2d8911a1976cf99c89442fb42e2c12df0db7561207e58dc7686d80fee.json
2025-11-11T15:50:25.460350	fs-birth-or-mtime	packages/contracts/cache/hardhat-network-fork/rpc_cache/eth.llamarpc.com/1/3baf9b49a8fce6758687556474c5ae48735807e0cf528eb3aaecd236126d85e9.json
2025-11-11T15:50:25.460942	fs-birth-or-mtime	packages/contracts/cache/hardhat-network-fork/rpc_cache/eth.llamarpc.com/1/fd6e767b9f861225546282ce54c9fcb14022db38540f485eec027a17cfc98599.json
2025-11-11T15:50:25.461449	fs-birth-or-mtime	packages/contracts/cache/hardhat-network-fork/rpc_cache/eth.llamarpc.com/1/5da3e57f6198e1b6cd4fa2c2abe32dd0c17004f00bea999e9b627292d82b9461.json
2025-11-11T15:50:25.462082	fs-birth-or-mtime	packages/contracts/cache/hardhat-network-fork/rpc_cache/eth.llamarpc.com/1/61318038810b81effca2e7ce04e1d2797a70d13741a23480d49d717f2e5e28f4.json
2025-11-11T15:50:25.462782	fs-birth-or-mtime	packages/contracts/cache/hardhat-network-fork/rpc_cache/eth.llamarpc.com/1/28723df180eadd376813110a3e2251ed01c262097b78aa147bbefd8ff9ef8a90.json
2025-11-11T15:50:25.463541	fs-birth-or-mtime	packages/contracts/cache/hardhat-network-fork/rpc_cache/eth.llamarpc.com/1/55b5cc54ce2ed137019fc27bd4859f1e911e009c8e837968f1118fd8b46d6b6c.json
2025-11-11T15:50:25.464297	fs-birth-or-mtime	packages/contracts/cache/hardhat-network-fork/rpc_cache/eth.llamarpc.com/1/4855068bd29824e0f64e740b760d3973a7c0c8cfc9368491bf78fd31a7e929ff.json
2025-11-11T15:50:25.465069	fs-birth-or-mtime	packages/contracts/cache/hardhat-network-fork/rpc_cache/eth.llamarpc.com/1/ee81a99c02de19aaa1cf2de391a8f3dc01eb76ea50b16b4e5646db1ba6919cfd.json
2025-11-11T15:50:25.465729	fs-birth-or-mtime	packages/contracts/cache/hardhat-network-fork/rpc_cache/eth.llamarpc.com/1/536e8fe66972bec79b2b1a05bb7cf4964ce0a957854412c4de55f074566c7607.json
2025-11-11T15:50:25.466369	fs-birth-or-mtime	packages/contracts/cache/hardhat-network-fork/rpc_cache/eth.llamarpc.com/1/7d25561ff58c5229fd7a8eba9a44dee48a8c8d18fa2558da038118daf771d1d4.json
2025-11-11T15:50:25.466945	fs-birth-or-mtime	packages/contracts/cache/hardhat-network-fork/rpc_cache/eth.llamarpc.com/1/68b3ce36169dcb9c4c1b514de64640097477198d3868f17ca4a23e73ec9a2d48.json
2025-11-11T15:50:25.467532	fs-birth-or-mtime	packages/contracts/cache/hardhat-network-fork/rpc_cache/eth.llamarpc.com/1/f29d4b3a313a901638d371627473648a8b5fb43ff3882774a4d38d849ee7154d.json
2025-11-11T15:50:25.468161	fs-birth-or-mtime	packages/contracts/cache/hardhat-network-fork/rpc_cache/eth.llamarpc.com/1/a4f24de06878278d888f4a6720f78a12e7dda630b8ebfaf77e143d9225c64416.json
2025-11-11T15:50:25.468736	fs-birth-or-mtime	packages/contracts/cache/hardhat-network-fork/rpc_cache/eth.llamarpc.com/1/7152132b570ec74a16e44b61c71925d3ea543f6d2a89f8caa16aea288f249d56.json
2025-11-11T15:50:25.469208	fs-birth-or-mtime	packages/contracts/cache/hardhat-network-fork/rpc_cache/eth.llamarpc.com/1/20f3c63e472621b7746073c0166bfa1d6e64b70c2233792456d5a26e3a37a881.json
2025-11-11T15:50:25.469823	fs-birth-or-mtime	packages/contracts/cache/hardhat-network-fork/rpc_cache/eth.llamarpc.com/1/72c9fbc5ab68d1a11468d7f3b6ed001f53afd7c75785d00c6e43287fbf9f3bdd.json
2025-11-11T15:50:25.470472	fs-birth-or-mtime	packages/contracts/cache/hardhat-network-fork/rpc_cache/eth.llamarpc.com/1/f6615c8edc51cf16e81224614e75e12fbd750ccf26375cbe829f104701e13859.json
2025-11-11T15:50:25.471056	fs-birth-or-mtime	packages/contracts/cache/hardhat-network-fork/rpc_cache/eth.llamarpc.com/1/053b16af6c6166387d4071568fadef790c3a36e04e72cd899896f89626214391.json
2025-11-11T15:50:25.472521	fs-birth-or-mtime	packages/contracts/cache/hardhat-network-fork/rpc_cache/eth.llamarpc.com/1/8ed549ce7489b0b8e951df5c76b8969966093892cff54a1a7466f8d548eee960.json
2025-11-11T15:50:25.473222	fs-birth-or-mtime	packages/contracts/cache/hardhat-network-fork/rpc_cache/eth.llamarpc.com/1/8a4607cc0d23858dbe52cd2934742c94d8aa54f0399173cd05fe0fc7adf26866.json
2025-11-11T15:50:25.473703	fs-birth-or-mtime	packages/contracts/cache/hardhat-network-fork/rpc_cache/eth.llamarpc.com/1/5d439559ce139f38360319aa24514d8a0aefa8a1d6fae26998e3812bbde0ec46.json
2025-11-11T15:50:25.474705	fs-birth-or-mtime	packages/contracts/cache/hardhat-network-fork/rpc_cache/eth.llamarpc.com/1/fb416fd18ac18cd56ed540a668f7d76d360ff99298205dbd8a665f3590f9f83c.json
2025-11-11T15:50:25.475349	fs-birth-or-mtime	packages/contracts/cache/hardhat-network-fork/rpc_cache/eth.llamarpc.com/1/e07fd88cc98f3ec071714248d4d9b6480c9eff0addf3e84925390650b734f04d.json
2025-11-11T15:50:25.475960	fs-birth-or-mtime	packages/contracts/cache/hardhat-network-fork/rpc_cache/eth.llamarpc.com/1/089ce264a584f520dd4bffef991101d3d7a3cc3a4553f2cfd840ff26663dae2f.json
2025-11-11T15:50:25.476516	fs-birth-or-mtime	packages/contracts/cache/hardhat-network-fork/rpc_cache/eth.llamarpc.com/1/6969e8b9eedafdd5faadbe29921030496dfd30efe0d9cbdb73b6322c9d5d7a14.json
2025-11-11T15:50:25.477318	fs-birth-or-mtime	packages/contracts/cache/hardhat-network-fork/rpc_cache/eth.llamarpc.com/1/17d27f173f2e6e61b10f85bf634da63a91f044f0bcc5c6ddf4916a2842787f11.json
2025-11-11T15:50:25.477952	fs-birth-or-mtime	packages/contracts/cache/hardhat-network-fork/rpc_cache/eth.llamarpc.com/1/dc707a65c49e1fd28ed78da31847c9df81f2d2bee4d2e4b37b1ae43bbe6a2768.json
2025-11-11T15:50:25.478693	fs-birth-or-mtime	packages/contracts/cache/hardhat-network-fork/rpc_cache/eth.llamarpc.com/1/de9cf0b9bc93b80cbb2eda2afa1b34459819737286746c521f255bc7d9cbe98c.json
2025-11-11T15:50:25.479484	fs-birth-or-mtime	packages/contracts/cache/hardhat-network-fork/rpc_cache/eth.llamarpc.com/1/48397dced1d681d0271e8431a19b1ff7212f2485eec468fd35615a1bb804fdda.json
2025-11-11T15:50:25.480066	fs-birth-or-mtime	packages/contracts/cache/hardhat-network-fork/rpc_cache/eth.llamarpc.com/1/e3dfae1d47b70251fe5d940b39b9841edbfe0ecb05125e441b26200c3aa97367.json
2025-11-11T15:50:25.480755	fs-birth-or-mtime	packages/contracts/cache/hardhat-network-fork/rpc_cache/eth.llamarpc.com/1/3ec4ff6256f5f7ca397de8e1536b79dab60ba31c8c3e83ca100d818ba836da91.json
2025-11-11T15:50:25.481811	fs-birth-or-mtime	packages/contracts/cache/hardhat-network-fork/rpc_cache/eth.llamarpc.com/1/03284e0cf433e5d0afd37c1ee2b4c0a6ff09ddaa3f8da03f863466431fc50410.json
2025-11-11T15:50:25.482704	fs-birth-or-mtime	packages/contracts/cache/hardhat-network-fork/rpc_cache/eth.llamarpc.com/1/1a2a7cfb98fb629719d5634de59082f01aa883f8503b8a370e965a203159ebaa.json
2025-11-11T15:50:25.483281	fs-birth-or-mtime	packages/contracts/cache/hardhat-network-fork/rpc_cache/eth.llamarpc.com/1/50ef5bee5b258064c4686d410b2693ae8ab570d44734cd1ccdfbe10769d24dd8.json
2025-11-11T15:50:25.483776	fs-birth-or-mtime	packages/contracts/cache/hardhat-network-fork/rpc_cache/eth.llamarpc.com/1/6d9a897144e1a5e0768022821aba2dbe2a9727edca563424c64f5d7fd5220d54.json
2025-11-11T15:50:25.484390	fs-birth-or-mtime	packages/contracts/cache/hardhat-network-fork/rpc_cache/eth.llamarpc.com/1/b5d0a5fbe64e4d04bd17268957da79873d8c86a4cf7e96f72b10ea18cbf31a30.json
2025-11-11T15:50:25.485141	fs-birth-or-mtime	packages/contracts/cache/hardhat-network-fork/rpc_cache/eth.llamarpc.com/1/cb22396ada4743b87ed9f3cb9a31bfa1b5db1e67d5f2f78126742bd12bfbdb14.json
2025-11-11T15:50:25.486446	fs-birth-or-mtime	packages/contracts/cache/hardhat-network-fork/rpc_cache/eth.llamarpc.com/1/2179caf58d1b950e2b6f548639fe6cd99df795902ecee815336d11ba3bcc8aef.json
2025-11-11T15:50:25.487252	fs-birth-or-mtime	packages/contracts/cache/hardhat-network-fork/rpc_cache/eth.llamarpc.com/1/b6f47013930d799ec272330d8dcfa1aa3c0faa3bff75cfc32354b6060df0b31a.json
2025-11-11T15:50:25.488156	fs-birth-or-mtime	packages/contracts/cache/hardhat-network-fork/rpc_cache/eth.llamarpc.com/1/088d18ffcae4e0851d8570b98db379777f28727e478af0ebf98bad8cf9ce2ae8.json
2025-11-11T15:50:25.488957	fs-birth-or-mtime	packages/contracts/cache/hardhat-network-fork/rpc_cache/eth.llamarpc.com/1/b1fddadd3e382ea912bc61c534720f50da8e58f08277cb26551b69a6319904b6.json
2025-11-11T15:50:25.489652	fs-birth-or-mtime	packages/contracts/cache/hardhat-network-fork/rpc_cache/eth.llamarpc.com/1/c8f6ea88ed7a7a5633910acf560074bb0bd43be17ae1bb8d09fa54bd5127868a.json
2025-11-11T15:50:25.492182	fs-birth-or-mtime	packages/contracts/cache/hardhat-network-fork/rpc_cache/eth.llamarpc.com/1/a908011a408a296d201ab335d52a51aeb812b70ded219896ac3542a620ff2a4d.json
2025-11-11T15:50:25.494390	fs-birth-or-mtime	packages/contracts/cache/hardhat-network-fork/rpc_cache/eth.llamarpc.com/1/a5dd5044a47542fd4aa8bb006a832cd3a68de2fb80f9eb7fbbe53b0194ed4a8c.json
2025-11-11T15:50:25.495715	fs-birth-or-mtime	packages/contracts/cache/hardhat-network-fork/rpc_cache/eth.llamarpc.com/1/f61be1acc1e2f0dd92432daef081c7c617370b2a3c469c397c7293296c5eab4b.json
2025-11-11T15:50:25.496850	fs-birth-or-mtime	packages/contracts/cache/hardhat-network-fork/rpc_cache/eth.llamarpc.com/1/217e162196c8e5b71f137d1b975b45a2e9ffacf2267b58d45e799dab30828522.json
2025-11-11T15:50:25.500714	fs-birth-or-mtime	packages/contracts/cache/hardhat-network-fork/rpc_cache/eth.llamarpc.com/1/04f5337cefa8e8b598b35f36011be5708501cb8d8be187036d12931ec45b4ff2.json
2025-11-11T15:50:25.503119	fs-birth-or-mtime	packages/contracts/cache/hardhat-network-fork/rpc_cache/eth.llamarpc.com/1/c62a5cc362c8a7feb92d7003446db5a6a30c476f8ee21524afe2640a762bcb20.json
2025-11-11T15:50:25.503852	fs-birth-or-mtime	packages/contracts/cache/hardhat-network-fork/rpc_cache/eth.llamarpc.com/1/68347be5fdd2287cfa157e4213449726224a1ff7cda0b065a2ce6b26960c595a.json
2025-11-11T15:50:25.505160	fs-birth-or-mtime	packages/contracts/cache/hardhat-network-fork/rpc_cache/eth.llamarpc.com/1/64dc7d9e0e6f8efb6324602252c721a87a025b27b3ce165410905d2c3c1c034c.json
2025-11-11T15:50:25.505876	fs-birth-or-mtime	packages/contracts/cache/hardhat-network-fork/rpc_cache/eth.llamarpc.com/1/8f955a319b15d967b2edb4c7285ec8d72bc3d77637e0c216d066938872193a77.json
2025-11-11T15:50:25.506534	fs-birth-or-mtime	packages/contracts/cache/hardhat-network-fork/rpc_cache/eth.llamarpc.com/1/cd5e60d6b094069aad26a745c8c2275e238096760866b9154bb7f96be955c67d.json
2025-11-11T15:50:25.507433	fs-birth-or-mtime	packages/contracts/cache/hardhat-network-fork/rpc_cache/eth.llamarpc.com/1/d079ef380facf255a4ae894c0c3bb4a23abc2a218fdef3e737b159cef9386535.json
2025-11-11T15:50:25.508111	fs-birth-or-mtime	packages/contracts/cache/hardhat-network-fork/rpc_cache/eth.llamarpc.com/1/d7faacb9bb1c0b7b2af47d0038faf0997acdab797e9ff3224c1d11d6f59f9024.json
2025-11-11T15:50:25.508732	fs-birth-or-mtime	packages/contracts/cache/hardhat-network-fork/rpc_cache/eth.llamarpc.com/1/815fd9b8566b99f84eeb59a79e0514dbe36df5b585bb9961a7cf6a126b4ca293.json
2025-11-11T15:50:25.509707	fs-birth-or-mtime	packages/contracts/cache/hardhat-network-fork/rpc_cache/eth.llamarpc.com/1/da60e3e3974512ad08762fbdafd260a9094424ebde36e930b1ef5579784f038b.json
2025-11-11T15:50:25.514235	fs-birth-or-mtime	packages/contracts/cache/hardhat-network-fork/rpc_cache/eth.llamarpc.com/1/393327541a35d7b486e05a8f18e646aa0aa372a58fa0e32fcbb0222c9cb982d3.json
2025-11-11T15:50:25.514949	fs-birth-or-mtime	packages/contracts/cache/hardhat-network-fork/rpc_cache/eth.llamarpc.com/1/948752ddf716657b60a49607804dd3d621f2f4766015a0c670e8ad9d3a7d47b5.json
2025-11-11T15:50:25.515609	fs-birth-or-mtime	packages/contracts/cache/hardhat-network-fork/rpc_cache/eth.llamarpc.com/1/ce722a03d3f6bf4b95825e8f7ff6f4a1ee4d788b4f1eb5151cd6cd42e376aa1b.json
2025-11-11T15:50:25.516699	fs-birth-or-mtime	packages/contracts/cache/hardhat-network-fork/rpc_cache/eth.llamarpc.com/1/00980cf83cc7ae5c56aa758dbaa44ce8925547885ac5e7d05fa32d6b79e70f3f.json
2025-11-11T15:50:25.518297	fs-birth-or-mtime	packages/contracts/cache/hardhat-network-fork/rpc_cache/eth.llamarpc.com/1/b70d3cd9a0178c4972b06946dd7140e8a60a0c9d851be1f208080ba7590b6b1d.json
2025-11-11T15:50:25.521102	fs-birth-or-mtime	packages/contracts/cache/hardhat-network-fork/rpc_cache/eth.llamarpc.com/1/8ba65cbebce04d7c8460290172759484cd8c8df48f183c4ca62e2b5530a7c657.json
2025-11-11T15:50:25.522519	fs-birth-or-mtime	packages/contracts/cache/hardhat-network-fork/rpc_cache/eth.llamarpc.com/1/b79aa084494460089660ad03123fb8629f8877ecf0e19b0f8a7fed5fe1b5a212.json
2025-11-11T15:50:25.523872	fs-birth-or-mtime	packages/contracts/cache/hardhat-network-fork/rpc_cache/eth.llamarpc.com/1/43c442afe84b395f646759f5253c0626c643f143c463999c0bd4515e4d7256f0.json
2025-11-11T15:50:25.524762	fs-birth-or-mtime	packages/contracts/cache/hardhat-network-fork/rpc_cache/eth.llamarpc.com/1/790a10b2bc6c535f8bac67a29cbda7c05488571cd3940a9c3f0f74fb41e63b86.json
2025-11-11T15:50:25.526658	fs-birth-or-mtime	packages/contracts/cache/hardhat-network-fork/rpc_cache/eth.llamarpc.com/1/d140b79114319af56c0862f4b75eb59add7db15575a5d77c2591554f4e776dfc.json
2025-11-11T15:50:25.528756	fs-birth-or-mtime	packages/contracts/cache/hardhat-network-fork/rpc_cache/eth.llamarpc.com/1/31658ecdaabccca6cd472bba82719689be89c621937dd34f7d36980e3f1abc25.json
2025-11-11T15:50:25.529451	fs-birth-or-mtime	packages/contracts/cache/hardhat-network-fork/rpc_cache/eth.llamarpc.com/1/3ed1464a95861fe3c4cf90b6f425ab19e63310e031424a5928c7286464baec2e.json
2025-11-11T15:50:25.530164	fs-birth-or-mtime	packages/contracts/cache/hardhat-network-fork/rpc_cache/eth.llamarpc.com/1/29027317cf08c34b26acf69c05d0bb1a174013096c7e11c79f4453de0e24b0ca.json
2025-11-11T15:50:25.530881	fs-birth-or-mtime	packages/contracts/cache/hardhat-network-fork/rpc_cache/eth.llamarpc.com/1/1eccd3013fe18e446576f85f6825eb6b39f691140b880e6e1213bc0233856c5f.json
2025-11-11T15:50:25.531621	fs-birth-or-mtime	packages/contracts/cache/hardhat-network-fork/rpc_cache/eth.llamarpc.com/1/be77e9e02ed11b377d7703bf0d60b53ba4ada6502dfa7d2bd80317f132e6a368.json
2025-11-11T15:50:25.532563	fs-birth-or-mtime	packages/contracts/cache/hardhat-network-fork/rpc_cache/eth.llamarpc.com/1/cad777f838aa045ea29ed89b0e7202e18d0b07e878229718cdf27964a34573ce.json
2025-11-11T15:50:25.533162	fs-birth-or-mtime	packages/contracts/cache/hardhat-network-fork/rpc_cache/eth.llamarpc.com/1/ee36b88d8a078e22dd6158b1030d2cb2f19cbd77bff4b04474f8444379bdd552.json
2025-11-11T15:50:25.533793	fs-birth-or-mtime	packages/contracts/cache/hardhat-network-fork/rpc_cache/eth.llamarpc.com/1/f470ff987804617dbeac9b4ce164df0bc9ce43818e34a0c8ef13e30d2a474396.json
2025-11-11T15:50:25.534387	fs-birth-or-mtime	packages/contracts/cache/hardhat-network-fork/rpc_cache/eth.llamarpc.com/1/8f77d5d669bb4ec564364f45e33bef2ac2e52bc79e72d04e4a8eb5a9a3aa1f93.json
2025-11-11T15:50:25.535012	fs-birth-or-mtime	packages/contracts/cache/hardhat-network-fork/rpc_cache/eth.llamarpc.com/1/a76f9bb994cfc11336f78ed7aa148540b99b376082829078e5a8e42704b1fe6e.json
2025-11-11T15:50:25.535679	fs-birth-or-mtime	packages/contracts/cache/hardhat-network-fork/rpc_cache/eth.llamarpc.com/1/4c81ede52bf5caed12e54d2d048764dbfe828f28c13bab9e3942dc015d863d62.json
2025-11-11T15:50:25.536660	fs-birth-or-mtime	packages/contracts/cache/hardhat-network-fork/rpc_cache/eth.llamarpc.com/1/128375ce4969b2940682b73a25e30add3a3c8bdf2358c77fa9b1db4bec76734b.json
2025-11-11T15:50:25.537510	fs-birth-or-mtime	packages/contracts/cache/hardhat-network-fork/rpc_cache/eth.llamarpc.com/1/aa7a0a872ca90b5e3be993548e5b149c6ec8bf7efe840526b5c0781519973871.json
2025-11-11T15:50:25.538284	fs-birth-or-mtime	packages/contracts/cache/hardhat-network-fork/rpc_cache/eth.llamarpc.com/1/453dbe1d6e5e9fc48589e867fdeed8927f669e55f508c7bba2377e3aeae9d6aa.json
2025-11-11T15:50:25.541143	fs-birth-or-mtime	packages/contracts/cache/hardhat-network-fork/rpc_cache/eth.llamarpc.com/1/69caae971f2cb09d3c6e8fb5856d22a58df5718570104c7ac0156b68271940d8.json
2025-11-11T15:50:25.542061	fs-birth-or-mtime	packages/contracts/cache/hardhat-network-fork/rpc_cache/eth.llamarpc.com/1/4abfcfd2933c59e2d72aaaee96d59a487d4cc0bdab07bf90861a34831feb45f0.json
2025-11-11T15:50:25.542818	fs-birth-or-mtime	packages/contracts/cache/hardhat-network-fork/rpc_cache/eth.llamarpc.com/1/9c823d6761de90e2455e084ed8ac592b5ea9f91c492869a12820a9e76500eca0.json
2025-11-11T15:50:25.543845	fs-birth-or-mtime	packages/contracts/cache/hardhat-network-fork/rpc_cache/eth.llamarpc.com/1/96e9734427003e6c01b5e4e38fb5e7f030b3a875ba7293d760d68ace4e4fae2b.json
2025-11-11T15:50:25.544445	fs-birth-or-mtime	packages/contracts/cache/hardhat-network-fork/rpc_cache/eth.llamarpc.com/1/a99e3b7cb14fee2e033f5ff49b4c09d222ad4b937d3cced1fdb471aee58ef3a1.json
2025-11-11T15:50:25.545869	fs-birth-or-mtime	packages/contracts/cache/hardhat-network-fork/rpc_cache/eth.llamarpc.com/1/23f5a15f4705f65a2f39ab9511efb4dffbd5d0fb03da6c053078ec13eb944108.json
2025-11-11T15:50:25.547376	fs-birth-or-mtime	packages/contracts/cache/hardhat-network-fork/rpc_cache/eth.llamarpc.com/1/3c4b65e61fc3ec7f181f32f692e51f2f09a79c0f6fbf6297cfdc81e9d59daccd.json
2025-11-11T15:50:25.548524	fs-birth-or-mtime	packages/contracts/cache/hardhat-network-fork/rpc_cache/eth.llamarpc.com/1/1f931eda4c026189b3f695b94290a52ebd1c400265613671e14800242f2fdc81.json
2025-11-11T15:50:25.549540	fs-birth-or-mtime	packages/contracts/cache/hardhat-network-fork/rpc_cache/eth.llamarpc.com/1/b13dc24f6fb4e88c1f06596d9ce04bd3f4e86edd8f2381516796b5a81515a585.json
2025-11-11T15:50:25.550449	fs-birth-or-mtime	packages/contracts/cache/hardhat-network-fork/rpc_cache/eth.llamarpc.com/1/23c02de562202c74bf7c9715e9a7823de603d343df9baeecd46bba74589c23ca.json
2025-11-11T15:50:25.551434	fs-birth-or-mtime	packages/contracts/cache/hardhat-network-fork/rpc_cache/eth.llamarpc.com/1/860329aae18472595ca71d8b30f5121ed9f356581e54fc6ef3081c92aff85fc7.json
2025-11-11T15:50:25.553120	fs-birth-or-mtime	packages/contracts/cache/hardhat-network-fork/rpc_cache/eth.llamarpc.com/1/8728ea4227c463e1d12f3baf05cabc3d18faaec65a1a0576fe696ce7c21cb60b.json
2025-11-11T15:50:25.553779	fs-birth-or-mtime	packages/contracts/cache/hardhat-network-fork/rpc_cache/eth.llamarpc.com/1/26ad71d3de06505b1e1377bbf8fddf823ec8264139edc337d1d644f2b6931e90.json
2025-11-11T15:50:25.554862	fs-birth-or-mtime	packages/contracts/cache/hardhat-network-fork/rpc_cache/eth.llamarpc.com/1/e27d883aaa82b60533b07edb5cbb2ee3e20871216430acb6326724f09ad16c41.json
2025-11-11T15:50:25.555439	fs-birth-or-mtime	packages/contracts/cache/hardhat-network-fork/rpc_cache/eth.llamarpc.com/1/6e4012ccd657565b27132bac5476a5182f9f1989c7520071256e0799453572e4.json
2025-11-11T15:50:25.556055	fs-birth-or-mtime	packages/contracts/cache/hardhat-network-fork/rpc_cache/eth.llamarpc.com/1/753091c8e76ba6e96cee1425736d2e2d92c605cac5920e14b66f0bcb1c12947c.json
2025-11-11T15:50:25.556762	fs-birth-or-mtime	packages/contracts/cache/hardhat-network-fork/rpc_cache/eth.llamarpc.com/1/cc12570e6760201b4479e4c4d0b816c3f229d974c825d4fbdc7c69d9c4c40e1d.json
2025-11-11T15:50:25.557782	fs-birth-or-mtime	packages/contracts/cache/hardhat-network-fork/rpc_cache/eth.llamarpc.com/1/69c863363c6b45b3603253098607697d85c583d4cdf87b7413634ff0ed9f56a4.json
2025-11-11T15:50:25.560025	fs-birth-or-mtime	packages/contracts/cache/hardhat-network-fork/rpc_cache/eth.llamarpc.com/1/0f9665c05268f1db05da19df346c038f771af3d8c4fb33455f33f406ae4365da.json
2025-11-11T15:50:25.562096	fs-birth-or-mtime	packages/contracts/cache/hardhat-network-fork/rpc_cache/eth.llamarpc.com/1/b5a3726220ec13c44e48769d417b4875ecb084430202de4b9d089c9607aa74eb.json
2025-11-11T15:50:25.563017	fs-birth-or-mtime	packages/contracts/cache/hardhat-network-fork/rpc_cache/eth.llamarpc.com/1/b7bb4cbd72cdc63f016d6618f0bc36fb0c936e1a56cfd15e0c69181c732fba46.json
2025-11-11T15:50:25.563751	fs-birth-or-mtime	packages/contracts/cache/hardhat-network-fork/rpc_cache/eth.llamarpc.com/1/77c2eec4e11a472cb54dff5cf25252784d82c3a60bf196af60286bfb6784262c.json
2025-11-11T15:50:25.564399	fs-birth-or-mtime	packages/contracts/cache/hardhat-network-fork/rpc_cache/eth.llamarpc.com/1/573d2f38fbc595b7d856ec28b0233ea43644deae89d533ce7efd444c0b648666.json
2025-11-11T15:50:25.565562	fs-birth-or-mtime	packages/contracts/cache/hardhat-network-fork/rpc_cache/eth.llamarpc.com/1/629f0023b9b64dcf173b7ef4905e8c9dc12750886bccaf6b076b9a525d501de8.json
2025-11-11T15:50:25.566311	fs-birth-or-mtime	packages/contracts/cache/hardhat-network-fork/rpc_cache/eth.llamarpc.com/1/90a9a8eaed9d2baff50533c49d9e3748ddf6165e9417dc46468aa04e86659d25.json
2025-11-11T15:50:25.566921	fs-birth-or-mtime	packages/contracts/cache/hardhat-network-fork/rpc_cache/eth.llamarpc.com/1/4df121df49230cf1c803ca37f657f3ff15b8420b34a71a19172bcd427086866a.json
2025-11-11T15:50:25.567514	fs-birth-or-mtime	packages/contracts/cache/hardhat-network-fork/rpc_cache/eth.llamarpc.com/1/bb091fc96b578782f48fb0ee4ec3b26127ea1b60cc3aa43ff38fac53d970de77.json
2025-11-11T15:50:25.568095	fs-birth-or-mtime	packages/contracts/cache/hardhat-network-fork/rpc_cache/eth.llamarpc.com/1/1ec14bd75360ae5e225e9986f939a5af4accaf3722725c71d57339327208964c.json
2025-11-11T15:50:25.568956	fs-birth-or-mtime	packages/contracts/cache/hardhat-network-fork/rpc_cache/eth.llamarpc.com/1/077e1f15e798ddb24382401534f08c6c5b8c7df0258bb97e9ffcb6f2c2a7967f.json
2025-11-11T15:50:25.569598	fs-birth-or-mtime	packages/contracts/cache/hardhat-network-fork/rpc_cache/eth.llamarpc.com/1/7fac452cb7fddf5e2fc5e8c422470014bddef1815e98cd7bf3b0df458312b70b.json
2025-11-11T15:50:25.570103	fs-birth-or-mtime	packages/contracts/cache/hardhat-network-fork/rpc_cache/eth.llamarpc.com/1/968017273c79e9dd005ea950954d70a37a59c745ba93dcc9c92b4182ea746f1d.json
2025-11-11T15:50:25.570744	fs-birth-or-mtime	packages/contracts/cache/hardhat-network-fork/rpc_cache/eth.llamarpc.com/1/0415650785869aa49cb1ebfc9f8bc6542203d35acfe036fa2a886d0f3e3afe19.json
2025-11-11T15:50:25.571434	fs-birth-or-mtime	packages/contracts/cache/hardhat-network-fork/rpc_cache/eth.llamarpc.com/1/64e519ad9d2223463177e6a7a9c24acfa7b892216506fc26772a1f13035898f6.json
2025-11-11T15:50:25.572115	fs-birth-or-mtime	packages/contracts/cache/hardhat-network-fork/rpc_cache/eth.llamarpc.com/1/8fdc62a906ab5c5d8466f0044e244edf49ef298074c2c9fd5a83333e8e1213c0.json
2025-11-11T15:50:25.572872	fs-birth-or-mtime	packages/contracts/cache/hardhat-network-fork/rpc_cache/eth.llamarpc.com/1/102af3c368789b0f161364a1bbab4dc670862b287746734cfd38d795dcd76433.json
2025-11-11T15:50:25.573653	fs-birth-or-mtime	packages/contracts/cache/hardhat-network-fork/rpc_cache/eth.llamarpc.com/1/658788cf85c0db11c29c1ffb217e0eb0a52ff5fa9c0723595d2a1d197e0df9fc.json
2025-11-11T15:50:25.574851	fs-birth-or-mtime	packages/contracts/cache/hardhat-network-fork/rpc_cache/eth.llamarpc.com/1/93c3540aeb28dd29c4bffab05b45755eb46f51c433f01b4452b4fd986e50e347.json
2025-11-11T15:50:25.575608	fs-birth-or-mtime	packages/contracts/cache/hardhat-network-fork/rpc_cache/eth.llamarpc.com/1/edf474297194203380f4648e0050012e79fad6e27aafdf43a95ac990ac3c58b6.json
2025-11-11T15:50:25.576549	fs-birth-or-mtime	packages/contracts/cache/hardhat-network-fork/rpc_cache/eth.llamarpc.com/1/531c6a6b61c1c70ecf5ca31c649ec1f0373404da0b1296e850c39fa5e932858e.json
2025-11-11T15:50:25.580339	fs-birth-or-mtime	packages/contracts/cache/hardhat-network-fork/rpc_cache/eth.llamarpc.com/1/4eee193e6323f6d16615d53d66809618313b80fafba774347891fda25ea2a39d.json
2025-11-11T15:50:25.581569	fs-birth-or-mtime	packages/contracts/cache/hardhat-network-fork/rpc_cache/eth.llamarpc.com/1/6a9a112d6565a3c98997b5074a2db98eedc113c5ef536d4f079970c2aab6d396.json
2025-11-11T15:50:25.582419	fs-birth-or-mtime	packages/contracts/cache/hardhat-network-fork/rpc_cache/eth.llamarpc.com/1/519469761ea8cf071c56661f3d968d5534348acd1726bf3bee9a68aa46c6d463.json
2025-11-11T15:50:25.583204	fs-birth-or-mtime	packages/contracts/cache/hardhat-network-fork/rpc_cache/eth.llamarpc.com/1/cb5f52c256ac2ae8483b26ec3e7f2962aed413d2dd9907dcee144df98fd978aa.json
2025-11-11T15:50:25.583946	fs-birth-or-mtime	packages/contracts/cache/hardhat-network-fork/rpc_cache/eth.llamarpc.com/1/88a5a6902a34aa875b4bce70ca43bf996c26b427f57d2ed409a1148447b9b6e7.json
2025-11-11T15:50:25.584855	fs-birth-or-mtime	packages/contracts/cache/hardhat-network-fork/rpc_cache/eth.llamarpc.com/1/b63e72772164fafd58425bcc9a98fa017bcbae98370b98e6f4ac62ec2fdcd7d9.json
2025-11-11T15:50:25.585654	fs-birth-or-mtime	packages/contracts/cache/hardhat-network-fork/rpc_cache/eth.llamarpc.com/1/4e48826148bedbba60198c51e3b0f817642933621465fe56e0274fce1520df53.json
2025-11-11T15:50:25.586350	fs-birth-or-mtime	packages/contracts/cache/hardhat-network-fork/rpc_cache/eth.llamarpc.com/1/f5765a5042d98e7e48dc2329dbb17e310db9158706af121578c87495ad071a3c.json
2025-11-11T15:50:25.586992	fs-birth-or-mtime	packages/contracts/cache/hardhat-network-fork/rpc_cache/eth.llamarpc.com/1/517e99a1788e83eb5e2090dfdb0c8f189324743ef9734de92bbaa71d52c76358.json
2025-11-11T15:50:25.587776	fs-birth-or-mtime	packages/contracts/cache/hardhat-network-fork/rpc_cache/eth.llamarpc.com/1/37326597c049dd890d208687f632431e8c67976b6ed13e3bd2043e11321bf3d0.json
2025-11-11T15:50:25.588539	fs-birth-or-mtime	packages/contracts/cache/hardhat-network-fork/rpc_cache/eth.llamarpc.com/1/6c38829f9e9424e0b7057e6ce5e90ae887a9b6baffacb01a45ba71d664ec2365.json
2025-11-11T15:50:25.590516	fs-birth-or-mtime	packages/contracts/cache/hardhat-network-fork/rpc_cache/eth.llamarpc.com/1/6926d58a05ac2a7ad3ed8c33b1f177a3189a7df7fadb934eedc8efb2fd9c29e4.json
2025-11-11T15:50:25.591259	fs-birth-or-mtime	packages/contracts/cache/hardhat-network-fork/rpc_cache/eth.llamarpc.com/1/230965b24579159816cc790ad6fb6e9bab15c1b8c82c0834594609591f7cfa68.json
2025-11-11T15:50:25.593225	fs-birth-or-mtime	packages/contracts/cache/hardhat-network-fork/rpc_cache/eth.llamarpc.com/1/93e633ee123a0d771fc5e5c37a4dff36eb20ba895a01dd3ba17a913e014ae1fa.json
2025-11-11T15:50:25.594290	fs-birth-or-mtime	packages/contracts/cache/hardhat-network-fork/rpc_cache/eth.llamarpc.com/1/edf77a7f366e8b3d2691d823cbefcc778ea92198ebdd88d25479f462b8ddaaab.json
2025-11-11T15:50:25.595070	fs-birth-or-mtime	packages/contracts/cache/hardhat-network-fork/rpc_cache/eth.llamarpc.com/1/b263716efbd771d7ec79bcdfc639f8cbd8dc6af831cd26f2a8f9b5d93973419a.json
2025-11-11T15:50:25.596534	fs-birth-or-mtime	packages/contracts/cache/hardhat-network-fork/rpc_cache/eth.llamarpc.com/1/b04766430f205781897c6c8558812327923e11ad6fea94a89178ca551976869a.json
2025-11-11T15:50:25.597246	fs-birth-or-mtime	packages/contracts/cache/hardhat-network-fork/rpc_cache/eth.llamarpc.com/1/ccd786df1bec10882f81047b024b655c71bb1b50b3258473ba9a222c3dd715ff.json
2025-11-11T15:50:25.598405	fs-birth-or-mtime	packages/contracts/cache/hardhat-network-fork/rpc_cache/eth.llamarpc.com/1/bd0601c9669da9fda09c29cf228000602720fdec0ed021497ffc52c1e25d0a95.json
2025-11-11T15:50:25.599170	fs-birth-or-mtime	packages/contracts/cache/hardhat-network-fork/rpc_cache/eth.llamarpc.com/1/1bd622b8562ae2bdd4b39d2b737c4f97bbb0597487ecba52975820b64338b469.json
2025-11-11T15:50:25.601089	fs-birth-or-mtime	packages/contracts/cache/hardhat-network-fork/rpc_cache/eth.llamarpc.com/1/0e96e82c358352da25e2408481211f66efff708dfcf6c359c7c767f1bc99d94e.json
2025-11-11T15:50:25.601938	fs-birth-or-mtime	packages/contracts/cache/hardhat-network-fork/rpc_cache/eth.llamarpc.com/1/311b8f180b0f43e940ad4a87ca0b625fe8be902716e4bca78dde99ca4e574367.json
2025-11-11T15:50:25.602721	fs-birth-or-mtime	packages/contracts/cache/hardhat-network-fork/rpc_cache/eth.llamarpc.com/1/d41344a8aa1b24a5ed138e48715a702f0cc472834662799b5a0f99085cac4eea.json
2025-11-11T15:50:25.603509	fs-birth-or-mtime	packages/contracts/cache/hardhat-network-fork/rpc_cache/eth.llamarpc.com/1/2bc25e186ebf05a1e167c2ff6e3fc793697c6825b0e4406459a0ca69ab82a3b5.json
2025-11-11T15:50:25.604704	fs-birth-or-mtime	packages/contracts/cache/hardhat-network-fork/rpc_cache/eth.llamarpc.com/1/5e4090b1c2acdc7e93712f5f9c034361fdcd07ca3992c5fc399c819e372d051e.json
2025-11-11T15:50:25.607024	fs-birth-or-mtime	packages/contracts/cache/hardhat-network-fork/rpc_cache/eth.llamarpc.com/1/e327df2866a53d9ea4b9702624da708d25f65320943d604aa6f0b86c9387d791.json
2025-11-11T15:50:25.607931	fs-birth-or-mtime	packages/contracts/cache/hardhat-network-fork/rpc_cache/eth.llamarpc.com/1/c1b73c7a37d36a0f43573771333b44c044d52fbf31b843643aa7aec8ed35e565.json
2025-11-11T15:50:25.608814	fs-birth-or-mtime	packages/contracts/cache/hardhat-network-fork/rpc_cache/eth.llamarpc.com/1/50fd3033637a195ee5e29e3d549b30bf1416af2500e5c2f119235e5cac7bb26e.json
2025-11-11T15:50:25.609657	fs-birth-or-mtime	packages/contracts/cache/hardhat-network-fork/rpc_cache/eth.llamarpc.com/1/9fa630feb0b8f8d4d03d7da752e3a56e9156bb18a5a959e1246607b9d45f625b.json
2025-11-11T15:50:25.610435	fs-birth-or-mtime	packages/contracts/cache/hardhat-network-fork/rpc_cache/eth.llamarpc.com/1/aa1f72621ac70ada95dfcfc7f9c1af6d6cdeca0972cf80320e2f31d0318d0155.json
2025-11-11T15:50:25.611219	fs-birth-or-mtime	packages/contracts/cache/hardhat-network-fork/rpc_cache/eth.llamarpc.com/1/9991aa781e3bbe60f8b4919675ffede9d0e0316edd67e350a1f6c7434e4ea8e7.json
2025-11-11T15:50:25.612232	fs-birth-or-mtime	packages/contracts/cache/hardhat-network-fork/rpc_cache/eth.llamarpc.com/1/9726edc3bf8b296614b498271fcbba1a5fd20dcdd5f7eec914b21090bfc0a334.json
2025-11-11T15:50:25.612999	fs-birth-or-mtime	packages/contracts/cache/hardhat-network-fork/rpc_cache/eth.llamarpc.com/1/3a029d83985e94b479d26635d15e3d45684718e7accb522785102f552d9ca890.json
2025-11-11T15:50:25.613706	fs-birth-or-mtime	packages/contracts/cache/hardhat-network-fork/rpc_cache/eth.llamarpc.com/1/c40b50eb1fca8b8c711b6fe4e09d48199c1e53e627747c3bc537f2f6b883912d.json
2025-11-11T15:50:25.614482	fs-birth-or-mtime	packages/contracts/cache/hardhat-network-fork/rpc_cache/eth.llamarpc.com/1/74e46b0388b4e099886b0493c2bd210cefb08b6b9b38bf1113c06e3d4f87e9fb.json
2025-11-11T15:50:25.615448	fs-birth-or-mtime	packages/contracts/cache/hardhat-network-fork/rpc_cache/eth.llamarpc.com/1/175c88117d094639fc5854f7e4a2eb4202f88c67be0c4624d518d0515b070b07.json
2025-11-11T15:50:25.616093	fs-birth-or-mtime	packages/contracts/cache/hardhat-network-fork/rpc_cache/eth.llamarpc.com/1/b8d5febd70f98d8d5ef9dca000c1d14c93c1c8382bec7086244a9552fbc8da8d.json
2025-11-11T15:50:25.616738	fs-birth-or-mtime	packages/contracts/cache/hardhat-network-fork/rpc_cache/eth.llamarpc.com/1/8e7642a22f91feed030592ac48c2e2ff52f5a5b6ca6002936f77e0f8af167490.json
2025-11-11T15:50:25.617336	fs-birth-or-mtime	packages/contracts/cache/hardhat-network-fork/rpc_cache/eth.llamarpc.com/1/6c1c105b5fb4ee71f0883c5f9cc91fe60d29ca231c1c84c0a8c0669f15454b5f.json
2025-11-11T15:50:25.619235	fs-birth-or-mtime	packages/contracts/cache/hardhat-network-fork/rpc_cache/eth.llamarpc.com/1/3a7ca9273e7a947d113eb83d3ecb4248b03da6841de81ad959a38be24181951f.json
2025-11-11T15:50:25.620032	fs-birth-or-mtime	packages/contracts/cache/hardhat-network-fork/rpc_cache/eth.llamarpc.com/1/a8152c817d0bda41e5f53ecc1f46efc035b4fc4c4f126fc9b01b1754b0865873.json
2025-11-11T15:50:25.621034	fs-birth-or-mtime	packages/contracts/cache/hardhat-network-fork/rpc_cache/eth.llamarpc.com/1/54c47f527149167fd52e095d434ec5427ce4c92f70ac2b5f44a931890cd352c1.json
2025-11-11T15:50:25.621742	fs-birth-or-mtime	packages/contracts/cache/hardhat-network-fork/rpc_cache/eth.llamarpc.com/1/423ec66b9e5b3e0ead7e8a379d30b6a14af8d66a9dc6f7c9b35e2890b1829656.json
2025-11-11T15:50:25.622326	fs-birth-or-mtime	packages/contracts/cache/hardhat-network-fork/rpc_cache/eth.llamarpc.com/1/dff18da22ea5da74a4568c2492b7e42e09b81ee8ef519ff065cd577de3d95598.json
2025-11-11T15:50:25.623150	fs-birth-or-mtime	packages/contracts/cache/hardhat-network-fork/rpc_cache/eth.llamarpc.com/1/fedfb9a85abd3d8ac7e94d8ed9cb8bcccd8991a8cb8f89e15425a4b3b82b7bd2.json
2025-11-11T15:50:25.623787	fs-birth-or-mtime	packages/contracts/cache/hardhat-network-fork/rpc_cache/eth.llamarpc.com/1/baf46b0d3b3b0a6e2d25a1bd094b387c5e0720117f2aee655b318011f8644760.json
2025-11-11T15:50:25.624623	fs-birth-or-mtime	packages/contracts/cache/hardhat-network-fork/rpc_cache/eth.llamarpc.com/1/2364f8b1543c42456cbea91f5eb405f7bbc9f3f6614a3a47492004809659cf80.json
2025-11-11T15:50:25.625586	fs-birth-or-mtime	packages/contracts/cache/hardhat-network-fork/rpc_cache/eth.llamarpc.com/1/d331786be6c255a6d0c5814efe3b101b9afe74938d85d5c57ace0ee6c9032712.json
2025-11-11T15:50:25.626352	fs-birth-or-mtime	packages/contracts/cache/hardhat-network-fork/rpc_cache/eth.llamarpc.com/1/483988d1fad82273eb93042b732fc74e3a1cc8afe884fb1e7667a7f3201d03b8.json
2025-11-11T15:50:25.627349	fs-birth-or-mtime	packages/contracts/cache/hardhat-network-fork/rpc_cache/eth.llamarpc.com/1/fabc0b78e197def3b817bf06098aae9e1244409eb954dbb1301857c3b09c2614.json
2025-11-11T15:50:25.628111	fs-birth-or-mtime	packages/contracts/cache/hardhat-network-fork/rpc_cache/eth.llamarpc.com/1/19516367b34a2051ac4708f2d93a219c932dd223f00ac006181fcdd086cb7a7d.json
2025-11-11T15:50:25.628912	fs-birth-or-mtime	packages/contracts/cache/hardhat-network-fork/rpc_cache/eth.llamarpc.com/1/fa2512fb14ccafa4d02d21ea4453d012d7574e0e046621345d29a1f237cce928.json
2025-11-11T15:50:25.629649	fs-birth-or-mtime	packages/contracts/cache/hardhat-network-fork/rpc_cache/eth.llamarpc.com/1/639dddfa050cb3df505d287746c2f8652bc1899e02d17dedf8e10296844a1424.json
2025-11-11T15:50:25.630414	fs-birth-or-mtime	packages/contracts/cache/hardhat-network-fork/rpc_cache/eth.llamarpc.com/1/e4718eaf2c4fe96ad4ce3d00d30ead53b05cbfab00e279327711b3e8f86393a6.json
2025-11-11T15:50:25.631157	fs-birth-or-mtime	packages/contracts/cache/hardhat-network-fork/rpc_cache/eth.llamarpc.com/1/a67a63219382324b3f18d8e86acf5788dc229675673f6a933b2e00275d764bb1.json
2025-11-11T15:50:25.632490	fs-birth-or-mtime	packages/contracts/cache/hardhat-network-fork/rpc_cache/eth.llamarpc.com/1/564b67fa90fd650dc637eafe4b921a4f201f2db940e0e52ca201f5e344b78102.json
2025-11-11T15:50:25.633196	fs-birth-or-mtime	packages/contracts/cache/hardhat-network-fork/rpc_cache/eth.llamarpc.com/1/f43805fbfdeaa8665f0246429892f7d36cc0c565bcc7fd7f484f8edf6dbd1ac2.json
2025-11-11T15:50:25.633922	fs-birth-or-mtime	packages/contracts/cache/hardhat-network-fork/rpc_cache/eth.llamarpc.com/1/359aa7854397e11350b04005861ae41cbfd1dd0934c81603718f18f33efa3e2d.json
2025-11-11T15:50:25.634643	fs-birth-or-mtime	packages/contracts/cache/hardhat-network-fork/rpc_cache/eth.llamarpc.com/1/93c8f1c6e3d9f34fe27f1dcb66b3638dcd7e3ac8d025bc36957f2bc33a516fd0.json
2025-11-11T15:50:25.635761	fs-birth-or-mtime	packages/contracts/cache/hardhat-network-fork/rpc_cache/eth.llamarpc.com/1/b70ab00098c3d7c7d269d70b81ffbeec6eae056a42230550c84c37f9d0c50daf.json
2025-11-11T15:50:25.636465	fs-birth-or-mtime	packages/contracts/cache/hardhat-network-fork/rpc_cache/eth.llamarpc.com/1/2468e5e0008955f796cb02c0e1cbd89550856cdc9a5bf2bff759f3a2b504893a.json
2025-11-11T15:50:25.637318	fs-birth-or-mtime	packages/contracts/cache/hardhat-network-fork/rpc_cache/eth.llamarpc.com/1/a9b6d937660583ebb187d2f03fc230e41c577aebe2b6247ffc2bfa75e4c4b49e.json
2025-11-11T15:50:25.637968	fs-birth-or-mtime	packages/contracts/cache/hardhat-network-fork/rpc_cache/eth.llamarpc.com/1/fc01b39c8dceed41bb255772e6fa142b0eef8fc424470c387a5839cc4d6df710.json
2025-11-11T15:50:25.638827	fs-birth-or-mtime	packages/contracts/cache/hardhat-network-fork/rpc_cache/eth.llamarpc.com/1/e5e8e33f4c060e3908c022d0a2b5dbad4a3e055648919c5a162eda58e766250b.json
2025-11-11T15:50:25.639374	fs-birth-or-mtime	packages/contracts/cache/hardhat-network-fork/rpc_cache/eth.llamarpc.com/1/bbe1ec2867cffdbd4690d9ab87e0f4348c4285c6c4dc2b241ebf1e8b48eb652d.json
2025-11-11T15:50:25.640001	fs-birth-or-mtime	packages/contracts/cache/hardhat-network-fork/rpc_cache/eth.llamarpc.com/1/892de9eb318950d4e75b67746004f55201ee33cb521f277c4f3c24bcd0fa385b.json
2025-11-11T15:50:25.640610	fs-birth-or-mtime	packages/contracts/cache/hardhat-network-fork/rpc_cache/eth.llamarpc.com/1/b253d8974512e210a2f7147dc765779e0a7e3a8ce7287cc41b0deb3fb3ed118f.json
2025-11-11T15:50:25.641091	fs-birth-or-mtime	packages/contracts/cache/hardhat-network-fork/rpc_cache/eth.llamarpc.com/1/1efb680df10599bc67f8c69a9f88e96237e8f90b00c9c09aa99c91c345df473c.json
2025-11-11T15:50:25.641857	fs-birth-or-mtime	packages/contracts/cache/hardhat-network-fork/rpc_cache/eth.llamarpc.com/1/c36c1b627249e89d4fc67f35b9297204d8f2626f22c3a258a54cad9e89768848.json
2025-11-11T15:50:25.642521	fs-birth-or-mtime	packages/contracts/cache/hardhat-network-fork/rpc_cache/eth.llamarpc.com/1/cbf5c2d6593a7a82f83468eb91589bbf160d4d4a9a1a7b52a68b56030a181768.json
2025-11-11T15:50:25.643130	fs-birth-or-mtime	packages/contracts/cache/hardhat-network-fork/rpc_cache/eth.llamarpc.com/1/32c1f4c1f57063ecd444f1e2eab0db4ab153a9fcf65a1e8791c35553a3f981d5.json
2025-11-11T15:50:25.643886	fs-birth-or-mtime	packages/contracts/cache/hardhat-network-fork/rpc_cache/eth.llamarpc.com/1/5584d7c70e9908366d634e6f5f2bacf919c84d3715f9af8ad87bb4f4ad45e225.json
2025-11-11T15:50:25.644694	fs-birth-or-mtime	packages/contracts/cache/hardhat-network-fork/rpc_cache/eth.llamarpc.com/1/719460e9a85fff0e390dc84d4c8dd9c534eb010624a2ab494e54c858a9bba476.json
2025-11-11T15:50:25.645622	fs-birth-or-mtime	packages/contracts/cache/hardhat-network-fork/rpc_cache/eth.llamarpc.com/1/9dde7e2ec890df1e6c87fd440068054af42c40f1ff5824d408f8424b4487b31e.json
2025-11-11T15:50:25.646527	fs-birth-or-mtime	packages/contracts/cache/hardhat-network-fork/rpc_cache/eth.llamarpc.com/1/0ff4df929831efeb2df53ee349e57a0a4865973de85cb986f27bb1e029e3f517.json
2025-11-11T15:50:25.647335	fs-birth-or-mtime	packages/contracts/cache/hardhat-network-fork/rpc_cache/eth.llamarpc.com/1/d70f76bfa12a062fda8256a73e9ffcb9ac582fad6c73390025ccf3a5167a20d0.json
2025-11-11T15:50:25.648022	fs-birth-or-mtime	packages/contracts/cache/hardhat-network-fork/rpc_cache/eth.llamarpc.com/1/5ec1a853bd298b2c47e2958a1a04fc679a8fe94668ed02f1da6e25062ca62dfd.json
2025-11-11T15:50:25.648716	fs-birth-or-mtime	packages/contracts/cache/hardhat-network-fork/rpc_cache/eth.llamarpc.com/1/430c9e700330b29932cc0f527f5578a84b4a3de81898ad4c8d7f93f17bc1b1d1.json
2025-11-11T15:50:25.649294	fs-birth-or-mtime	packages/contracts/cache/hardhat-network-fork/rpc_cache/eth.llamarpc.com/1/fbd2effc976ee2abe4e55e4d61eac9643e9ab0175160029386e02686758ed535.json
2025-11-11T15:50:25.650008	fs-birth-or-mtime	packages/contracts/cache/hardhat-network-fork/rpc_cache/eth.llamarpc.com/1/a8de61e0815f285f9a20b473887da816e4f3aa909e46e62229f837e74cfe107a.json
2025-11-11T15:50:25.650658	fs-birth-or-mtime	packages/contracts/cache/hardhat-network-fork/rpc_cache/eth.llamarpc.com/1/71fdb9d93e4d6c6dd193329681387232b2984f769caa28cdb39cb23ae7bbad4e.json
2025-11-11T15:50:25.651222	fs-birth-or-mtime	packages/contracts/cache/hardhat-network-fork/rpc_cache/eth.llamarpc.com/1/d6d9c5b61180086d9f1ab90445620a599f7d76094099834791fc6441aab0ad73.json
2025-11-11T15:50:25.651875	fs-birth-or-mtime	packages/contracts/cache/hardhat-network-fork/rpc_cache/eth.llamarpc.com/1/d99757d3099cb55f8d805c5df1b0bfd556c8859e3bc24eb5f7557ac8fcd7fb6b.json
2025-11-11T15:50:25.652686	fs-birth-or-mtime	packages/contracts/cache/hardhat-network-fork/rpc_cache/eth.llamarpc.com/1/9d44a36c0c2c5039051181b3e2f516cfb7764e171611532cbe0c692ba49d7fdb.json
2025-11-11T15:50:25.653555	fs-birth-or-mtime	packages/contracts/cache/hardhat-network-fork/rpc_cache/eth.llamarpc.com/1/67ed80c9b45232c2e50abdc2902b48c6c2ee7f08290d2c4d873de89762db0e37.json
2025-11-11T15:50:25.654701	fs-birth-or-mtime	packages/contracts/cache/hardhat-network-fork/rpc_cache/eth.llamarpc.com/1/fca083eec34eb79a28bf0ee3595e76d1270ab38b0b953fc149aa2385156bc069.json
2025-11-11T15:50:25.655607	fs-birth-or-mtime	packages/contracts/cache/hardhat-network-fork/rpc_cache/eth.llamarpc.com/1/46fd0372e84dcd654456415300038d32041458dc763e6e411f148c37eb6d52cf.json
2025-11-11T15:50:25.656559	fs-birth-or-mtime	packages/contracts/cache/hardhat-network-fork/rpc_cache/eth.llamarpc.com/1/eff3a1dd5ed25374b80e15b28aebdb3e13e5fbb718e1f07e0e99b690be8111c1.json
2025-11-11T15:50:25.657377	fs-birth-or-mtime	packages/contracts/cache/hardhat-network-fork/rpc_cache/eth.llamarpc.com/1/055d14e69f6af1f27c1f338f3d6625c12d5801769424034538ccea54703118cf.json
2025-11-11T15:50:25.657916	fs-birth-or-mtime	packages/contracts/cache/hardhat-network-fork/rpc_cache/eth.llamarpc.com/1/692382d75daa8fa74663adea923ba53043f03dd618471fb6b377ac53556dba7d.json
2025-11-11T15:50:25.658955	fs-birth-or-mtime	packages/contracts/cache/hardhat-network-fork/rpc_cache/eth.llamarpc.com/1/7e0cee44a2f228ea1283bd700fbe73f1a1d796c3b694128a7cd8fef7fed44191.json
2025-11-11T15:50:25.659701	fs-birth-or-mtime	packages/contracts/cache/hardhat-network-fork/rpc_cache/eth.llamarpc.com/1/b31733f59f682de4657a3f4bd5d02c018997a13c1f464ded8ac8b270c09fcd61.json
2025-11-11T15:50:25.660446	fs-birth-or-mtime	packages/contracts/cache/hardhat-network-fork/rpc_cache/eth.llamarpc.com/1/a3803800ad19329964d29a94b80d4e4e92dab2290794ff317c325a49d6932b4f.json
2025-11-11T15:50:25.661178	fs-birth-or-mtime	packages/contracts/cache/hardhat-network-fork/rpc_cache/eth.llamarpc.com/1/60ba528e1219dd59285cad8c137ac0c8e34df22c1100a9e3e75ad18df741e30a.json
2025-11-11T15:50:25.661914	fs-birth-or-mtime	packages/contracts/cache/hardhat-network-fork/rpc_cache/eth.llamarpc.com/1/44ab1f3fbc98d298e22014bcf03769496f84de6bf31b35fe765a200d7d2b2771.json
2025-11-11T15:50:25.662596	fs-birth-or-mtime	packages/contracts/cache/hardhat-network-fork/rpc_cache/eth.llamarpc.com/1/63607d5c68c4e58d6e02b8198a465c97e682ba3256e1f7bad16f02466a958852.json
2025-11-11T15:50:25.663167	fs-birth-or-mtime	packages/contracts/cache/hardhat-network-fork/rpc_cache/eth.llamarpc.com/1/35360aa894d30c83b7c7c390db9023a2e4adc3b45a564cb97b453e2511184fb2.json
2025-11-11T15:50:25.663526	fs-birth-or-mtime	packages/contracts/cache/hardhat-network-fork/rpc_cache/eth.llamarpc.com/1/fcfc3d9e05195aec8680274bbbe6a87c239a6d5316dba7951d4a66307b21ad6c.json
2025-11-11T15:50:25.663937	fs-birth-or-mtime	packages/contracts/cache/hardhat-network-fork/rpc_cache/eth.llamarpc.com/1/0967613736b6e60a116b33b0c9030a2c973cea878e4cb8a71bb4cebf354c1528.json
2025-11-11T15:50:25.664482	fs-birth-or-mtime	packages/contracts/cache/hardhat-network-fork/rpc_cache/eth.llamarpc.com/1/b0026a3129abf5b47e5c11f6fb5ffcfba7e7aafa4c958f3376f561256f5f93f1.json
2025-11-11T15:50:25.665462	fs-birth-or-mtime	packages/contracts/cache/hardhat-network-fork/rpc_cache/eth.llamarpc.com/1/4ba3398b5048961998fdd4579113b287a555ff158c8f6a945b44c4885ecfe894.json
2025-11-11T15:50:25.666295	fs-birth-or-mtime	packages/contracts/cache/hardhat-network-fork/rpc_cache/eth.llamarpc.com/1/387b896ea8dfc80f2cd43f39a9000ebf712791e3a426675898fd92bcf4dd25ce.json
2025-11-11T15:50:25.667082	fs-birth-or-mtime	packages/contracts/cache/hardhat-network-fork/rpc_cache/eth.llamarpc.com/1/be39a7cea1d772954a70f5daae1e88e3d29e94033f973ea9ab579d82a6d14c38.json
2025-11-11T15:50:25.667791	fs-birth-or-mtime	packages/contracts/cache/hardhat-network-fork/rpc_cache/eth.llamarpc.com/1/310981416f931ee126d64ba6d99d5fed1d20864eef7bc58d5626b46de61af885.json
2025-11-11T15:50:25.668325	fs-birth-or-mtime	packages/contracts/cache/hardhat-network-fork/rpc_cache/eth.llamarpc.com/1/1a21dd8b19d4d4104d00482493180d0c6ced46eb505862311442c91237709a65.json
2025-11-11T15:50:25.668916	fs-birth-or-mtime	packages/contracts/cache/hardhat-network-fork/rpc_cache/eth.llamarpc.com/1/500df90ca806d2e9f750a71706b1b1b1d296e0d784282b64ca35afc773da0176.json
2025-11-11T15:50:25.669587	fs-birth-or-mtime	packages/contracts/cache/hardhat-network-fork/rpc_cache/eth.llamarpc.com/1/d8e002dcb347649ad89a53b72833effc969b403c398ff7a1bc1b21e284d98490.json
2025-11-11T15:50:25.670224	fs-birth-or-mtime	packages/contracts/cache/hardhat-network-fork/rpc_cache/eth.llamarpc.com/1/3f1a645e0155aca16c9987b3eff6732e047ad63a47b7b3e8eff4cd70e50eff62.json
2025-11-11T15:50:25.670874	fs-birth-or-mtime	packages/contracts/cache/hardhat-network-fork/rpc_cache/eth.llamarpc.com/1/5e31d0b4bd9ed2ba200d0cde328e94ff1003ae8ba70c06cb63a3a7bc4005a057.json
2025-11-11T15:50:25.671565	fs-birth-or-mtime	packages/contracts/cache/hardhat-network-fork/rpc_cache/eth.llamarpc.com/1/f06d7f9f1e7b7ac032fab8171bdcd428040738fa387f8563dc5e21ea24d2c84a.json
2025-11-11T15:50:25.672698	fs-birth-or-mtime	packages/contracts/cache/hardhat-network-fork/rpc_cache/eth.llamarpc.com/1/52ded9c5e742590ec114cb52ce6f731bd2434d26a7ba3b51c598fef67f5fa647.json
2025-11-11T15:50:25.673534	fs-birth-or-mtime	packages/contracts/cache/hardhat-network-fork/rpc_cache/eth.llamarpc.com/1/8982a62fd48635c6f43823ff94e8b0e5e1a60fefe0ea0ee755061fb08587b3eb.json
2025-11-11T15:50:25.674243	fs-birth-or-mtime	packages/contracts/cache/hardhat-network-fork/rpc_cache/eth.llamarpc.com/1/03929126686324f26babed995227dcefede3426aa2d3a96213552f6662ce6d1e.json
2025-11-11T15:50:25.674943	fs-birth-or-mtime	packages/contracts/cache/hardhat-network-fork/rpc_cache/eth.llamarpc.com/1/11df41ff5f3981f5a729784464d216598a111a8bb9bdf77330b0086f88d5a1ce.json
2025-11-11T15:50:25.675624	fs-birth-or-mtime	packages/contracts/cache/hardhat-network-fork/rpc_cache/eth.llamarpc.com/1/e9cb4997fb229a7a200a977d653c714c7f2a3ccf4707e8c6ac44264ea57822c0.json
2025-11-11T15:50:25.676309	fs-birth-or-mtime	packages/contracts/cache/hardhat-network-fork/rpc_cache/eth.llamarpc.com/1/3e08a40209dbc7ca9c9f5fb0d7c93ea601392e62610bf1273c1e286ba41a1b26.json
2025-11-11T15:50:25.676968	fs-birth-or-mtime	packages/contracts/cache/hardhat-network-fork/rpc_cache/eth.llamarpc.com/1/4512a4faaa451e237d43ea0966fa91c12f10f75c8b1f016051822f1dfa7e1448.json
2025-11-11T15:50:25.677582	fs-birth-or-mtime	packages/contracts/cache/hardhat-network-fork/rpc_cache/eth.llamarpc.com/1/8604de87f3974b51298a0f1dcc228dfff772f3395d1134e7837e42a93a00409f.json
2025-11-11T15:50:25.678267	fs-birth-or-mtime	packages/contracts/cache/hardhat-network-fork/rpc_cache/eth.llamarpc.com/1/739fc7b0e923223b8998135dc83da9032bdae31f54cedb24f97b6457a6245768.json
2025-11-11T15:50:25.679133	fs-birth-or-mtime	packages/contracts/cache/hardhat-network-fork/rpc_cache/eth.llamarpc.com/1/00401ee4474d9dd44a2d9526726f8ea96d9c70101eb2c7224c291b8cc2aaf0eb.json
2025-11-11T15:50:25.680117	fs-birth-or-mtime	packages/contracts/cache/hardhat-network-fork/rpc_cache/eth.llamarpc.com/1/4c71f7de370dce571f89890e20a87969cc3979ddb70cb3ea3d6239a10594d4ca.json
2025-11-11T15:50:25.681048	fs-birth-or-mtime	packages/contracts/cache/hardhat-network-fork/rpc_cache/eth.llamarpc.com/1/b10f789f8958bcf611f7d5cd6b66200eac6ba0f5e11e730ef75c9d08d923cffe.json
2025-11-11T15:50:25.681688	fs-birth-or-mtime	packages/contracts/cache/hardhat-network-fork/rpc_cache/eth.llamarpc.com/1/775bd2447d1fdc8d4e52ae8b9f7b959e622bff839d9831c5dabfe9d20a0b5eca.json
2025-11-11T15:50:25.682369	fs-birth-or-mtime	packages/contracts/cache/hardhat-network-fork/rpc_cache/eth.llamarpc.com/1/e5c37e621f46620871c44aed0d5bf03a3d6553d188aa374729c1565c95414586.json
2025-11-11T15:50:25.683036	fs-birth-or-mtime	packages/contracts/cache/hardhat-network-fork/rpc_cache/eth.llamarpc.com/1/3ff1c2a1c6d1c4523e51b8ea8a7004bafb55521709ae135eaebaea9a85c9efad.json
2025-11-11T15:50:25.683872	fs-birth-or-mtime	packages/contracts/cache/hardhat-network-fork/rpc_cache/eth.llamarpc.com/1/ffb0cc5e4c1efcd06cb1d118886ff84c0cf5ff36526e19532f23c1169b5a4855.json
2025-11-11T15:50:25.684615	fs-birth-or-mtime	packages/contracts/cache/hardhat-network-fork/rpc_cache/eth.llamarpc.com/1/ffbb0aa2a601af00673746b5f424047d307baa51737fe1b59cdf1daaa730a59e.json
2025-11-11T15:50:25.686569	fs-birth-or-mtime	packages/contracts/cache/hardhat-network-fork/rpc_cache/eth.llamarpc.com/1/3160fbf36fb02a79ed793a85f1771a23e7f262740ec3fba0c11d8e4e34b08a33.json
2025-11-11T15:50:25.687195	fs-birth-or-mtime	packages/contracts/cache/hardhat-network-fork/rpc_cache/eth.llamarpc.com/1/683357b9d6b20fcdf191679ecaf37d8198cf9cc3e8aa2dacaaa5a8b52306cf2d.json
2025-11-11T15:50:25.687842	fs-birth-or-mtime	packages/contracts/cache/hardhat-network-fork/rpc_cache/eth.llamarpc.com/1/620dd62871b5f3c99dd8ed41f20e70dc782d7dbb5bc45d7b0232eef2bd10dd71.json
2025-11-11T15:50:25.688513	fs-birth-or-mtime	packages/contracts/cache/hardhat-network-fork/rpc_cache/eth.llamarpc.com/1/0d5c8151d9b3288f729f00d7efeea1b3dd5906d5ca85a977cd158b7fbfd72874.json
2025-11-11T15:50:25.689164	fs-birth-or-mtime	packages/contracts/cache/hardhat-network-fork/rpc_cache/eth.llamarpc.com/1/a06970071d49cda962224de0dc0015275a6aeb58a243e317f199acb2c0097ec8.json
2025-11-11T15:50:25.689832	fs-birth-or-mtime	packages/contracts/cache/hardhat-network-fork/rpc_cache/eth.llamarpc.com/1/c45702544756794049605e2e302ff99ad6206ea31bfd6a65fc13edc7d9e64663.json
2025-11-11T15:50:25.690641	fs-birth-or-mtime	packages/contracts/cache/hardhat-network-fork/rpc_cache/eth.llamarpc.com/1/3695876f7f0db22f0fb35f2127475aeba05ae38252dc742651114247721d2062.json
2025-11-11T15:50:25.691329	fs-birth-or-mtime	packages/contracts/cache/hardhat-network-fork/rpc_cache/eth.llamarpc.com/1/b1f96b2f12004910980e1c00031e3e20bc8fbde192793a9c281d8038f4325575.json
2025-11-11T15:50:25.692090	fs-birth-or-mtime	packages/contracts/cache/hardhat-network-fork/rpc_cache/eth.llamarpc.com/1/f9bc34aefff1104312728a149ee7e69f820fece65e830ed2e244043b12177567.json
2025-11-11T15:50:25.693017	fs-birth-or-mtime	packages/contracts/cache/hardhat-network-fork/rpc_cache/eth.llamarpc.com/1/cca1311be3e85026bf321bd22e9044f2cd6855f0ac37a5ccdb23b81a84651411.json
2025-11-11T15:50:25.693631	fs-birth-or-mtime	packages/contracts/cache/hardhat-network-fork/rpc_cache/eth.llamarpc.com/1/00fbf5bba74a26ecd94b158a035f386b57a59d7ee5fc8c9fa01c10bc43d2a900.json
2025-11-11T15:50:25.694241	fs-birth-or-mtime	packages/contracts/cache/hardhat-network-fork/rpc_cache/eth.llamarpc.com/1/ace5d4c32ff8c9164b34ac4f37829ed4d15f9f940ad38a21dec162c5590d7547.json
2025-11-11T15:50:25.694844	fs-birth-or-mtime	packages/contracts/cache/hardhat-network-fork/rpc_cache/eth.llamarpc.com/1/d8f49d7cb6188e0ef43e6a0bf8ff415f34bbb9512384fc1c0d937262377e7715.json
2025-11-11T15:50:25.695504	fs-birth-or-mtime	packages/contracts/cache/hardhat-network-fork/rpc_cache/eth.llamarpc.com/1/2952d8ec41445a7d6c3a131df908aec04739061ff5a8a16ce53de4b10073cb12.json
2025-11-11T15:50:25.696284	fs-birth-or-mtime	packages/contracts/cache/hardhat-network-fork/rpc_cache/eth.llamarpc.com/1/ff9f6cb017a86eccae4f28f03c295a36607413e4922624a927625c5f72199a6a.json
2025-11-11T15:50:25.696939	fs-birth-or-mtime	packages/contracts/cache/hardhat-network-fork/rpc_cache/eth.llamarpc.com/1/a09d039c8fd0093df339ab6890a58bfa70b061a0b694d46cb9e55bb18088b78b.json
2025-11-11T15:50:25.697627	fs-birth-or-mtime	packages/contracts/cache/hardhat-network-fork/rpc_cache/eth.llamarpc.com/1/04b534f26e1581882509aba1b8dee897af0722f737ca5f95442c11399802c798.json
2025-11-11T15:50:25.698253	fs-birth-or-mtime	packages/contracts/cache/hardhat-network-fork/rpc_cache/eth.llamarpc.com/1/b6d35345db99777215e42e35e91a38c27cd7b10f5ddf08dcc22da7bf76acaff0.json
2025-11-11T15:50:25.699438	fs-birth-or-mtime	packages/contracts/cache/hardhat-network-fork/rpc_cache/eth.llamarpc.com/1/a946c3602bee7edb89ce78909272c98f25130cd4969a4b5c1025dd761fb0d6a7.json
2025-11-11T15:50:25.700070	fs-birth-or-mtime	packages/contracts/cache/hardhat-network-fork/rpc_cache/eth.llamarpc.com/1/5559bf96f2972fad3d5e7ef0dc2315a891449aace061aca6ec3acbac75d79ca0.json
2025-11-11T15:50:25.700813	fs-birth-or-mtime	packages/contracts/cache/hardhat-network-fork/rpc_cache/eth.llamarpc.com/1/a69941b51d261df3dd55268150c511263b78fa9d6fdfd934899351d5c743fffc.json
2025-11-11T15:50:25.701446	fs-birth-or-mtime	packages/contracts/cache/hardhat-network-fork/rpc_cache/eth.llamarpc.com/1/e17a24652d81f4e9208f92c1c026126bca447c626d3cdf7f63e9c6dd877a4e61.json
2025-11-11T15:50:25.702038	fs-birth-or-mtime	packages/contracts/cache/hardhat-network-fork/rpc_cache/eth.llamarpc.com/1/d0399a6da9dc0f6a3b7d56307c34c5ab2e891073024f15a76ac5f44ba33ab32f.json
2025-11-11T15:50:25.702695	fs-birth-or-mtime	packages/contracts/cache/hardhat-network-fork/rpc_cache/eth.llamarpc.com/1/d2bddbbd97807f6bdc43c0dabd6a7e4c57e09af145f2b893b6819c2e15c69f6e.json
2025-11-11T15:50:25.703304	fs-birth-or-mtime	packages/contracts/cache/hardhat-network-fork/rpc_cache/eth.llamarpc.com/1/bca592d0601cc3875a2d18ca2ab05ce1b1df0c129b2c8867406f44e511a58953.json
2025-11-11T15:50:25.703829	fs-birth-or-mtime	packages/contracts/cache/hardhat-network-fork/rpc_cache/eth.llamarpc.com/1/2fd56229754dfd02be8bd3ec0e3a12b0a95be2d5ec5d2d647e964aabe2c7c338.json
2025-11-11T15:50:25.704425	fs-birth-or-mtime	packages/contracts/cache/hardhat-network-fork/rpc_cache/eth.llamarpc.com/1/48f581cb5960b5aed4e63183d26a5351b9f392c6c074016a3e22e175a21971af.json
2025-11-11T15:50:25.705025	fs-birth-or-mtime	packages/contracts/cache/hardhat-network-fork/rpc_cache/eth.llamarpc.com/1/263dc70309a154584dbb73933981463e92b36610a9c19c7bc4f6835ce0e92af6.json
2025-11-11T15:50:25.705607	fs-birth-or-mtime	packages/contracts/cache/hardhat-network-fork/rpc_cache/eth.llamarpc.com/1/1d84382379177366b42c298f16659ea181a3be18545ccd8d22e6efa30cef689a.json
2025-11-11T15:50:25.706300	fs-birth-or-mtime	packages/contracts/cache/hardhat-network-fork/rpc_cache/eth.llamarpc.com/1/b7783f3ff0cc83b8735943ad0711e06ee8f2a8f91f50aea76105947f251ebe66.json
2025-11-11T15:50:25.706883	fs-birth-or-mtime	packages/contracts/cache/hardhat-network-fork/rpc_cache/eth.llamarpc.com/1/7f8c94f3514e2663c6da5524fa543f873322866c4d6ff2eb14726b2ae315b243.json
2025-11-11T15:50:25.707481	fs-birth-or-mtime	packages/contracts/cache/hardhat-network-fork/rpc_cache/eth.llamarpc.com/1/51e03326d0283d2e1833abbb7716f9725bf695014ae74e05daf556c82b6789f8.json
2025-11-11T15:50:25.708292	fs-birth-or-mtime	packages/contracts/cache/hardhat-network-fork/rpc_cache/eth.llamarpc.com/1/c3b243b2062f4eee23c864f9b78cd363c748e7d267a7b48da46edba0281306cb.json
2025-11-11T15:50:25.708854	fs-birth-or-mtime	packages/contracts/cache/hardhat-network-fork/rpc_cache/eth.llamarpc.com/1/b11af9884ea051ebae7bf222319ffd13a284e9fd61f2887fc1604d27ce555d68.json
2025-11-11T15:50:25.709393	fs-birth-or-mtime	packages/contracts/cache/hardhat-network-fork/rpc_cache/eth.llamarpc.com/1/c17811b8b6bc7a531a32ba56e3376350b17f37df46b03b0fdba8e0bf210aa20e.json
2025-11-11T15:50:25.709951	fs-birth-or-mtime	packages/contracts/cache/hardhat-network-fork/rpc_cache/eth.llamarpc.com/1/5b8549a9941bbcd6e390b790922029caf89cdbb080e295f325d7739536812c0e.json
2025-11-11T15:50:25.710519	fs-birth-or-mtime	packages/contracts/cache/hardhat-network-fork/rpc_cache/eth.llamarpc.com/1/023627a59d26220404c55527dceae845383a9a8ddffa11374c620f1689c8e753.json
2025-11-11T15:50:25.712456	fs-birth-or-mtime	packages/contracts/cache/hardhat-network-fork/rpc_cache/eth.llamarpc.com/1/eb14948ead548ce7d69e610e5ab8a338652f4a49b742af9545b47e211c884eef.json
2025-11-11T15:50:25.713225	fs-birth-or-mtime	packages/contracts/cache/hardhat-network-fork/rpc_cache/eth.llamarpc.com/1/6ad3514460591d175aa8faf02846542410b8ca7a9dff5dcbaf83bcc081321c85.json
2025-11-11T15:50:25.713950	fs-birth-or-mtime	packages/contracts/cache/hardhat-network-fork/rpc_cache/eth.llamarpc.com/1/f629e41a1e9228be982970f21d12fbe77612fdc1239bedaeeb2fbd715193ae07.json
2025-11-11T15:50:25.714645	fs-birth-or-mtime	packages/contracts/cache/hardhat-network-fork/rpc_cache/eth.llamarpc.com/1/78e7a6b9e43daa20df847e52b67302e56a4f4054b9d7851627a3b413a73227e2.json
2025-11-11T15:50:25.715338	fs-birth-or-mtime	packages/contracts/cache/hardhat-network-fork/rpc_cache/eth.llamarpc.com/1/f3bb9be4212b794aa46a4b598566339c07fedb9e72e6c8e5f12f5f0c59594051.json
2025-11-11T15:50:25.715900	fs-birth-or-mtime	packages/contracts/cache/hardhat-network-fork/rpc_cache/eth.llamarpc.com/1/f82de3065c495f01b735aa3ccc16e3d67d561027f727326a04113672eecd185d.json
2025-11-11T15:50:25.716504	fs-birth-or-mtime	packages/contracts/cache/hardhat-network-fork/rpc_cache/eth.llamarpc.com/1/11c3bb0b911262e28a3e44e748f53c7311845c5bd1f10a0f16da1a24189fa3ad.json
2025-11-11T15:50:25.717010	fs-birth-or-mtime	packages/contracts/cache/hardhat-network-fork/rpc_cache/eth.llamarpc.com/1/7c0499288caef907600b3ea6610c90f672ed11cdce47ca6320084676e7254f7f.json
2025-11-11T15:50:25.718112	fs-birth-or-mtime	packages/contracts/cache/hardhat-network-fork/rpc_cache/eth.llamarpc.com/1/d1b752a2f52ac1952647db29b21739587950d37ddeab43ef57f07cc9464827a9.json
2025-11-11T15:50:25.718663	fs-birth-or-mtime	packages/contracts/cache/hardhat-network-fork/rpc_cache/eth.llamarpc.com/1/fef81a92379d8611a7993e3837ce828e5301d0550f9b687c7d32a8522630fe56.json
2025-11-11T15:50:25.719244	fs-birth-or-mtime	packages/contracts/cache/hardhat-network-fork/rpc_cache/eth.llamarpc.com/1/f185106c02d4be3ee4f794a488e9b3f1e24945b37825bfa924adde4780991c24.json
2025-11-11T15:50:25.719908	fs-birth-or-mtime	packages/contracts/cache/hardhat-network-fork/rpc_cache/eth.llamarpc.com/1/9422833653b9522aa1a699198328f45de9cb665cfaf25cfce112b9821c049130.json
2025-11-11T15:50:25.720456	fs-birth-or-mtime	packages/contracts/cache/hardhat-network-fork/rpc_cache/eth.llamarpc.com/1/fb55165e083781fd5ac0a96fd9cd8e5aef341e4227261d2299c86eed4e37e6e5.json
2025-11-11T15:50:25.720944	fs-birth-or-mtime	packages/contracts/cache/hardhat-network-fork/rpc_cache/eth.llamarpc.com/1/25f602a517ede67b4ebe2cf18eb909797353e4873d76fed4788b722611ef4fc0.json
2025-11-11T15:50:25.721452	fs-birth-or-mtime	packages/contracts/cache/hardhat-network-fork/rpc_cache/eth.llamarpc.com/1/120c68a818273744b1767671bc77e9dafe29ed24c891f331b5de52ce212e05b1.json
2025-11-11T15:50:25.721903	fs-birth-or-mtime	packages/contracts/cache/hardhat-network-fork/rpc_cache/eth.llamarpc.com/1/8a1e5b9ed08fbcbf8826c3055bfe2a2251dd7142b3c09d5556fd81a05a628e51.json
2025-11-11T15:50:25.722477	fs-birth-or-mtime	packages/contracts/cache/hardhat-network-fork/rpc_cache/eth.llamarpc.com/1/90425e3b7f6dcc62f480702b9959be3690e87913a64c824f0167151c27ab0289.json
2025-11-11T15:50:25.723194	fs-birth-or-mtime	packages/contracts/cache/hardhat-network-fork/rpc_cache/eth.llamarpc.com/1/fbfe946656d63bec935df7b7d54817ab865d38fcc73e348e2df39cbe39480c59.json
2025-11-11T15:50:25.723832	fs-birth-or-mtime	packages/contracts/cache/hardhat-network-fork/rpc_cache/eth.llamarpc.com/1/1c186035d0541f93586f81d22ab4de12a64cf60285632fc3008fde8356fd4898.json
2025-11-11T15:50:25.724490	fs-birth-or-mtime	packages/contracts/cache/hardhat-network-fork/rpc_cache/eth.llamarpc.com/1/230ea9d495fd97be50691b4d6a44da2ede41771147518d1a8619e5ffc1968525.json
2025-11-11T15:50:25.725266	fs-birth-or-mtime	packages/contracts/cache/hardhat-network-fork/rpc_cache/eth.llamarpc.com/1/2eaed0ca23dcb6bbb62b5566c3c77960fee8872f6f9c9fe1bc4d3755295b3f1e.json
2025-11-11T15:50:25.726122	fs-birth-or-mtime	packages/contracts/cache/hardhat-network-fork/rpc_cache/eth.llamarpc.com/1/c56eee648b811cd3412cbb315c02e073892964028ba0df69ee62a728f4bb951b.json
2025-11-11T15:50:25.726928	fs-birth-or-mtime	packages/contracts/cache/hardhat-network-fork/rpc_cache/eth.llamarpc.com/1/2fb49b43d7b533872dc4fc7bcb69b5f20e547e4488186853d6624c6c7133800b.json
2025-11-11T15:50:25.727453	fs-birth-or-mtime	packages/contracts/cache/hardhat-network-fork/rpc_cache/eth.llamarpc.com/1/0472d0a549a7dd3bf51c21cdbc6bc8bf8e590868a088229f1b18504d0c636178.json
2025-11-11T15:50:25.728101	fs-birth-or-mtime	packages/contracts/cache/hardhat-network-fork/rpc_cache/eth.llamarpc.com/1/001636eecdcfe693c93dab0b98dbd7d3911eeb5012fada123371dfa83d4c2c97.json
2025-11-11T15:50:25.728753	fs-birth-or-mtime	packages/contracts/cache/hardhat-network-fork/rpc_cache/eth.llamarpc.com/1/1b6f4f515fb784a0fce7e6e03c36c8d1dc5eab4b30d849791b1612f9ab28a6fc.json
2025-11-11T15:50:25.729485	fs-birth-or-mtime	packages/contracts/cache/hardhat-network-fork/rpc_cache/eth.llamarpc.com/1/4f58f4425822cbd55498dd826d1ec896e72e874a875991c9994f00ad8263dc13.json
2025-11-11T15:50:25.730104	fs-birth-or-mtime	packages/contracts/cache/hardhat-network-fork/rpc_cache/eth.llamarpc.com/1/36eca7cc3ead3cd83f30194f4f010f01bfe9f6ebc6bcbfd1532476f5fc5d827f.json
2025-11-11T15:50:25.730764	fs-birth-or-mtime	packages/contracts/cache/hardhat-network-fork/rpc_cache/eth.llamarpc.com/1/33dae6e77ba0ae3d6e1ef5724acdaba82d473da9db98abd070245ea4535ca6fd.json
2025-11-11T15:50:25.731575	fs-birth-or-mtime	packages/contracts/cache/hardhat-network-fork/rpc_cache/eth.llamarpc.com/1/028e195062019f97704dcc187ea4f2464b3c253dbea5062b01aeb22d4ec68384.json
2025-11-11T15:50:25.732330	fs-birth-or-mtime	packages/contracts/cache/hardhat-network-fork/rpc_cache/eth.llamarpc.com/1/d7e698b50f89c84fcabfc4355f018e2e266fcabd65f708775a46fad601e3672c.json
2025-11-11T15:50:25.732863	fs-birth-or-mtime	packages/contracts/cache/hardhat-network-fork/rpc_cache/eth.llamarpc.com/1/5c9586372212199f3a92957080b2423c53f2b375979458902defbb3715287366.json
2025-11-11T15:50:25.733485	fs-birth-or-mtime	packages/contracts/cache/hardhat-network-fork/rpc_cache/eth.llamarpc.com/1/60feec5b05275182dc7e020ae116b83ec02874c2f6b8f2d4307280dc9f37d700.json
2025-11-11T15:50:25.734059	fs-birth-or-mtime	packages/contracts/cache/hardhat-network-fork/rpc_cache/eth.llamarpc.com/1/66ec4a09ae010f47b0e097a067e5afba12626218d9a6c8c6c60def867abd97a1.json
2025-11-11T15:50:25.734620	fs-birth-or-mtime	packages/contracts/cache/hardhat-network-fork/rpc_cache/eth.llamarpc.com/1/b05a712507fab73f6a662ba648057d331938428441c015063524fdb3e280a200.json
2025-11-11T15:50:25.735246	fs-birth-or-mtime	packages/contracts/cache/hardhat-network-fork/rpc_cache/eth.llamarpc.com/1/f71b18df239b8aee29d6e8e7dc43f5b487e4e272e2d8a41c9ef7f40b6c23fde8.json
2025-11-11T15:50:25.735921	fs-birth-or-mtime	packages/contracts/cache/hardhat-network-fork/rpc_cache/eth.llamarpc.com/1/e2eadf9fbcf02a786743f84e8f5ff285cafca143c491d75bb2b8c2cc71179a73.json
2025-11-11T15:50:25.736746	fs-birth-or-mtime	packages/contracts/cache/hardhat-network-fork/rpc_cache/eth.llamarpc.com/1/52e8103ce511eea338c0b8c365ad17ea478ea08f6e448a36e6ce42d94e7275dd.json
2025-11-11T15:50:25.737545	fs-birth-or-mtime	packages/contracts/cache/hardhat-network-fork/rpc_cache/eth.llamarpc.com/1/a940a2344e73b011577ea0501bf21a430fdac589c3bcb793b62c63c6085a2f4a.json
2025-11-11T15:50:25.738673	fs-birth-or-mtime	packages/contracts/cache/hardhat-network-fork/rpc_cache/eth.llamarpc.com/1/74eb3d60162adcb14a53b4b7f18f6957677aa6bf63df303b6a357baaab0a40bb.json
2025-11-11T15:50:25.740721	fs-birth-or-mtime	packages/contracts/cache/hardhat-network-fork/rpc_cache/eth.llamarpc.com/1/2104e53845d75416d897b62b5600b27c2cf29643e22f66d459c4fa56a4d9766d.json
2025-11-11T15:50:25.741607	fs-birth-or-mtime	packages/contracts/cache/hardhat-network-fork/rpc_cache/eth.llamarpc.com/1/7804fdc6784a6c1d0e2ae0a73b4bc38b60fd9733fb9d9100a214652bf7b4558f.json
2025-11-11T15:50:25.743321	fs-birth-or-mtime	packages/contracts/cache/hardhat-network-fork/rpc_cache/eth.llamarpc.com/1/8dd90fd40afc4fff0d59a222e29355e37e510eb9ea7e68bedf0466f65b296df9.json
2025-11-11T15:50:25.744608	fs-birth-or-mtime	packages/contracts/cache/hardhat-network-fork/rpc_cache/eth.llamarpc.com/1/e9738300bcde37df4241c113174c51ea660c329315fcae51a23a066058afcf4f.json
2025-11-11T15:50:25.745495	fs-birth-or-mtime	packages/contracts/cache/hardhat-network-fork/rpc_cache/eth.llamarpc.com/1/b6dd923d0cb314dc3203581339e822d8c976b6c5b7f5b55370054f90d9a5f42c.json
2025-11-11T15:50:25.746293	fs-birth-or-mtime	packages/contracts/cache/hardhat-network-fork/rpc_cache/eth.llamarpc.com/1/6da68c3fa85ca22e9447dd5e1f329c1e04738aa36a2eba37557ae0ce7511b5f5.json
2025-11-11T15:50:25.747344	fs-birth-or-mtime	packages/contracts/cache/hardhat-network-fork/rpc_cache/eth.llamarpc.com/1/8fe5f4f322c1e1a596220f57e4415cb20117b6279f199f59bc2bbe1b0ac4fd78.json
2025-11-11T15:50:25.747998	fs-birth-or-mtime	packages/contracts/cache/hardhat-network-fork/rpc_cache/eth.llamarpc.com/1/3cdd6b278b43771f13402a0514bc7a4094edfd0993ce172ed413bb4376ccec74.json
2025-11-11T15:50:25.748870	fs-birth-or-mtime	packages/contracts/cache/hardhat-network-fork/rpc_cache/eth.llamarpc.com/1/4674bb06a478de0323ba653fb972e6050ecb04e609723efac9295a40b99e987c.json
2025-11-11T15:50:25.749606	fs-birth-or-mtime	packages/contracts/cache/hardhat-network-fork/rpc_cache/eth.llamarpc.com/1/7fe1285c9a489557449386a96b670e4ed41ecc8ae2a40f22c65b2a0f2037500f.json
2025-11-11T15:50:25.750147	fs-birth-or-mtime	packages/contracts/cache/hardhat-network-fork/rpc_cache/eth.llamarpc.com/1/f49045fab795a5329ea2914c6d5f262dfb4df4999cde5bf095eacf47a53e85a7.json
2025-11-11T15:50:25.751076	fs-birth-or-mtime	packages/contracts/cache/hardhat-network-fork/rpc_cache/eth.llamarpc.com/1/2b1b63a304210bce4dcfe9a4b0c28afd58d364b91c23115b32b91106fffd6447.json
2025-11-11T15:50:25.751976	fs-birth-or-mtime	packages/contracts/cache/hardhat-network-fork/rpc_cache/eth.llamarpc.com/1/4e8ed4beaf63138eaf16000165dc14aaea50528c2fbc3e246188fc959e0c01a9.json
2025-11-11T15:50:25.754906	fs-birth-or-mtime	packages/contracts/cache/hardhat-network-fork/rpc_cache/eth.llamarpc.com/1/ef1ddbf16d502b8570df3b74f8c008b43f1d6286a9b07764dae00f8ce18d46e6.json
2025-11-11T15:50:25.756263	fs-birth-or-mtime	packages/contracts/cache/hardhat-network-fork/rpc_cache/eth.llamarpc.com/1/764e8bcb47e606aa82e4e5e101ad5502fbcee1a71ede331798bba7b4b41ebfe4.json
2025-11-11T15:50:25.756952	fs-birth-or-mtime	packages/contracts/cache/hardhat-network-fork/rpc_cache/eth.llamarpc.com/1/b471a1083f695b150dabfa5133de102b058371a0b10de23648eb64fe1ddea358.json
2025-11-11T15:50:25.758120	fs-birth-or-mtime	packages/contracts/cache/hardhat-network-fork/rpc_cache/eth.llamarpc.com/1/bad54d34d3f2a7e6b6d484dad65eae265c95dda4c35d7e01c944db97354a1664.json
2025-11-11T15:50:25.759391	fs-birth-or-mtime	packages/contracts/cache/hardhat-network-fork/rpc_cache/eth.llamarpc.com/1/f8e6ece6a7b6fabdbaac3a586c7641df3cb70925b88308ec858277c0cf7e1c84.json
2025-11-11T15:50:25.760255	fs-birth-or-mtime	packages/contracts/cache/hardhat-network-fork/rpc_cache/eth.llamarpc.com/1/9da6a7e31b3f8d91c4044f7f10a88892221042dd27f8c94fb4a308217c31ca4b.json
2025-11-11T15:50:25.761525	fs-birth-or-mtime	packages/contracts/cache/hardhat-network-fork/rpc_cache/eth.llamarpc.com/1/3d0e5499c36a67eaa122a7ed043b289e0836870e3143d20ac895cd5af9b43fd1.json
2025-11-11T15:50:25.762310	fs-birth-or-mtime	packages/contracts/cache/hardhat-network-fork/rpc_cache/eth.llamarpc.com/1/0f7fb459bb96670c95900db20dcebb5d7434051ce5e98a27d453526c257b2b1a.json
2025-11-11T15:50:25.763151	fs-birth-or-mtime	packages/contracts/cache/hardhat-network-fork/rpc_cache/eth.llamarpc.com/1/dd67b47038c65d877c8cdb96c131fd5763e6780193446427e454ba4fef34803b.json
2025-11-11T15:50:25.763908	fs-birth-or-mtime	packages/contracts/cache/hardhat-network-fork/rpc_cache/eth.llamarpc.com/1/483b50330988ce11cac7e9146ad5fa21f7967b5d8c8e6dad31223290d2cf9208.json
2025-11-11T15:50:25.764638	fs-birth-or-mtime	packages/contracts/cache/hardhat-network-fork/rpc_cache/eth.llamarpc.com/1/5ad72b80e26f1711eacb90c24aede819a901281a86a92494d81ca2eee5b965d0.json
2025-11-11T15:50:25.766810	fs-birth-or-mtime	packages/contracts/cache/hardhat-network-fork/rpc_cache/eth.llamarpc.com/1/5badf3289d0e319974e49b7d2f7e7664c084e005c46ae1391e2572b76a9e42df.json
2025-11-11T15:50:25.767566	fs-birth-or-mtime	packages/contracts/cache/hardhat-network-fork/rpc_cache/eth.llamarpc.com/1/8d780eb4529176487188773139d60548938f142622ac07cff13d5e4c2f4bdb05.json
2025-11-11T15:50:25.768346	fs-birth-or-mtime	packages/contracts/cache/hardhat-network-fork/rpc_cache/eth.llamarpc.com/1/931dd5636fa046da8edb2b6ce526326c5071ecc99b22b33ea122936b65022f20.json
2025-11-11T15:50:25.769211	fs-birth-or-mtime	packages/contracts/cache/hardhat-network-fork/rpc_cache/eth.llamarpc.com/1/1cbde1b19920832ddb39aef1e52d9a73d93d58bb3cc17cb7de7286164f7a7bec.json
2025-11-11T15:50:25.769995	fs-birth-or-mtime	packages/contracts/cache/hardhat-network-fork/rpc_cache/eth.llamarpc.com/1/73f461268258818eab960bc26b6dce9fa34f0ee61c6161f0ea4cefbc5df8e160.json
2025-11-11T15:50:25.770771	fs-birth-or-mtime	packages/contracts/cache/hardhat-network-fork/rpc_cache/eth.llamarpc.com/1/3a13c801b5510dcd2a961cbfaa0189f0ddf803278e2271cc2213984b70918185.json
2025-11-11T15:50:25.771518	fs-birth-or-mtime	packages/contracts/cache/hardhat-network-fork/rpc_cache/eth.llamarpc.com/1/b97f6ba18a42d7711033d2c22ce2a733c46f8071b596cc2a04d438b6f6d42e14.json
2025-11-11T15:50:25.772324	fs-birth-or-mtime	packages/contracts/cache/hardhat-network-fork/rpc_cache/eth.llamarpc.com/1/8cc2082ce979c046b0f54cdde4991061b3b150cf2a853be75a8c3fabe183cec9.json
2025-11-11T15:50:25.773827	fs-birth-or-mtime	packages/contracts/cache/hardhat-network-fork/rpc_cache/eth.llamarpc.com/1/d4a9d1b2b7db80fef6b61809e42765367aae7e7acec9388cb6383013d9c18c00.json
2025-11-11T15:50:25.774711	fs-birth-or-mtime	packages/contracts/cache/hardhat-network-fork/rpc_cache/eth.llamarpc.com/1/7f06c851d682debb51e699920a7885e74ca1590274dfb8d60186eb2e01219364.json
2025-11-11T15:50:25.775979	fs-birth-or-mtime	packages/contracts/cache/hardhat-network-fork/rpc_cache/eth.llamarpc.com/1/7852c24df298667bdd21ef3c37b5481793fe741f0a997faab48e939539614fdf.json
2025-11-11T15:50:25.777165	fs-birth-or-mtime	packages/contracts/cache/hardhat-network-fork/rpc_cache/eth.llamarpc.com/1/83b7e7bca42857d3ee0c8f450663d132fa0a9b8fe4d7ab323792db7da8166afd.json
2025-11-11T15:50:25.778974	fs-birth-or-mtime	packages/contracts/cache/hardhat-network-fork/rpc_cache/eth.llamarpc.com/1/c41a8662dba75d0ea0c477f5edd693ca29dbb0032b23fc3a135d1fe0e48da93a.json
2025-11-11T15:50:25.780798	fs-birth-or-mtime	packages/contracts/cache/hardhat-network-fork/rpc_cache/eth.llamarpc.com/1/ba0b3222a7ba9ca6d460744c9362533e305a0203dfb68a419d3eb2e66b0418ed.json
2025-11-11T15:50:25.782416	fs-birth-or-mtime	packages/contracts/cache/hardhat-network-fork/rpc_cache/eth.llamarpc.com/1/2bed8554186308c39a9be5b670ab4e1d1430632108bbafa2177cfd37d7be43d1.json
2025-11-11T15:50:25.784146	fs-birth-or-mtime	packages/contracts/cache/hardhat-network-fork/rpc_cache/eth.llamarpc.com/1/22fd7ae8cd01e29b3578fad79459d8224b59d8135ac25fc967be0463918f95ff.json
2025-11-11T15:50:25.785245	fs-birth-or-mtime	packages/contracts/cache/hardhat-network-fork/rpc_cache/eth.llamarpc.com/1/e51c68a69e1a5acc4b64c14e68c6e7192f77108612d8faa1f62e0f370622a179.json
2025-11-11T15:50:25.786444	fs-birth-or-mtime	packages/contracts/cache/hardhat-network-fork/rpc_cache/eth.llamarpc.com/1/5508e210fd53613636a68508ac971a3865d08bbca3a7f33f457c5cf30c6ed390.json
2025-11-11T15:50:25.787277	fs-birth-or-mtime	packages/contracts/cache/hardhat-network-fork/rpc_cache/eth.llamarpc.com/1/ad692ee8019bc192671e3cb5d50db8d4c3594fbb0fb10cb99317728608b0ef9f.json
2025-11-11T15:50:25.788215	fs-birth-or-mtime	packages/contracts/cache/hardhat-network-fork/rpc_cache/eth.llamarpc.com/1/b17118072f36a4cba45b08bf39edf45fafa800e7024d9c91b0005c90a91a9eaf.json
2025-11-11T15:50:25.789459	fs-birth-or-mtime	packages/contracts/cache/hardhat-network-fork/rpc_cache/eth.llamarpc.com/1/e084cb9e176ad0b4818118d9068b2211e142d0badb1ab828ae6420171ef071c1.json
2025-11-11T15:50:25.790468	fs-birth-or-mtime	packages/contracts/cache/hardhat-network-fork/rpc_cache/eth.llamarpc.com/1/ad2da2634929f5e5a6f2f9f93bb3af9adaeecfa477e09b5ede9b721b68e42565.json
2025-11-11T15:50:25.791161	fs-birth-or-mtime	packages/contracts/cache/hardhat-network-fork/rpc_cache/eth.llamarpc.com/1/8855a057d27f47be8f624da1fa37ab88fbea09c13d13fd202628bf6ef08b17cc.json
2025-11-11T15:50:25.793285	fs-birth-or-mtime	packages/contracts/cache/hardhat-network-fork/rpc_cache/eth.llamarpc.com/1/585ebb8be4f687c6214a887af124b0461b379e6eca63aa3ccd95cf5bbbb3bec8.json
2025-11-11T15:50:25.794233	fs-birth-or-mtime	packages/contracts/cache/hardhat-network-fork/rpc_cache/eth.llamarpc.com/1/7e798d54a373d29c895430c361908794e64e7704edacd5f27ca6cd104c9ffae5.json
2025-11-11T15:50:25.794949	fs-birth-or-mtime	packages/contracts/cache/hardhat-network-fork/rpc_cache/eth.llamarpc.com/1/783073a6d32d9d5f14ae98c4963d7f9a0fe6a0f8394fff0279b48e6d084b38c9.json
2025-11-11T15:50:25.795715	fs-birth-or-mtime	packages/contracts/cache/hardhat-network-fork/rpc_cache/eth.llamarpc.com/1/c608eb9c8df32ef0205d737225f84d6e8860e2cd56efd381ea13b7c436465957.json
2025-11-11T15:50:25.796532	fs-birth-or-mtime	packages/contracts/cache/hardhat-network-fork/rpc_cache/eth.llamarpc.com/1/3b23780b36cbefbcdf6abe12c4002fbef709c52f4fe3a6e82c06fbdd48d3ace4.json
2025-11-11T15:50:25.797269	fs-birth-or-mtime	packages/contracts/cache/hardhat-network-fork/rpc_cache/eth.llamarpc.com/1/300aff642b78984012fa1d900615a4bfb184e240b6c12317b35137fb3611b53f.json
2025-11-11T15:50:25.797930	fs-birth-or-mtime	packages/contracts/cache/hardhat-network-fork/rpc_cache/eth.llamarpc.com/1/61ab4fca3a1fdcfb777d491faf25b9dfec2c19a33503eab359e23a1a30f63a19.json
2025-11-11T15:50:25.798491	fs-birth-or-mtime	packages/contracts/cache/hardhat-network-fork/rpc_cache/eth.llamarpc.com/1/308f74b928bfb0db8a439c187961f3ed2d215734f47eee1163e0565cebb84252.json
2025-11-11T15:50:25.800591	fs-birth-or-mtime	packages/contracts/cache/hardhat-network-fork/rpc_cache/eth.llamarpc.com/1/49fd15c72c3721db689b563c32758da93f20a551b68a24d59862f5ea0c0a3360.json
2025-11-11T15:50:25.801626	fs-birth-or-mtime	packages/contracts/cache/hardhat-network-fork/rpc_cache/eth.llamarpc.com/1/1934efde4227b7879d20bd900196352181d42d5f2f9a99b6f9d8f67712ca07ac.json
2025-11-11T15:50:25.802323	fs-birth-or-mtime	packages/contracts/cache/hardhat-network-fork/rpc_cache/eth.llamarpc.com/1/50d16171d2880a07457a82a1cbeb6fd4930a1b21c9c65c9cebf06eb2a2da52b8.json
2025-11-11T15:50:25.802993	fs-birth-or-mtime	packages/contracts/cache/hardhat-network-fork/rpc_cache/eth.llamarpc.com/1/c4d7a36aeaa93945e23ff290dfffc56568b1423ed07ed41ceec3948e3e817ce1.json
2025-11-11T15:50:25.804131	fs-birth-or-mtime	packages/contracts/cache/hardhat-network-fork/rpc_cache/eth.llamarpc.com/1/cc6e3e1a3b1b50dc700f99e20aa5ce2b5d3155e3ca2879cf993eef1991ae63ab.json
2025-11-11T15:50:25.805036	fs-birth-or-mtime	packages/contracts/cache/hardhat-network-fork/rpc_cache/eth.llamarpc.com/1/89f8cd84ca14343e4792a8d93c95a51dd68a2111c0f681c775901e1bfc0415fe.json
2025-11-11T15:50:25.807915	fs-birth-or-mtime	packages/contracts/cache/hardhat-network-fork/rpc_cache/eth.llamarpc.com/1/e5c3a86af1c53e00812b80ef0d662bce4cd0ea6fb9f61d0e830e7165b985206f.json
2025-11-11T15:50:25.809921	fs-birth-or-mtime	packages/contracts/cache/hardhat-network-fork/rpc_cache/eth.llamarpc.com/1/6c938cf8fa7e2df4ce5ccd1e81f61ee64737bd643224f0b6a9a20f408d968cc6.json
2025-11-11T15:50:25.810554	fs-birth-or-mtime	packages/contracts/cache/hardhat-network-fork/rpc_cache/eth.llamarpc.com/1/81100d0390568e1d0c6c789d153b27bed7d51b1330242b124e3eca562e3ab478.json
2025-11-11T15:50:25.811239	fs-birth-or-mtime	packages/contracts/cache/hardhat-network-fork/rpc_cache/eth.llamarpc.com/1/fc5dae7d0ef8a42cfcbf24caf95eee707e33f1590f5363ee462d7e71065e4430.json
2025-11-11T15:50:25.811933	fs-birth-or-mtime	packages/contracts/cache/hardhat-network-fork/rpc_cache/eth.llamarpc.com/1/ce9f7f2256bc68260a0123f4d11abdb00cd33e4d0c12fe03d340d1abfe83a8eb.json
2025-11-11T15:50:25.813872	fs-birth-or-mtime	packages/contracts/cache/hardhat-network-fork/rpc_cache/eth.llamarpc.com/1/fee453d13fa348e1464baaf72e956c1e61fff58e36be57bef9700b972a3d2535.json
2025-11-11T15:50:25.814809	fs-birth-or-mtime	packages/contracts/cache/hardhat-network-fork/rpc_cache/eth.llamarpc.com/1/bd1f31a7e0f6b4b86a1e8c8006c1c82b4f723efea80fbda0720864aed664ef54.json
2025-11-11T15:50:25.815430	fs-birth-or-mtime	packages/contracts/cache/hardhat-network-fork/rpc_cache/eth.llamarpc.com/1/9ce0ec4676d8134417dd7f01c1765505f97062a40a01e3d8d2a3a6281e531482.json
2025-11-11T15:50:25.816033	fs-birth-or-mtime	packages/contracts/cache/hardhat-network-fork/rpc_cache/eth.llamarpc.com/1/602c9824451d0aa90b34e881b6a454be801583872fc7c62d1df45dc2f0bb2b62.json
2025-11-11T15:50:25.816622	fs-birth-or-mtime	packages/contracts/cache/hardhat-network-fork/rpc_cache/eth.llamarpc.com/1/4b8a3d0e626178303126dfd0089f72511f15bb86e7c0ae42c048d2658bf0d7bd.json
2025-11-11T15:50:25.817188	fs-birth-or-mtime	packages/contracts/cache/hardhat-network-fork/rpc_cache/eth.llamarpc.com/1/94d62785aff591477429dd2f9034190f0cc85f110e256465ea3e6c5ef38511d9.json
2025-11-11T15:50:25.817801	fs-birth-or-mtime	packages/contracts/cache/hardhat-network-fork/rpc_cache/eth.llamarpc.com/1/d2e69fae413ada5b38c0751d7e8713d34b1822e000dac91fd8b4d87db77c963e.json
2025-11-11T15:50:25.819257	fs-birth-or-mtime	packages/contracts/cache/hardhat-network-fork/rpc_cache/eth.llamarpc.com/1/f8b2d269da621be223caf39328121c290d2874a181209b09274bb98775ef43b8.json
2025-11-11T15:50:25.820034	fs-birth-or-mtime	packages/contracts/cache/hardhat-network-fork/rpc_cache/eth.llamarpc.com/1/88fc40dc843cf21f62a617ac97052f8b89a0625fe259db02f683efeb5fd7499a.json
2025-11-11T15:50:25.820732	fs-birth-or-mtime	packages/contracts/cache/hardhat-network-fork/rpc_cache/eth.llamarpc.com/1/04ca405317a47cbc8ecb5b0b3d2879bbfb3bc64eafe6ebe95737046fcaca7a90.json
2025-11-11T15:50:25.821421	fs-birth-or-mtime	packages/contracts/cache/hardhat-network-fork/rpc_cache/eth.llamarpc.com/1/34d377459880180313eb418147d5f402f254f509748028aca80bf586787825a7.json
2025-11-11T15:50:25.822088	fs-birth-or-mtime	packages/contracts/cache/hardhat-network-fork/rpc_cache/eth.llamarpc.com/1/0d74e2aed24bb441bdfe0f8d07ad3d930a2967b0edb9254296d621ebab0f45c0.json
2025-11-11T15:50:25.822787	fs-birth-or-mtime	packages/contracts/cache/hardhat-network-fork/rpc_cache/eth.llamarpc.com/1/a717d2ed34c0268def73a21b05416a6c61454f7bb56208445ad48ff8d89f06d7.json
2025-11-11T15:50:25.823399	fs-birth-or-mtime	packages/contracts/cache/hardhat-network-fork/rpc_cache/eth.llamarpc.com/1/b57257ff2b143435ee2b4bb283773a80c7fb29f4f8bb9b72a159ac5fdf91df6b.json
2025-11-11T15:50:25.828037	fs-birth-or-mtime	packages/contracts/cache/hardhat-network-fork/rpc_cache/eth.llamarpc.com/1/0816b02c723b59df974ee935ce0e1240fe7d93574796fcb45c94d9f8a23c5d19.json
2025-11-11T15:50:25.828912	fs-birth-or-mtime	packages/contracts/cache/hardhat-network-fork/rpc_cache/eth.llamarpc.com/1/71455fcfa5f1e34d00497e8a5620922b7b178bea994beca387b4fcde3e1c48b5.json
2025-11-11T15:50:25.829888	fs-birth-or-mtime	packages/contracts/cache/hardhat-network-fork/rpc_cache/eth.llamarpc.com/1/bead5f6d0685e6608a3d8b56a3f986d5bccdbc356bcff73c9e2d02642e194599.json
2025-11-11T15:50:25.830876	fs-birth-or-mtime	packages/contracts/cache/hardhat-network-fork/rpc_cache/eth.llamarpc.com/1/7d1d8e23b5335c74f4a0769cdc748f185a0e409ec1abf4820ffd565f087bfedc.json
2025-11-11T15:50:25.831475	fs-birth-or-mtime	packages/contracts/cache/hardhat-network-fork/rpc_cache/eth.llamarpc.com/1/238d4f830e6c48c924124db9feb4377945c44c8dc3cb05ca52ff40dbff873750.json
2025-11-11T15:50:25.832628	fs-birth-or-mtime	packages/contracts/cache/hardhat-network-fork/rpc_cache/eth.llamarpc.com/1/81528d938e13419dd3785cc851af5ec794f46c8541bf4a10f968584fb01a6930.json
2025-11-11T15:50:25.833237	fs-birth-or-mtime	packages/contracts/cache/hardhat-network-fork/rpc_cache/eth.llamarpc.com/1/d16894d62061fe2b4a8820506270c9a29959d0f640b5deb12672a6ebb763d80f.json
2025-11-11T15:50:25.833853	fs-birth-or-mtime	packages/contracts/cache/hardhat-network-fork/rpc_cache/eth.llamarpc.com/1/ffca7b0eb408173c13365831c3594183a6a594b751045ef630d053d297b2c47a.json
2025-11-11T15:50:25.834642	fs-birth-or-mtime	packages/contracts/cache/hardhat-network-fork/rpc_cache/eth.llamarpc.com/1/54e28ff7b812bc466b1014aaf3f258c2c9cf18c67641068c5219c7dc67584adf.json
2025-11-11T15:50:25.835381	fs-birth-or-mtime	packages/contracts/cache/hardhat-network-fork/rpc_cache/eth.llamarpc.com/1/5e590470e00c58a2475b49418a612a8444e5e454f906a812e0b7aa1f97efcb9a.json
2025-11-11T15:50:25.836180	fs-birth-or-mtime	packages/contracts/cache/hardhat-network-fork/rpc_cache/eth.llamarpc.com/1/07e33ba9cf51cace291e24d32374384c7ba02841c99d2a21b666a9e437312bd8.json
2025-11-11T15:50:25.836852	fs-birth-or-mtime	packages/contracts/cache/hardhat-network-fork/rpc_cache/eth.llamarpc.com/1/0c9026122d57c8afac1af52497702289d36cba9e0dd390f3474f83ac57827728.json
2025-11-11T15:50:25.837492	fs-birth-or-mtime	packages/contracts/cache/hardhat-network-fork/rpc_cache/eth.llamarpc.com/1/d0b803b562ac9f7d82974923c066b500655507bda1480f83ec36f4139b072c6a.json
2025-11-11T15:50:25.838046	fs-birth-or-mtime	packages/contracts/cache/hardhat-network-fork/rpc_cache/eth.llamarpc.com/1/9d40759acb1f7135bcf92f7f2d9dbfdba383d226cb3577789b02fa970412b0f1.json
2025-11-11T15:50:25.838708	fs-birth-or-mtime	packages/contracts/cache/hardhat-network-fork/rpc_cache/eth.llamarpc.com/1/aa9ffea0bdd756af5cd8662d5344308e9a5a50b3b4e1d0ef9bf8150348d39c8d.json
2025-11-11T15:50:25.839295	fs-birth-or-mtime	packages/contracts/cache/hardhat-network-fork/rpc_cache/eth.llamarpc.com/1/9c083f5881f643bc3b318e0c7e8eda9363fa2d94e260e043b368ab4cfec95d66.json
2025-11-11T15:50:25.839878	fs-birth-or-mtime	packages/contracts/cache/hardhat-network-fork/rpc_cache/eth.llamarpc.com/1/e624e9177527075d1601b697addebbdf138b18f1af9f4b4b2bda3585eb022736.json
2025-11-11T15:50:25.840555	fs-birth-or-mtime	packages/contracts/cache/hardhat-network-fork/rpc_cache/eth.llamarpc.com/1/e67286537e36cc4d10b8a53abba07ca78a17139979cda1eff0a397900750da4e.json
2025-11-11T15:50:25.841175	fs-birth-or-mtime	packages/contracts/cache/hardhat-network-fork/rpc_cache/eth.llamarpc.com/1/4ebc6d8ac77ca39ad07b89fa45ed1ec83ad63f39eba79dfa3582f5296e6b0266.json
2025-11-11T15:50:25.841780	fs-birth-or-mtime	packages/contracts/cache/hardhat-network-fork/rpc_cache/eth.llamarpc.com/1/212df29d1dfbf88fab0e6fd3c4f88f8c099361c7d40253edcb3ce5d5c8f241a2.json
2025-11-11T15:50:25.842402	fs-birth-or-mtime	packages/contracts/cache/hardhat-network-fork/rpc_cache/eth.llamarpc.com/1/041a1d8cb10aa31f77e93938a3102b73077f7f00c5cdbc2adcb11fcbd75d37d2.json
2025-11-11T15:50:25.843101	fs-birth-or-mtime	packages/contracts/cache/hardhat-network-fork/rpc_cache/eth.llamarpc.com/1/9d98e6ca9a9ac3ddfc267088ef48e80cb5e4202cab9333f225435a45e74b8905.json
2025-11-11T15:50:25.843781	fs-birth-or-mtime	packages/contracts/cache/hardhat-network-fork/rpc_cache/eth.llamarpc.com/1/0eb2a487f1449189632649f9f641ca6a6db945c93abd9790b4b3a0956711e551.json
2025-11-11T15:50:25.844493	fs-birth-or-mtime	packages/contracts/cache/hardhat-network-fork/rpc_cache/eth.llamarpc.com/1/f6d2de57555032cd15f5e580bce9db792cc2c799d22dea988de42cdd3eed5533.json
2025-11-11T15:50:25.845489	fs-birth-or-mtime	packages/contracts/cache/hardhat-network-fork/rpc_cache/eth.llamarpc.com/1/fa1451f56a760cd06bf6abac85e605342562d3469b6c9c9396da12770ac9e75e.json
2025-11-11T15:50:25.846450	fs-birth-or-mtime	packages/contracts/cache/hardhat-network-fork/rpc_cache/eth.llamarpc.com/1/b5ed47f4ac9500d988eebccfd424a894ef1178cbc3a8223cc9bb23588260d1f5.json
2025-11-11T15:50:25.847124	fs-birth-or-mtime	packages/contracts/cache/hardhat-network-fork/rpc_cache/eth.llamarpc.com/1/9fb67b7f0e1dd463bc1fe9fc4ec48d0d4d47000609b36e0e68e9b27c170babfb.json
2025-11-11T15:50:25.847871	fs-birth-or-mtime	packages/contracts/cache/hardhat-network-fork/rpc_cache/eth.llamarpc.com/1/7205beeecdf3075e4284b0b9f66eb7d6685387cbbe2b39298beac1344ce4efbe.json
2025-11-11T15:50:25.848531	fs-birth-or-mtime	packages/contracts/cache/hardhat-network-fork/rpc_cache/eth.llamarpc.com/1/45bd8ff43ce6f14340e45a380033225255cea47edacba1d26a4b1099374eaac4.json
2025-11-11T15:50:25.849071	fs-birth-or-mtime	packages/contracts/cache/hardhat-network-fork/rpc_cache/eth.llamarpc.com/1/a6af7c485e21b94b6d2f0c7e1a48673b5f40a47daffb2a32b4fffa0dff920a59.json
2025-11-11T15:50:25.849654	fs-birth-or-mtime	packages/contracts/cache/hardhat-network-fork/rpc_cache/eth.llamarpc.com/1/3ec11c695b3edc96a4a105f391de8b734cfb18c9933c5850f8cbd500dfad0c38.json
2025-11-11T15:50:25.850240	fs-birth-or-mtime	packages/contracts/cache/hardhat-network-fork/rpc_cache/eth.llamarpc.com/1/0ed1bf3603badf32bb932a2e1b8c29dcffe0b2030a9fb7bb01a4736e15d76f6e.json
2025-11-11T15:50:25.850800	fs-birth-or-mtime	packages/contracts/cache/hardhat-network-fork/rpc_cache/eth.llamarpc.com/1/60223049e2defab6156ebed0792e49186f8d4168320ca4b7546ad051506d8de0.json
2025-11-11T15:50:25.851329	fs-birth-or-mtime	packages/contracts/cache/hardhat-network-fork/rpc_cache/eth.llamarpc.com/1/029aa7de477d5c507d6fc520babca10c1e1e354eb1490141d6116abe6c766897.json
2025-11-11T15:50:25.851886	fs-birth-or-mtime	packages/contracts/cache/hardhat-network-fork/rpc_cache/eth.llamarpc.com/1/ee9dc727fe359973bf25b11697571fe90b3c48bbc20e28958d2464d7f5fb7b08.json
2025-11-11T15:50:25.852492	fs-birth-or-mtime	packages/contracts/cache/hardhat-network-fork/rpc_cache/eth.llamarpc.com/1/604702ecd9da999289dd29904a3f8cd54e2c5935b94789f828e072e4e87f850b.json
2025-11-11T15:50:25.853157	fs-birth-or-mtime	packages/contracts/cache/hardhat-network-fork/rpc_cache/eth.llamarpc.com/1/2ec739e26256892513fa98610cd71c2c346225213241dc5ffd75d3650e94a5a2.json
2025-11-11T15:50:25.853772	fs-birth-or-mtime	packages/contracts/cache/hardhat-network-fork/rpc_cache/eth.llamarpc.com/1/1b2706bb3cf4367ee8d2d2d7f69f9458d1a6e516dcf0192fe26405051e5acff3.json
2025-11-11T15:50:25.854228	fs-birth-or-mtime	packages/contracts/cache/hardhat-network-fork/rpc_cache/eth.llamarpc.com/1/aa14f35a21801a92577ba40476cbd2186f2c0e72ebbd5af316b51801dbe3523e.json
2025-11-11T15:50:25.854780	fs-birth-or-mtime	packages/contracts/cache/hardhat-network-fork/rpc_cache/eth.llamarpc.com/1/dac6da86a1166d358f39748d6d072282acb10a87919451e4712e24d7b3597596.json
2025-11-11T15:50:25.855361	fs-birth-or-mtime	packages/contracts/cache/hardhat-network-fork/rpc_cache/eth.llamarpc.com/1/6d4ce1cfd436db6eb1a50c9bb507a58aeb3d71a0854dd53cee39344f44aa894c.json
2025-11-11T15:50:25.856124	fs-birth-or-mtime	packages/contracts/cache/hardhat-network-fork/rpc_cache/eth.llamarpc.com/1/fb1408330f87531a28f09cc5c4a2a4f973440ec7cc36bfd84c46c62bfbc256be.json
2025-11-11T15:50:25.856791	fs-birth-or-mtime	packages/contracts/cache/hardhat-network-fork/rpc_cache/eth.llamarpc.com/1/79537d6b0463af324bc4819ba31b5aad5a204f22d4002c83a21db95c4290913b.json
2025-11-11T15:50:25.857348	fs-birth-or-mtime	packages/contracts/cache/hardhat-network-fork/rpc_cache/eth.llamarpc.com/1/455885c1555eb631759fcb08c274b7954f29c8fc3838fed654a9f75d680669d4.json
2025-11-11T15:50:25.858002	fs-birth-or-mtime	packages/contracts/cache/hardhat-network-fork/rpc_cache/eth.llamarpc.com/1/480c8244f761cfdd960ef022d9544ff1c978858b99dd88d4a11dc92bf0ac657f.json
2025-11-11T15:50:25.859543	fs-birth-or-mtime	packages/contracts/cache/hardhat-network-fork/rpc_cache/eth.llamarpc.com/1/74a7ae780828e9084b2f3e8d3821bdca6e3e7dbab0c7dcd3bf793eff5c6dd851.json
2025-11-11T15:50:25.860295	fs-birth-or-mtime	packages/contracts/cache/hardhat-network-fork/rpc_cache/eth.llamarpc.com/1/94dabcab69c46d701b7d049392331ef68edd1120d5c8049c0d87d54584f904f7.json
2025-11-11T15:50:25.860985	fs-birth-or-mtime	packages/contracts/cache/hardhat-network-fork/rpc_cache/eth.llamarpc.com/1/873452f8cfe53fa04043a4b04bdc2adca0c1b30c4619fb3232717417f528eacc.json
2025-11-11T15:50:25.861709	fs-birth-or-mtime	packages/contracts/cache/hardhat-network-fork/rpc_cache/eth.llamarpc.com/1/aef0315bc44796c5b11081f9605367a8a55f59036b080b526d7d380260d38ea3.json
2025-11-11T15:50:25.863555	fs-birth-or-mtime	packages/contracts/cache/hardhat-network-fork/rpc_cache/eth.llamarpc.com/1/74e6c1990d9c0a9d42a464a514c33737bd7cfbea57bd4b7dfb1e0b27f8d33908.json
2025-11-11T15:50:25.865328	fs-birth-or-mtime	packages/contracts/cache/hardhat-network-fork/rpc_cache/eth.llamarpc.com/1/6c274afd599ae79d5ae19a6ee3bde77c6295ebc3f46d8625525aa3277d5615cc.json
2025-11-11T15:50:25.865963	fs-birth-or-mtime	packages/contracts/cache/hardhat-network-fork/rpc_cache/eth.llamarpc.com/1/74f19174665965614e0794d1e84cb1a75ef5fd1b32a59a1f69272a1ac229fcd4.json
2025-11-11T15:50:25.866576	fs-birth-or-mtime	packages/contracts/cache/hardhat-network-fork/rpc_cache/eth.llamarpc.com/1/c62751b24b8db7fb0aa4cd7852a84a7322f67531b8c4e544a0a6f91c6303d335.json
2025-11-11T15:50:25.867173	fs-birth-or-mtime	packages/contracts/cache/hardhat-network-fork/rpc_cache/eth.llamarpc.com/1/b1f69cc32c4a4dac74d1a02dee2bd4f1516506b0626c39306a608056dff20d16.json
2025-11-11T15:50:25.867751	fs-birth-or-mtime	packages/contracts/cache/hardhat-network-fork/rpc_cache/eth.llamarpc.com/1/c7659613cf8dc7ddd6aae9b08cd92aba4808dc6c6904d476ed7845c9f8b67aac.json
2025-11-11T15:50:25.868378	fs-birth-or-mtime	packages/contracts/cache/hardhat-network-fork/rpc_cache/eth.llamarpc.com/1/a4610d1cef19682f96134e7593996c5f59c58569891f1848b992a9440278ea94.json
2025-11-11T15:50:25.869190	fs-birth-or-mtime	packages/contracts/cache/hardhat-network-fork/rpc_cache/eth.llamarpc.com/1/596d678e408b9d3a9006c2a11a2f8afe56f11019d534ce2207b387b4e03c0332.json
2025-11-11T15:50:25.869827	fs-birth-or-mtime	packages/contracts/cache/hardhat-network-fork/rpc_cache/eth.llamarpc.com/1/38e045ed7e3eeaec6379bcc717a8dce180a9fd31a163416e22ae3b26e9a1a500.json
2025-11-11T15:50:25.870569	fs-birth-or-mtime	packages/contracts/cache/hardhat-network-fork/rpc_cache/eth.llamarpc.com/1/434b46e350cc6afa0e0689aecbbbaa0cdffad8b7d8f2905ed53620c4bb748539.json
2025-11-11T15:50:25.871286	fs-birth-or-mtime	packages/contracts/cache/hardhat-network-fork/rpc_cache/eth.llamarpc.com/1/cefb26a6f50811e386f7baf086703f13d8aed292283065194aa229348c1e7b8a.json
2025-11-11T15:50:25.872706	fs-birth-or-mtime	packages/contracts/cache/hardhat-network-fork/rpc_cache/eth.llamarpc.com/1/8d2f2cb1156dc72daa38a74bb0892590767912b1cf405684bd4d5cf98e202cbc.json
2025-11-11T15:50:25.873433	fs-birth-or-mtime	packages/contracts/cache/hardhat-network-fork/rpc_cache/eth.llamarpc.com/1/bcba625200a9a8410ca2e7f5fca5ab6d6eb3ec26f3d908cd610cad447ca32b60.json
2025-11-11T15:50:25.874185	fs-birth-or-mtime	packages/contracts/cache/hardhat-network-fork/rpc_cache/eth.llamarpc.com/1/46fee95100165c20cf30cef1b90f1cac6accb235e0caefb15e1372dc278cbc92.json
2025-11-11T15:50:25.874904	fs-birth-or-mtime	packages/contracts/cache/hardhat-network-fork/rpc_cache/eth.llamarpc.com/1/ee01d9590f3ad261d1a1325392820e5c866752419c17765792839dc23a6ffddc.json
2025-11-11T15:50:25.875679	fs-birth-or-mtime	packages/contracts/cache/hardhat-network-fork/rpc_cache/eth.llamarpc.com/1/5d7fdb7d2be3cacaed75deaf2c78e2a06a5a4dbb117ea5e54e5b5e39f3a2bbb5.json
2025-11-11T15:50:25.876322	fs-birth-or-mtime	packages/contracts/cache/hardhat-network-fork/rpc_cache/eth.llamarpc.com/1/83d16b9a729f2672e51d4d0e280e225a64f69c9923d21c68d2ec322ddac8e179.json
2025-11-11T15:50:25.877041	fs-birth-or-mtime	packages/contracts/cache/hardhat-network-fork/rpc_cache/eth.llamarpc.com/1/78ccc7c83e2c7fc639eb771a919acc2bac99425ffb0285cba4141110e34f4a28.json
2025-11-11T15:50:25.877743	fs-birth-or-mtime	packages/contracts/cache/hardhat-network-fork/rpc_cache/eth.llamarpc.com/1/cbe8476b8e080670ffd6a70cd2e01dd9db46f6a7b8d09cbfeca6bbd8dfaa285e.json
2025-11-11T15:50:25.878440	fs-birth-or-mtime	packages/contracts/cache/hardhat-network-fork/rpc_cache/eth.llamarpc.com/1/ba3f2ee23e12464bb37cacaf71af85ccc524bac5b24e195ebf120bef539413ff.json
2025-11-11T15:50:25.879087	fs-birth-or-mtime	packages/contracts/cache/hardhat-network-fork/rpc_cache/eth.llamarpc.com/1/070d5068af11eecf4411cd53d1b1821c452057dfbf8a45c233a3ddc9f86029a0.json
2025-11-11T15:50:25.880007	fs-birth-or-mtime	packages/contracts/cache/hardhat-network-fork/rpc_cache/eth.llamarpc.com/1/63bc1f7e3610db5507907d906daf63a0b5d6619e3577babba68857ccc02fe7ed.json
2025-11-11T15:50:25.880975	fs-birth-or-mtime	packages/contracts/cache/hardhat-network-fork/rpc_cache/eth.llamarpc.com/1/d470c3d0315106b91f1efed0148f0e2edd3216e2b5534704b6e25c08d35420ec.json
2025-11-11T15:50:25.881699	fs-birth-or-mtime	packages/contracts/cache/hardhat-network-fork/rpc_cache/eth.llamarpc.com/1/43f26a07c352576c32a54567e83f058ced566a2fdff66122a495a6ccc581b5a6.json
2025-11-11T15:50:25.882474	fs-birth-or-mtime	packages/contracts/cache/hardhat-network-fork/rpc_cache/eth.llamarpc.com/1/cbb0da38786ebfbf00f1a5fa146d7e3fa835b71721c2664a9815301a9b13a70f.json
2025-11-11T15:50:25.883424	fs-birth-or-mtime	packages/contracts/cache/hardhat-network-fork/rpc_cache/eth.llamarpc.com/1/4031e2b55f9b06a4ad48520e9e833fea156552903f3735ac8a60dba8b855f36f.json
2025-11-11T15:50:25.884259	fs-birth-or-mtime	packages/contracts/cache/hardhat-network-fork/rpc_cache/eth.llamarpc.com/1/b8b4ab6a5c1c2258551a5e8b755e50ba8b21ee436aa4d3d88bc83d7278b30aea.json
2025-11-11T15:50:25.886211	fs-birth-or-mtime	packages/contracts/cache/hardhat-network-fork/rpc_cache/eth.llamarpc.com/1/fe6484fa590dc2df8286ca7648970f01859d04297c729e5666788bff09822f21.json
2025-11-11T15:50:25.887714	fs-birth-or-mtime	packages/contracts/cache/hardhat-network-fork/rpc_cache/eth.llamarpc.com/1/99f7c2358b4b4585832644ac06e6334c45012ed343345ae1a6ac47029d4807db.json
2025-11-11T15:50:25.888612	fs-birth-or-mtime	packages/contracts/cache/hardhat-network-fork/rpc_cache/eth.llamarpc.com/1/eadb46b41ad6a93fc446cc86ac1b6e1bc5e5e537a4069dcbee1a635cb6b55bd5.json
2025-11-11T15:50:25.889498	fs-birth-or-mtime	packages/contracts/cache/hardhat-network-fork/rpc_cache/eth.llamarpc.com/1/604bf2e3eaa37eb0486704bbc142312edae308cad16e61d597b387d45031c630.json
2025-11-11T15:50:25.891841	fs-birth-or-mtime	packages/contracts/cache/hardhat-network-fork/rpc_cache/eth.llamarpc.com/1/224de054c6837783cd1ac625d3ecab5aee3cc4be4c18ae8803851f8e25dc76c4.json
2025-11-11T15:50:25.893389	fs-birth-or-mtime	packages/contracts/cache/hardhat-network-fork/rpc_cache/eth.llamarpc.com/1/e4e172ddd6a76404b25359ca5acca6eb7d9e9b2f76d6e31b6d323a2d48e91563.json
2025-11-11T15:50:25.994976	fs-birth-or-mtime	packages/contracts/cache/hardhat-network-fork/rpc_cache/eth.llamarpc.com/1/9638a80fc9f0aa1fba59bf174514752d3593d8209a930d537e39ee747fbfb2be.json
2025-11-11T15:50:25.996111	fs-birth-or-mtime	packages/contracts/cache/hardhat-network-fork/rpc_cache/eth.llamarpc.com/1/8416d81fc5b6a5c6d85a2dddc81654750c9b24bfe7563c2c673ce4fe0a873af0.json
2025-11-11T15:50:25.997070	fs-birth-or-mtime	packages/contracts/cache/hardhat-network-fork/rpc_cache/eth.llamarpc.com/1/9896e0040f76a25724a0344e4f452d0572ce1392ddc760e2f64aacabc974ac42.json
2025-11-11T15:50:25.997847	fs-birth-or-mtime	packages/contracts/cache/hardhat-network-fork/rpc_cache/eth.llamarpc.com/1/f74fc461a60ce5f7398278c003997e82268ba6acc35e5e35754a4d4f84706285.json
2025-11-11T15:50:25.998574	fs-birth-or-mtime	packages/contracts/cache/hardhat-network-fork/rpc_cache/eth.llamarpc.com/1/686fa593c0d8232ce6946bc3ce13cdbbd40fcee2d8e199287fbce3e54ec46198.json
2025-11-11T15:50:25.999298	fs-birth-or-mtime	packages/contracts/cache/hardhat-network-fork/rpc_cache/eth.llamarpc.com/1/479b1936d6ef0654e57d086218d37491835ee1cbf86c2ae564815f8980241477.json
2025-11-11T15:50:26.000831	fs-birth-or-mtime	packages/contracts/cache/hardhat-network-fork/rpc_cache/eth.llamarpc.com/1/263655e6a471fda4f1e18f18e878885c1d274f10b6044aec9eff3df8677d9758.json
2025-11-11T15:50:26.001463	fs-birth-or-mtime	packages/contracts/cache/hardhat-network-fork/rpc_cache/eth.llamarpc.com/1/e0e63eeb2eaab15a265b09d24ce341407cf7ee7f99abff22a5bb0dc9f1f7f397.json
2025-11-11T15:50:26.002169	fs-birth-or-mtime	packages/contracts/cache/hardhat-network-fork/rpc_cache/eth.llamarpc.com/1/14387f7f2f0a432b3d8a5587259c8b2f9dfca35b798900f45ed648fd94d1e41f.json
2025-11-11T15:50:26.003176	fs-birth-or-mtime	packages/contracts/cache/hardhat-network-fork/rpc_cache/eth.llamarpc.com/1/3398f35d1fbe90fbfbb9a8d05227fa69236285080842363e6660477a004a0724.json
2025-11-11T15:50:26.006489	fs-birth-or-mtime	packages/contracts/cache/hardhat-network-fork/rpc_cache/eth.llamarpc.com/1/c7e34c1e22c79379982dd502a1ed9091cf38af3943bce966bc784eabb3665cf1.json
2025-11-11T15:50:26.007172	fs-birth-or-mtime	packages/contracts/cache/hardhat-network-fork/rpc_cache/eth.llamarpc.com/1/f381f7d4536f59eac911da372793d39d744d4dedef6aec897d756f9135d7042d.json
2025-11-11T15:50:26.009598	fs-birth-or-mtime	packages/contracts/cache/hardhat-network-fork/rpc_cache/eth.llamarpc.com/1/c13f436a22e46a4ca8e1372f606fe43e37fa280763bb365c196627b743187880.json
2025-11-11T15:50:26.010395	fs-birth-or-mtime	packages/contracts/cache/hardhat-network-fork/rpc_cache/eth.llamarpc.com/1/ea74299974939b6200d47b24b1cb8c8262fd4937cf4de80862a0f69df6338ee2.json
2025-11-11T15:50:26.011215	fs-birth-or-mtime	packages/contracts/cache/hardhat-network-fork/rpc_cache/eth.llamarpc.com/1/75477f056a241f443bd1c5d0735dd2e97d6d9717521b472bf342f2f6d9c9abf0.json
2025-11-11T15:50:26.012011	fs-birth-or-mtime	packages/contracts/cache/hardhat-network-fork/rpc_cache/eth.llamarpc.com/1/958c31011576a8b5e5d6401d2898016ac2fd106a11597f6fad3c7b7a8fc5af5a.json
2025-11-11T15:50:26.012604	fs-birth-or-mtime	packages/contracts/cache/hardhat-network-fork/rpc_cache/eth.llamarpc.com/1/9bd41dc58cc2fc430ae211ab0ba9509e1357279c76c87527dea6c4ba4099fced.json
2025-11-11T15:50:26.014942	fs-birth-or-mtime	packages/contracts/cache/hardhat-network-fork/rpc_cache/eth.llamarpc.com/1/39147aa1aea40af4f6d717537df98de89d2e2657a5f078f6fbf837eb974856d3.json
2025-11-11T15:50:26.015646	fs-birth-or-mtime	packages/contracts/cache/hardhat-network-fork/rpc_cache/eth.llamarpc.com/1/559e80173ea781c0ad1892da0e36a7b2cd746cabc89487e6810e7f03aa92f7c2.json
2025-11-11T15:50:26.016725	fs-birth-or-mtime	packages/contracts/cache/hardhat-network-fork/rpc_cache/eth.llamarpc.com/1/40d629bb287017c0ff153098708b303181b694d250d8d6157dd3011ab43a32e6.json
2025-11-11T15:50:26.017472	fs-birth-or-mtime	packages/contracts/cache/hardhat-network-fork/rpc_cache/eth.llamarpc.com/1/71ec134c29788f1d09c2744eea11c5a009eaf19a26a72086bd8655dc002ecaeb.json
2025-11-11T15:50:26.018161	fs-birth-or-mtime	packages/contracts/cache/hardhat-network-fork/rpc_cache/eth.llamarpc.com/1/f31307375ff06d75c421db974a3bb6274155a52c0aeeb478507adc3674dcffa9.json
2025-11-11T15:50:26.019814	fs-birth-or-mtime	packages/contracts/cache/hardhat-network-fork/rpc_cache/eth.llamarpc.com/1/28f9554f1ff538618cfb451f49a432f54a796c1c7309c1b51096188ec10a712e.json
2025-11-11T15:50:26.020615	fs-birth-or-mtime	packages/contracts/cache/hardhat-network-fork/rpc_cache/eth.llamarpc.com/1/c0f280f35efc68e6dc63ef5a6231bed14476c2e6ed5f89ad31c053c00e705aaf.json
2025-11-11T15:50:26.022400	fs-birth-or-mtime	packages/contracts/cache/hardhat-network-fork/rpc_cache/eth.llamarpc.com/1/349c06d94eb35877c92a94b8887f64c815beeeabe7f2dd8883577df48ae5a62d.json
2025-11-11T15:50:26.023149	fs-birth-or-mtime	packages/contracts/cache/hardhat-network-fork/rpc_cache/eth.llamarpc.com/1/00efa61e92a16b8f1f4b4d55fc7ea345a3f21da455166065e51664872db5e56b.json
2025-11-11T15:50:26.023768	fs-birth-or-mtime	packages/contracts/cache/hardhat-network-fork/rpc_cache/eth.llamarpc.com/1/501957130037ed285dd9a47758cf05bdd81976d233902acf0e8b45c9ff549f8f.json
2025-11-11T15:50:26.024482	fs-birth-or-mtime	packages/contracts/cache/hardhat-network-fork/rpc_cache/eth.llamarpc.com/1/bc3418e97cb262272121f6be7f6520fa78167bf231cd061bedec396fdfb0d3ab.json
2025-11-11T15:50:26.031479	fs-birth-or-mtime	packages/contracts/cache/hardhat-network-fork/rpc_cache/eth.llamarpc.com/1/8759a613ab476019853b1117ec631cb3f67681cd058603b0952598574741526b.json
2025-11-11T15:50:26.040439	fs-birth-or-mtime	packages/contracts/cache/hardhat-network-fork/rpc_cache/eth.llamarpc.com/1/67b4958ea2e7e6e6d99b304137b76bb9c84373afb735aa97cf7966aa41ce843e.json
2025-11-11T15:50:26.050885	fs-birth-or-mtime	packages/contracts/cache/hardhat-network-fork/rpc_cache/eth.llamarpc.com/1/4abc032f59ec041cc2e7f8aced983bccae91b6651fdd4295e99bbcd75d3c38cc.json
2025-11-11T15:50:26.052936	fs-birth-or-mtime	packages/contracts/cache/hardhat-network-fork/rpc_cache/eth.llamarpc.com/1/c87ae6922d72f02f5c0e5c342b8dcd193d7ed261f4180739abd25ed378b217fc.json
2025-11-11T15:50:26.053657	fs-birth-or-mtime	packages/contracts/cache/hardhat-network-fork/rpc_cache/eth.llamarpc.com/1/7135664d802ef3a6cf425722adaf8bf830a7b7502eea0e427ea2e315c36b8615.json
2025-11-11T15:50:26.054412	fs-birth-or-mtime	packages/contracts/cache/hardhat-network-fork/rpc_cache/eth.llamarpc.com/1/6ca17f793d2e5830404534f5def39d69314f3d2ee7687695527fb18ea7811437.json
2025-11-11T15:50:26.054942	fs-birth-or-mtime	packages/contracts/cache/hardhat-network-fork/rpc_cache/eth.llamarpc.com/1/46fddec3ea09e0cff1417f50a4f79c8e1e6e88763e1f95d56d5a9514916be535.json
2025-11-11T15:50:26.055599	fs-birth-or-mtime	packages/contracts/cache/hardhat-network-fork/rpc_cache/eth.llamarpc.com/1/6e17a4b71bcd2d687d2920523cd429cffebd26b45da6ca0d340a120acf41a30c.json
2025-11-11T15:50:26.056343	fs-birth-or-mtime	packages/contracts/cache/hardhat-network-fork/rpc_cache/eth.llamarpc.com/1/b4a7b2731f7bbbd653b22ab344f362b055c1e1d68d6eefadca109eec62a41e1c.json
2025-11-11T15:50:26.057032	fs-birth-or-mtime	packages/contracts/cache/hardhat-network-fork/rpc_cache/eth.llamarpc.com/1/ad266d0abe63650d3d0332cfba47ba2feabef46a2bc60db2b1d344faf9c063bd.json
2025-11-11T15:50:26.057613	fs-birth-or-mtime	packages/contracts/cache/hardhat-network-fork/rpc_cache/eth.llamarpc.com/1/4043097bb2635a85a44f0d69b0eb0a863b2910c181572223fe2938419e71b942.json
2025-11-11T15:50:26.058250	fs-birth-or-mtime	packages/contracts/cache/hardhat-network-fork/rpc_cache/eth.llamarpc.com/1/30a2169f6452d42d0f4fe73a848b04ba8e1a875ef8c37b48ad6eb1b4957e981f.json
2025-11-11T15:50:26.059053	fs-birth-or-mtime	packages/contracts/cache/hardhat-network-fork/rpc_cache/eth.llamarpc.com/1/23910a213ba1e525b590396fe15df3b5f288f27343893fb7ac7cf3b3d9f187a8.json
2025-11-11T15:50:26.059922	fs-birth-or-mtime	packages/contracts/cache/hardhat-network-fork/rpc_cache/eth.llamarpc.com/1/4e25dc79c64480acae2f2e97838b3de97a99c36dff0d375c878a0e1c3723ed0d.json
2025-11-11T15:50:26.060747	fs-birth-or-mtime	packages/contracts/cache/hardhat-network-fork/rpc_cache/eth.llamarpc.com/1/1734795444f72d8da8c00537a05903ee96f88c89ef2c89002d7890e54a339399.json
2025-11-11T15:50:26.061476	fs-birth-or-mtime	packages/contracts/cache/hardhat-network-fork/rpc_cache/eth.llamarpc.com/1/f3b1b87aebbce11c9c780ddd825a207577d2955bfc825d655532fe3c7d9ef21c.json
2025-11-11T15:50:26.062287	fs-birth-or-mtime	packages/contracts/cache/hardhat-network-fork/rpc_cache/eth.llamarpc.com/1/22392827803f9020f60f14d1d7c1046eb989cbd662af8b36b9e4693027665ae5.json
2025-11-11T15:50:26.063009	fs-birth-or-mtime	packages/contracts/cache/hardhat-network-fork/rpc_cache/eth.llamarpc.com/1/23a07470424905b4c7d074fd31bc669b1adb43c5bd0d84ad2af8bde685b9a4a7.json
2025-11-11T15:50:26.063736	fs-birth-or-mtime	packages/contracts/cache/hardhat-network-fork/rpc_cache/eth.llamarpc.com/1/b04076750b6dcd50b5ed8a6942ce3850c603d3b7614518e46b8ebddae00d7836.json
2025-11-11T15:50:26.064425	fs-birth-or-mtime	packages/contracts/cache/hardhat-network-fork/rpc_cache/eth.llamarpc.com/1/744fed245efda5fed628f34dc8594937254cb5a7f0a20d88efa78aa5f25f955a.json
2025-11-11T15:50:26.065155	fs-birth-or-mtime	packages/contracts/cache/hardhat-network-fork/rpc_cache/eth.llamarpc.com/1/37656bcaea2caaae2fdb4e97f43b185f7fc88b862548cb38ca217d4123722adc.json
2025-11-11T15:50:26.065860	fs-birth-or-mtime	packages/contracts/cache/hardhat-network-fork/rpc_cache/eth.llamarpc.com/1/e80e6cfd838e6211f2d0c8578902e7c9e69a9f5e169eb05496818f27db136701.json
2025-11-11T15:50:26.066925	fs-birth-or-mtime	packages/contracts/cache/hardhat-network-fork/rpc_cache/eth.llamarpc.com/1/2b2bd580a0f0b392fbed738016cdfad6b70b2af8ae42ec2fc5d51e5fd3c3259f.json
2025-11-11T15:50:26.067586	fs-birth-or-mtime	packages/contracts/cache/hardhat-network-fork/rpc_cache/eth.llamarpc.com/1/fc0d7e50847e1ab0c6bd2f59f5af598821c8e17bfa1b65ba349f73dd6e6b9cf7.json
2025-11-11T15:50:26.068244	fs-birth-or-mtime	packages/contracts/cache/hardhat-network-fork/rpc_cache/eth.llamarpc.com/1/cde8b1281ea21adeb202f8946f4a1b03c89a8c9706a9744da027959c3ae0ccb5.json
2025-11-11T15:50:26.068934	fs-birth-or-mtime	packages/contracts/cache/hardhat-network-fork/rpc_cache/eth.llamarpc.com/1/e2d4ef85acee607540e760d656772f5e0243ab505870879f3c698ced48b210e5.json
2025-11-11T15:50:26.069565	fs-birth-or-mtime	packages/contracts/cache/hardhat-network-fork/rpc_cache/eth.llamarpc.com/1/994f2fe9e996f00f5cea55a878cb53b4291d1c9ef96d82298229e073a558f71e.json
2025-11-11T15:50:26.070153	fs-birth-or-mtime	packages/contracts/cache/hardhat-network-fork/rpc_cache/eth.llamarpc.com/1/e66098f6bbe0ee180e06a99523601efb1db358c1f96ba7ac676aa4b934403277.json
2025-11-11T15:50:26.070785	fs-birth-or-mtime	packages/contracts/cache/hardhat-network-fork/rpc_cache/eth.llamarpc.com/1/11bed20cfceb8a854c0a952a67dc194ae6fa49f9feebf8fcb362666f45a6f26d.json
2025-11-11T15:50:26.071488	fs-birth-or-mtime	packages/contracts/cache/hardhat-network-fork/rpc_cache/eth.llamarpc.com/1/0b074da33521ab776d53242e838869027a03bc2ecb9d5db7c451a5eb312b7bfd.json
2025-11-11T15:50:26.072314	fs-birth-or-mtime	packages/contracts/cache/hardhat-network-fork/rpc_cache/eth.llamarpc.com/1/19e59b8064dc097feaec621bf1a25541e0cfe62d26732a7e76a1f187fefb8bad.json
2025-11-11T15:50:26.073075	fs-birth-or-mtime	packages/contracts/cache/hardhat-network-fork/rpc_cache/eth.llamarpc.com/1/efe282e0d8ae37ed4e7ff1d5c41ef7f47e1714faad01e3711706c4a27e8ed806.json
2025-11-11T15:50:26.074043	fs-birth-or-mtime	packages/contracts/cache/hardhat-network-fork/rpc_cache/eth.llamarpc.com/1/05aec3b8e39a73769a72d5cf42cd95d383954aa2dde0c97869aa55a7681cb0e4.json
2025-11-11T15:50:26.074829	fs-birth-or-mtime	packages/contracts/cache/hardhat-network-fork/rpc_cache/eth.llamarpc.com/1/a96352bca27ce42402634f4f17739cd79eb5680a3b3d45134bf3824afb8108b7.json
2025-11-11T15:50:26.076034	fs-birth-or-mtime	packages/contracts/cache/hardhat-network-fork/rpc_cache/eth.llamarpc.com/1/95b5f02f8775e36af4b0ab6e095e217bc6a1301996a7567caaeb06f864cb1dc3.json
2025-11-11T15:50:26.076782	fs-birth-or-mtime	packages/contracts/cache/hardhat-network-fork/rpc_cache/eth.llamarpc.com/1/9ce021a291627d8fda6ec706b39b39458861bf22db05d41e730d16f11756e148.json
2025-11-11T15:50:26.077463	fs-birth-or-mtime	packages/contracts/cache/hardhat-network-fork/rpc_cache/eth.llamarpc.com/1/ff0a0c9b880ae7bcdc0956559ffe20d19db747c1d800c00e3432ca15ad2ddd7a.json
2025-11-11T15:50:26.078089	fs-birth-or-mtime	packages/contracts/cache/hardhat-network-fork/rpc_cache/eth.llamarpc.com/1/1e67ace801dd49f81e500844ddd5952a70220187783545d461ab15ed180eb087.json
2025-11-11T15:50:26.078771	fs-birth-or-mtime	packages/contracts/cache/hardhat-network-fork/rpc_cache/eth.llamarpc.com/1/52177965fa90622f8754c606579a3b90c3cb8f11815837fbe814f5984061d33a.json
2025-11-11T15:50:26.079870	fs-birth-or-mtime	packages/contracts/cache/hardhat-network-fork/rpc_cache/eth.llamarpc.com/1/caf5704cb736abc55e6b28ea2d21bc1ee4a92c0a43182ad145eb87910e25b8b8.json
2025-11-11T15:50:26.080668	fs-birth-or-mtime	packages/contracts/cache/hardhat-network-fork/rpc_cache/eth.llamarpc.com/1/12d9224950b660fb3e0f3546ff4ee5fc18e5df36ae6e4f9278312bac1dfe8e94.json
2025-11-11T15:50:26.081372	fs-birth-or-mtime	packages/contracts/cache/hardhat-network-fork/rpc_cache/eth.llamarpc.com/1/3a23829714ef4f9c90a3d036dd85f80823f5da334322bb190676d40b8784e2de.json
2025-11-11T15:50:26.082062	fs-birth-or-mtime	packages/contracts/cache/hardhat-network-fork/rpc_cache/eth.llamarpc.com/1/36d0059ed0b39933b3ac05f535dc4c67d507a126b92f751ef2e4ab97ea0eff00.json
2025-11-11T15:50:26.082798	fs-birth-or-mtime	packages/contracts/cache/hardhat-network-fork/rpc_cache/eth.llamarpc.com/1/f0c426a9f85fda4344409427f48dcae6200c4519b849477996a914a3bbc312d3.json
2025-11-11T15:50:26.083490	fs-birth-or-mtime	packages/contracts/cache/hardhat-network-fork/rpc_cache/eth.llamarpc.com/1/078485fe60af437cba256f0f54b12b47af9064201b4ae42a727c4e7474509ab1.json
2025-11-11T15:50:26.084227	fs-birth-or-mtime	packages/contracts/cache/hardhat-network-fork/rpc_cache/eth.llamarpc.com/1/05eb47d434ff88f32ee8b4306f96b7c4f0b22b4eb29d9cccaf224a472f644134.json
2025-11-11T15:50:26.084913	fs-birth-or-mtime	packages/contracts/cache/hardhat-network-fork/rpc_cache/eth.llamarpc.com/1/cecb9e21235847df416dc837da8d7fceb8b8370d0e06753430c8edc12c750f3b.json
2025-11-11T15:50:26.085822	fs-birth-or-mtime	packages/contracts/cache/hardhat-network-fork/rpc_cache/eth.llamarpc.com/1/2a3711b949064d9da2f0aad185b61a47d9c49a11785b64a0a3a63e65af3beda2.json
2025-11-11T15:50:26.086605	fs-birth-or-mtime	packages/contracts/cache/hardhat-network-fork/rpc_cache/eth.llamarpc.com/1/5d89c583c0fe7a895b88c7abb7cb7b003ea505db974eb89c073adb38f7ceca72.json
2025-11-11T15:50:26.087193	fs-birth-or-mtime	packages/contracts/cache/hardhat-network-fork/rpc_cache/eth.llamarpc.com/1/89b63607f82211476a90d6f7e0ef8d73f00a91fc9721a236dd6ed443ef501d49.json
2025-11-11T15:50:26.087880	fs-birth-or-mtime	packages/contracts/cache/hardhat-network-fork/rpc_cache/eth.llamarpc.com/1/0dce13e20496619c9a3d18dc5256ed955e29a993d2f96d2bead0cb55fb0e3143.json
2025-11-11T15:50:26.088741	fs-birth-or-mtime	packages/contracts/cache/hardhat-network-fork/rpc_cache/eth.llamarpc.com/1/eb3241866074d211b3112f7385397c81842f2c676fd037c8002df9ee12d1eb94.json
2025-11-11T15:50:26.089449	fs-birth-or-mtime	packages/contracts/cache/hardhat-network-fork/rpc_cache/eth.llamarpc.com/1/cf53cb4315a76db6df7bc2002bea003d6b3bf72ebce43e1dbc7a2629827b581d.json
2025-11-11T15:50:26.090028	fs-birth-or-mtime	packages/contracts/cache/hardhat-network-fork/rpc_cache/eth.llamarpc.com/1/7786f81bd03f9e9136eab52f1db75d57f0ae2f9038fdcf51ac145d6511611f37.json
2025-11-11T15:50:26.090531	fs-birth-or-mtime	packages/contracts/cache/hardhat-network-fork/rpc_cache/eth.llamarpc.com/1/17d160d74dc59aef2a0eddf96c236335838c8144f76e6cd10911a8f3f1f97cdc.json
2025-11-11T15:50:26.091050	fs-birth-or-mtime	packages/contracts/cache/hardhat-network-fork/rpc_cache/eth.llamarpc.com/1/9e14ca51231b980d73c30655cf224dd7f425f5124143c75d1fa19cf1ddeb245b.json
2025-11-11T15:50:26.091781	fs-birth-or-mtime	packages/contracts/cache/hardhat-network-fork/rpc_cache/eth.llamarpc.com/1/17342f986953b3dfaa084c0bf87ba7ff1f792eaf472e86ba885f9946a78f6994.json
2025-11-11T15:50:26.092597	fs-birth-or-mtime	packages/contracts/cache/hardhat-network-fork/rpc_cache/eth.llamarpc.com/1/8b6f65d914ce54dcbfe3ef0b599057b443847ee03157b4ba6d13b3301f49e5af.json
2025-11-11T15:50:26.093059	fs-birth-or-mtime	packages/contracts/cache/hardhat-network-fork/rpc_cache/eth.llamarpc.com/1/2f2b6d64fa3c2ba62e9cb1cd86bbcca866f33ad0523ced66c7b613bfcb70a39e.json
2025-11-11T15:50:26.093654	fs-birth-or-mtime	packages/contracts/cache/hardhat-network-fork/rpc_cache/eth.llamarpc.com/1/7ea0eec6f587cc1beaa24303a762e94f0f931c267c1005de2b8c6d86f5d1cfe5.json
2025-11-11T15:50:26.094246	fs-birth-or-mtime	packages/contracts/cache/hardhat-network-fork/rpc_cache/eth.llamarpc.com/1/40af9d0f5746f5297418085390a281bbf0cc8767e8602f4b96f6b90786893abf.json
2025-11-11T15:50:26.094844	fs-birth-or-mtime	packages/contracts/cache/hardhat-network-fork/rpc_cache/eth.llamarpc.com/1/f138f39fb972525c15d4582d6f0b64291ef64d632202db7dc9d710ce4698c0b0.json
2025-11-11T15:50:26.095471	fs-birth-or-mtime	packages/contracts/cache/hardhat-network-fork/rpc_cache/eth.llamarpc.com/1/7322dfa95676aeb8360fd4b86fab40bf3fee6eba2d63562eb4fc17d122c790e7.json
2025-11-11T15:50:26.096215	fs-birth-or-mtime	packages/contracts/cache/hardhat-network-fork/rpc_cache/eth.llamarpc.com/1/8159dc9c7cfc47a32aac6774b348149b4f7d20607bec81cc4670db3703f44912.json
2025-11-11T15:50:26.096764	fs-birth-or-mtime	packages/contracts/cache/hardhat-network-fork/rpc_cache/eth.llamarpc.com/1/bd7a973681fecf3d5feb18ab2fa01e27fa069096ff3f8c429bdcf851dc0fd2fb.json
2025-11-11T15:50:26.097452	fs-birth-or-mtime	packages/contracts/cache/hardhat-network-fork/rpc_cache/eth.llamarpc.com/1/1d4c9ece2107ef9c6c9352b02522e5ba8b3b602cdcdaf5a2191ec0f2a9251a2d.json
2025-11-11T15:50:26.098233	fs-birth-or-mtime	packages/contracts/cache/hardhat-network-fork/rpc_cache/eth.llamarpc.com/1/9a825aaae232cd44d038caeff8c04e2fc399082acd08f6c4737ad790e19f4cb1.json
2025-11-11T15:50:26.099030	fs-birth-or-mtime	packages/contracts/cache/hardhat-network-fork/rpc_cache/eth.llamarpc.com/1/7c91eb5028f57bdc70aa0f3acffd8d9998274117cd4838926de6f4e0e5770ffe.json
2025-11-11T15:50:26.099784	fs-birth-or-mtime	packages/contracts/cache/hardhat-network-fork/rpc_cache/eth.llamarpc.com/1/aae261f3c5500c42312c5f76fe405e92c7af758b06c04b582aea829c5bd3789b.json
2025-11-11T15:50:26.100549	fs-birth-or-mtime	packages/contracts/cache/hardhat-network-fork/rpc_cache/eth.llamarpc.com/1/23fd760e22b6e94b7d4924d74a644dc4262f005f9751bcbc9e31168e73a55904.json
2025-11-11T15:50:26.101303	fs-birth-or-mtime	packages/contracts/cache/hardhat-network-fork/rpc_cache/eth.llamarpc.com/1/0a0a99c765bd934f935da97ceb1482fb3d556a3849a8de820fafdadaf133dca4.json
2025-11-11T15:50:26.101976	fs-birth-or-mtime	packages/contracts/cache/hardhat-network-fork/rpc_cache/eth.llamarpc.com/1/09b4ed4df5cfa2de6b710d51bc28723036060d3a8878b8acfcf72ff794740b39.json
2025-11-11T15:50:26.102851	fs-birth-or-mtime	packages/contracts/cache/hardhat-network-fork/rpc_cache/eth.llamarpc.com/1/e18a74647a50e834a1672f8f49bacbf652d930145fe9cecfe0e7972902fef59d.json
2025-11-11T15:50:26.103539	fs-birth-or-mtime	packages/contracts/cache/hardhat-network-fork/rpc_cache/eth.llamarpc.com/1/20bcd75d5c7eda5fe20a1e9e0b08784fefb28ba1835050ecf3f64bf379736d5d.json
2025-11-11T15:50:26.104247	fs-birth-or-mtime	packages/contracts/cache/hardhat-network-fork/rpc_cache/eth.llamarpc.com/1/b875cb71e2ad7f4864beb4d451040df0fd7ba7aa6efdcc620cede268a26b3710.json
2025-11-11T15:50:26.104943	fs-birth-or-mtime	packages/contracts/cache/hardhat-network-fork/rpc_cache/eth.llamarpc.com/1/d6458d6cfb3f0bad58425458ecd874265f6676c281cfdc353d5481c4423b5cbe.json
2025-11-11T15:50:26.105722	fs-birth-or-mtime	packages/contracts/cache/hardhat-network-fork/rpc_cache/eth.llamarpc.com/1/d0b893210520ca3969927b85621d362d2f76704f21c97975097aa02eb9373925.json
2025-11-11T15:50:26.106304	fs-birth-or-mtime	packages/contracts/cache/hardhat-network-fork/rpc_cache/eth.llamarpc.com/1/f8bc0da8e377d5e6cc9648fca5e7fbb8c4039fc5aa9acb44b966134e5698b643.json
2025-11-11T15:50:26.106952	fs-birth-or-mtime	packages/contracts/cache/hardhat-network-fork/rpc_cache/eth.llamarpc.com/1/49757d717eadac20cd752514886ed1adad3144f2395afc2f1c0e1b10420a48b6.json
2025-11-11T15:50:26.107587	fs-birth-or-mtime	packages/contracts/cache/hardhat-network-fork/rpc_cache/eth.llamarpc.com/1/ce1a2e7903ebe0bf95f10ed6841c879356f93656215ac0beb8fb17987f2b12e6.json
2025-11-11T15:50:26.108184	fs-birth-or-mtime	packages/contracts/cache/hardhat-network-fork/rpc_cache/eth.llamarpc.com/1/8e17b071b4f756c82cd08188d5854a025f8615daf7eef5e5c5b80eb0ae7f7711.json
2025-11-11T15:50:26.108867	fs-birth-or-mtime	packages/contracts/cache/hardhat-network-fork/rpc_cache/eth.llamarpc.com/1/a1e04d3eb947b9b545b14c43814bba75a4a1eea02afbe6eff019f2e0496b3150.json
2025-11-11T15:50:26.109603	fs-birth-or-mtime	packages/contracts/cache/hardhat-network-fork/rpc_cache/eth.llamarpc.com/1/d27fb58a2674266f2c3f5d4dc47f56d8b2843dcbb3a1e9068da6c338c74205da.json
2025-11-11T15:50:26.110140	fs-birth-or-mtime	packages/contracts/cache/hardhat-network-fork/rpc_cache/eth.llamarpc.com/1/981aa374457fd6654f7d43940b63fbbf7c4f30073cfbc06552f65867287c30d4.json
2025-11-11T15:50:26.111107	fs-birth-or-mtime	packages/contracts/cache/hardhat-network-fork/rpc_cache/eth.llamarpc.com/1/05644e9d4e795f3af13ed0926a67860b9d754db68c34ab58d9ad3edd92c1adc7.json
2025-11-11T15:50:26.111763	fs-birth-or-mtime	packages/contracts/cache/hardhat-network-fork/rpc_cache/eth.llamarpc.com/1/d3a2167fd9096ee364489e64f7312fd2d1c33833e4e937cf002174ee27681473.json
2025-11-11T15:50:26.113188	fs-birth-or-mtime	packages/contracts/cache/hardhat-network-fork/rpc_cache/eth.llamarpc.com/1/49ad9f91d1d9cd59a96a3954ac180834c9b63de44ef69a2cd08d1450cb7577ff.json
2025-11-11T15:50:26.113981	fs-birth-or-mtime	packages/contracts/cache/hardhat-network-fork/rpc_cache/eth.llamarpc.com/1/7e9b91d2d337b9e15e70311128d78c01ef2cb1a1cfcea181f568c246f5cfc6d6.json
2025-11-11T15:50:26.115154	fs-birth-or-mtime	packages/contracts/cache/hardhat-network-fork/rpc_cache/eth.llamarpc.com/1/81448c8ff5bfb8d569d6ba60f39b50573e4a2eee1ec6699dcec1e5fc98d54787.json
2025-11-11T15:50:26.115972	fs-birth-or-mtime	packages/contracts/cache/hardhat-network-fork/rpc_cache/eth.llamarpc.com/1/1bbc768f2b76dbb75ac85eec38c5daebd68222a3eb13d51346cf540da198a782.json
2025-11-11T15:50:26.117175	fs-birth-or-mtime	packages/contracts/cache/hardhat-network-fork/rpc_cache/eth.llamarpc.com/1/00f6d6b61a28ccfc51b6a2a94ec147cebe8ddb58d613c983208ba1194acd45dc.json
2025-11-11T15:50:26.117765	fs-birth-or-mtime	packages/contracts/cache/hardhat-network-fork/rpc_cache/eth.llamarpc.com/1/a243986ffc042e54dc7c8ff8eea455f56f1336c38b34df710a0a1e86f238c9a8.json
2025-11-11T15:50:26.118894	fs-birth-or-mtime	packages/contracts/cache/hardhat-network-fork/rpc_cache/eth.llamarpc.com/1/3cd923335463c7fdfef7ad0e34678801d6c4406bc01beeae3af6fe93f0b0d3a3.json
2025-11-11T15:50:26.121076	fs-birth-or-mtime	packages/contracts/cache/hardhat-network-fork/rpc_cache/eth.llamarpc.com/1/cc95e57e8d92517293aab7c2f196d8c9b3892d8d5c0a0a1cddb78b2bab7801d2.json
2025-11-11T15:50:26.122507	fs-birth-or-mtime	packages/contracts/cache/hardhat-network-fork/rpc_cache/eth.llamarpc.com/1/70586e8b0603bd78c61eb8830a74ebbd4b71329ae4dd387477c1c1ada1f70b4f.json
2025-11-11T15:50:26.124595	fs-birth-or-mtime	packages/contracts/cache/hardhat-network-fork/rpc_cache/eth.llamarpc.com/1/f8af242762d5b1080136e7bc56e94cfa7cf77f98b956e8ba2bfa6173adeb30f3.json
2025-11-11T15:50:26.127665	fs-birth-or-mtime	packages/contracts/cache/hardhat-network-fork/rpc_cache/eth.llamarpc.com/1/f8df29728a5477cb3e8249c7b45ca153b5cbc3792f42851e876059f46822770b.json
2025-11-11T15:50:26.129430	fs-birth-or-mtime	packages/contracts/cache/hardhat-network-fork/rpc_cache/eth.llamarpc.com/1/94478e9cc2146c9d286bb3541234a5a1caadcd138d4268645b8c9d97753ebec7.json
2025-11-11T15:50:26.130147	fs-birth-or-mtime	packages/contracts/cache/hardhat-network-fork/rpc_cache/eth.llamarpc.com/1/85983a0ef8556de2fdcc63220da8dbdfe82e794d389cbbcc76afc603600a1244.json
2025-11-11T15:50:26.131071	fs-birth-or-mtime	packages/contracts/cache/hardhat-network-fork/rpc_cache/eth.llamarpc.com/1/18db925a34a062a54809db7fe9b48596a00ed9a47d5a63450f894d8fed58e36b.json
2025-11-11T15:50:26.131919	fs-birth-or-mtime	packages/contracts/cache/hardhat-network-fork/rpc_cache/eth.llamarpc.com/1/471dbea63a2cd29ef8773a961e827e70a2155c1a6790177f774fe9e41444c25e.json
2025-11-11T15:50:26.132617	fs-birth-or-mtime	packages/contracts/cache/hardhat-network-fork/rpc_cache/eth.llamarpc.com/1/11f3528616d792920caf9ec83c3347866963cae90eea2561d515b6cdc7ac76be.json
2025-11-11T15:50:26.133570	fs-birth-or-mtime	packages/contracts/cache/hardhat-network-fork/rpc_cache/eth.llamarpc.com/1/41340079fd480973e56562587d1c7095bb9beb4730ce7591bb86b90fa38b34ce.json
2025-11-11T15:50:26.134436	fs-birth-or-mtime	packages/contracts/cache/hardhat-network-fork/rpc_cache/eth.llamarpc.com/1/d340c2cbf68676017798096bf40f81fc7be400fc348b5d0b91e035fecd804ab8.json
2025-11-11T15:50:26.135570	fs-birth-or-mtime	packages/contracts/cache/hardhat-network-fork/rpc_cache/eth.llamarpc.com/1/2faaf95b029b03bc2e5f0fcbcec5c2d093e4a747ecebcdd1431199d95f320692.json
2025-11-11T15:50:26.136363	fs-birth-or-mtime	packages/contracts/cache/hardhat-network-fork/rpc_cache/eth.llamarpc.com/1/34355ccf95007611c32cdb5819e2e0b66c6a9945b0b921f45feea6869608a471.json
2025-11-11T15:50:26.137272	fs-birth-or-mtime	packages/contracts/cache/hardhat-network-fork/rpc_cache/eth.llamarpc.com/1/28e5bc8f14615bdb898f996a1881799f34c59f60ef44511a8d9262481dbd9f91.json
2025-11-11T15:50:26.139510	fs-birth-or-mtime	packages/contracts/cache/hardhat-network-fork/rpc_cache/eth.llamarpc.com/1/5f52a1a00a26d1712a708ef4d81f67cc9032ae9d4b71063b7739eb41349758f0.json
2025-11-11T15:50:26.141196	fs-birth-or-mtime	packages/contracts/cache/hardhat-network-fork/rpc_cache/eth.llamarpc.com/1/8929b6f2677355a56b986884a3afba8792a9c17b794bb3b9d65a316910817fb8.json
2025-11-11T15:50:26.141983	fs-birth-or-mtime	packages/contracts/cache/hardhat-network-fork/rpc_cache/eth.llamarpc.com/1/0d61a4c799c9e3a103a12188bf00d6bcbdf92af7427627fe9625439c7b27c716.json
2025-11-11T15:50:26.142767	fs-birth-or-mtime	packages/contracts/cache/hardhat-network-fork/rpc_cache/eth.llamarpc.com/1/46854283e98e4fd95a9b7ea3329f2711dcbfd0326e2180fb171477f562e85138.json
2025-11-11T15:50:26.144032	fs-birth-or-mtime	packages/contracts/cache/hardhat-network-fork/rpc_cache/eth.llamarpc.com/1/922ebb09b00d676f36f077bda77bd42d53259c8eca37fc69ab6b2fcee6e2b17d.json
2025-11-11T15:50:26.145203	fs-birth-or-mtime	packages/contracts/cache/hardhat-network-fork/rpc_cache/eth.llamarpc.com/1/1f1843dd025f6f46e384103c29c9f7e997a8c3efc5bf97c4350e618bfe1e6176.json
2025-11-11T15:50:26.146168	fs-birth-or-mtime	packages/contracts/cache/hardhat-network-fork/rpc_cache/eth.llamarpc.com/1/be28ec1a4bbbc106b9449ff4629de3b2e54d22f420269def23ecb82c84d69e1c.json
2025-11-11T15:50:26.147206	fs-birth-or-mtime	packages/contracts/cache/hardhat-network-fork/rpc_cache/eth.llamarpc.com/1/b258dc55dbfd54599ba61631966f973de5ea6938ae3d64646feb794f2090da5c.json
2025-11-11T15:50:26.147893	fs-birth-or-mtime	packages/contracts/cache/hardhat-network-fork/rpc_cache/eth.llamarpc.com/1/f55a72337898dff6ecaf3de7b07cac360fe786dc1c61be4dbbc95b47a1ab67a9.json
2025-11-11T15:50:26.148558	fs-birth-or-mtime	packages/contracts/cache/hardhat-network-fork/rpc_cache/eth.llamarpc.com/1/e3210203d37a94d9fb97a17e9a4398ecc2154d526d59f9138827e01dd2a3f022.json
2025-11-11T15:50:26.149321	fs-birth-or-mtime	packages/contracts/cache/hardhat-network-fork/rpc_cache/eth.llamarpc.com/1/d9f455663a4f97ecf3169cacd29951df63afabc39703d646273b455423510ee2.json
2025-11-11T15:50:26.149952	fs-birth-or-mtime	packages/contracts/cache/hardhat-network-fork/rpc_cache/eth.llamarpc.com/1/6bcd5eb4d2f8bd4359da355999c081a354b34485c182eeaa1577b1bae56a3b19.json
2025-11-11T15:50:26.150610	fs-birth-or-mtime	packages/contracts/cache/hardhat-network-fork/rpc_cache/eth.llamarpc.com/1/7cdfd91836e70b390ea6cbb53a9976c7f1511aea01567f2acacbcc457364f084.json
2025-11-11T15:50:26.151366	fs-birth-or-mtime	packages/contracts/cache/hardhat-network-fork/rpc_cache/eth.llamarpc.com/1/e0878f8d759cc2dde055f4bb20f82b124e4c072c0a86d2bc975135c51901459e.json
2025-11-11T15:50:26.153898	fs-birth-or-mtime	packages/contracts/cache/hardhat-network-fork/rpc_cache/eth.llamarpc.com/1/697a5f3cc9618fe70a1df43f9b6a0a2db91599be76233b87d35d1f6f6339741d.json
2025-11-11T15:50:26.155290	fs-birth-or-mtime	packages/contracts/cache/hardhat-network-fork/rpc_cache/eth.llamarpc.com/1/8a8b775977be2672ead7494065389a79c8ae29cd8b16c87bd7fb12f49738360b.json
2025-11-11T15:50:26.155989	fs-birth-or-mtime	packages/contracts/cache/hardhat-network-fork/rpc_cache/eth.llamarpc.com/1/b1ea27e8cebd3a061525bf0f747347b86ce3873d5aad2800ab30a23cb3bfc72f.json
2025-11-11T15:50:26.156594	fs-birth-or-mtime	packages/contracts/cache/hardhat-network-fork/rpc_cache/eth.llamarpc.com/1/f09617a8bed2998f6ca20ffa00e47e1f918af0ec81513a97153f6c8f2bc06298.json
2025-11-11T15:50:26.157240	fs-birth-or-mtime	packages/contracts/cache/hardhat-network-fork/rpc_cache/eth.llamarpc.com/1/bb5657d051aa8402d5fe23065995279dd6baea74fd43a1db434e8629a2d1d257.json
2025-11-11T15:50:26.158068	fs-birth-or-mtime	packages/contracts/cache/hardhat-network-fork/rpc_cache/eth.llamarpc.com/1/94f74d8491a25f4a930fbcd1f28b6c6652bcf991e5fbb89fec6b734f205ef1b7.json
2025-11-11T15:50:27.939955	fs-birth-or-mtime	packages/contracts/docs/FORK-TESTING.md
2025-11-11T15:50:27.940922	fs-birth-or-mtime	packages/contracts/docs/TRANSACTION-LOGGING.md
2025-11-11T15:50:27.941636	fs-birth-or-mtime	packages/contracts/docs/ENS-COMPATIBILITY.md
2025-11-11T15:50:27.942752	fs-birth-or-mtime	packages/contracts/docs/PROJECT-STRUCTURE.md
2025-11-11T15:50:27.951211	fs-birth-or-mtime	packages/contracts/reports/test-results/TEST-RESULTS-SUMMARY.md
2025-11-11T15:50:28.630645	fs-birth-or-mtime	packages/cli/.DS_Store
2025-11-11T15:50:28.636225	fs-birth-or-mtime	packages/cli/src/.DS_Store
2025-11-11T15:55:39.585882	fs-birth-or-mtime	MONOREPO-INTEGRATION.md
2025-11-12T05:52:33-08:00	git-add	packages/cli/README.md
2025-11-12T05:52:33-08:00	git-add	packages/cli/package.json
2025-11-12T05:52:33-08:00	git-add	packages/cli/src/commands/approve.ts
2025-11-12T05:52:33-08:00	git-add	packages/cli/src/commands/delegate.ts
2025-11-12T05:52:33-08:00	git-add	packages/cli/src/commands/factory.ts
2025-11-12T05:52:33-08:00	git-add	packages/cli/src/commands/granular.ts
2025-11-12T05:52:33-08:00	git-add	packages/cli/src/commands/utils.ts
2025-11-12T05:52:33-08:00	git-add	packages/cli/src/config.ts
2025-11-12T05:52:33-08:00	git-add	packages/cli/src/index.ts
2025-11-12T05:52:33-08:00	git-add	packages/cli/src/utils/helpers.ts
2025-11-12T05:52:33-08:00	git-add	packages/cli/tsconfig.json
2025-11-12T05:52:33-08:00	git-add	packages/contracts/.gitignore
2025-11-12T05:52:33-08:00	git-add	packages/contracts/README.md
2025-11-12T05:52:33-08:00	git-add	packages/contracts/config/networks/addresses.js
2025-11-12T05:52:33-08:00	git-add	packages/contracts/hardhat.config.js
2025-11-12T05:52:33-08:00	git-add	packages/contracts/package.json
2025-11-12T05:52:33-08:00	git-add	packages/contracts/reports/.gitkeep
2025-11-12T05:52:33-08:00	git-add	packages/contracts/reports/test-results/test-results-full.txt
2025-11-12T05:52:33-08:00	git-add	packages/contracts/reports/test-results/test-results.json
2025-11-12T05:52:33-08:00	git-add	packages/contracts/reports/test-results/test-run-date.txt
2025-11-12T05:52:33-08:00	git-add	packages/contracts/scripts/deployment/deploy-gna.js
2025-11-12T05:52:33-08:00	git-add	packages/contracts/scripts/test-with-transaction-logging.js
2025-11-12T05:52:33-08:00	git-add	packages/contracts/src/ENSNamingDelegate.sol
2025-11-12T05:52:33-08:00	git-add	packages/contracts/src/ENSNamingDelegateFactory.sol
2025-11-12T05:52:33-08:00	git-add	packages/contracts/src/IndexedENSManager.sol
2025-11-12T05:52:33-08:00	git-add	packages/contracts/src/IndexedENSManagerFactory.sol
2025-11-12T05:52:33-08:00	git-add	packages/contracts/src/examples/IndexedENSExample.sol
2025-11-12T05:52:33-08:00	git-add	packages/contracts/src/scripts/deploy-indexed.js
2025-11-12T05:52:33-08:00	git-add	packages/contracts/src/test/mocks/MockENSRegistry.sol
2025-11-12T05:52:33-08:00	git-add	packages/contracts/src/test/mocks/MockNameWrapper.sol
2025-11-12T05:52:33-08:00	git-add	packages/contracts/test/ENSCompatibility.test.js
2025-11-12T05:52:33-08:00	git-add	packages/contracts/test/FullControllerAutomated.test.js
2025-11-12T05:52:33-08:00	git-add	packages/contracts/test/GranularNameAssignment.test.js
2025-11-12T05:52:33-08:00	git-add	packages/contracts/test/IndexedENSManager.test.js
2025-11-12T05:52:33-08:00	git-add	packages/contracts/test/TransactionLogger.js
2025-11-12T05:52:33-08:00	git-add	packages/contracts/test/mocks/MockENSRegistry.sol
2025-11-12T05:52:33-08:00	git-add	packages/contracts/test/mocks/MockNameWrapper.sol
2025-11-12T05:52:33-08:00	git-add	src/components/marketplace/ENSMarketplaceEnhanced.tsx
2025-11-12T05:52:33-08:00	git-add	src/components/marketplace/KamikoMarketplace.tsx
2025-11-12T05:52:33-08:00	git-add	src/components/marketplace/MarketplaceAnalytics.tsx
2025-11-12T05:52:33-08:00	git-add	src/lib/hooks/useIntersectionObserver.ts
2025-11-12T05:52:33-08:00	git-add	src/lib/services/marketplace-cache-service.ts
2025-11-12T05:52:33-08:00	git-add	src/lib/services/watchlist-service.ts
2025-11-12T05:52:33-08:00	git-add	src/lib/utils/marketplace-advanced-utils.ts
2025-11-18T10:01:53.242950	fs-birth-or-mtime	scripts/CONTINUOUS-BUILD-README.md
2025-11-18T10:03:34.751510	fs-birth-or-mtime	build.log
2025-11-18T10:05:50.516901	fs-birth-or-mtime	production-build-continuous.log
2025-11-18T10:05:50.580955	fs-birth-or-mtime	production-build.log
2025-11-18T10:06:07.638310	fs-birth-or-mtime	scripts/PRODUCTION-BUILD-README.md
2025-11-18T10:08:27.774482	fs-birth-or-mtime	scripts/CURSOR-ORCHESTRATION-README.md
2025-11-18T10:14:38.480598	fs-birth-or-mtime	.backup-organize/src/App.tsx
2025-11-18T10:14:38.481296	fs-birth-or-mtime	.backup-organize/src/main.tsx
2025-11-18T10:14:38.482607	fs-birth-or-mtime	.backup-organize/src/test/setup.ts
2025-11-18T10:14:38.483166	fs-birth-or-mtime	.backup-organize/src/debug.tsx
2025-11-18T10:14:38.483856	fs-birth-or-mtime	.backup-organize/src/index.css
2025-11-18T10:14:38.485517	fs-birth-or-mtime	.backup-organize/src/styles/globals.css
2025-11-18T10:14:38.487806	fs-birth-or-mtime	.backup-organize/src/components/Settings.tsx
2025-11-18T10:14:38.490396	fs-birth-or-mtime	.backup-organize/src/components/ui/aspect-ratio.tsx
2025-11-18T10:14:38.491926	fs-birth-or-mtime	.backup-organize/src/components/ui/alert-dialog.tsx
2025-11-18T10:14:38.492527	fs-birth-or-mtime	.backup-organize/src/components/ui/pagination.tsx
2025-11-18T10:14:38.493676	fs-birth-or-mtime	.backup-organize/src/components/ui/tabs.tsx
2025-11-18T10:14:38.500299	fs-birth-or-mtime	.backup-organize/src/components/ui/card.tsx
2025-11-18T10:14:38.501029	fs-birth-or-mtime	.backup-organize/src/components/ui/slider.tsx
2025-11-18T10:14:38.501622	fs-birth-or-mtime	.backup-organize/src/components/ui/popover.tsx
2025-11-18T10:14:38.502343	fs-birth-or-mtime	.backup-organize/src/components/ui/progress.tsx
2025-11-18T10:14:38.502946	fs-birth-or-mtime	.backup-organize/src/components/ui/input-otp.tsx
2025-11-18T10:14:38.503657	fs-birth-or-mtime	.backup-organize/src/components/ui/chart.tsx
2025-11-18T10:14:38.504571	fs-birth-or-mtime	.backup-organize/src/components/ui/hover-card.tsx
2025-11-18T10:14:38.505113	fs-birth-or-mtime	.backup-organize/src/components/ui/sheet.tsx
2025-11-18T10:14:38.505654	fs-birth-or-mtime	.backup-organize/src/components/ui/empty-state.tsx
2025-11-18T10:14:38.506668	fs-birth-or-mtime	.backup-organize/src/components/ui/scroll-area.tsx
2025-11-18T10:14:38.507214	fs-birth-or-mtime	.backup-organize/src/components/ui/resizable.tsx
2025-11-18T10:14:38.507846	fs-birth-or-mtime	.backup-organize/src/components/ui/label.tsx
2025-11-18T10:14:38.508416	fs-birth-or-mtime	.backup-organize/src/components/ui/sonner.tsx
2025-11-18T10:14:38.509480	fs-birth-or-mtime	.backup-organize/src/components/ui/utils.ts
2025-11-18T10:14:38.510396	fs-birth-or-mtime	.backup-organize/src/components/ui/navigation-menu.tsx
2025-11-18T10:14:38.511096	fs-birth-or-mtime	.backup-organize/src/components/ui/use-mobile.ts
2025-11-18T10:14:38.512013	fs-birth-or-mtime	.backup-organize/src/components/ui/accordion.tsx
2025-11-18T10:14:38.513041	fs-birth-or-mtime	.backup-organize/src/components/ui/drawer.tsx
2025-11-18T10:14:38.513824	fs-birth-or-mtime	.backup-organize/src/components/ui/tooltip.tsx
2025-11-18T10:14:38.514405	fs-birth-or-mtime	.backup-organize/src/components/ui/alert.tsx
2025-11-18T10:14:38.515040	fs-birth-or-mtime	.backup-organize/src/components/ui/switch.tsx
2025-11-18T10:14:38.515597	fs-birth-or-mtime	.backup-organize/src/components/ui/calendar.tsx
2025-11-18T10:14:38.516272	fs-birth-or-mtime	.backup-organize/src/components/ui/breadcrumb.tsx
2025-11-18T10:14:38.516927	fs-birth-or-mtime	.backup-organize/src/components/ui/radio-group.tsx
2025-11-18T10:14:38.517623	fs-birth-or-mtime	.backup-organize/src/components/ui/command.tsx
2025-11-18T10:14:38.518355	fs-birth-or-mtime	.backup-organize/src/components/ui/toggle-group.tsx
2025-11-18T10:14:38.518910	fs-birth-or-mtime	.backup-organize/src/components/ui/avatar.tsx
2025-11-18T10:14:38.519502	fs-birth-or-mtime	.backup-organize/src/components/ui/menubar.tsx
2025-11-18T10:14:38.520571	fs-birth-or-mtime	.backup-organize/src/components/ui/dialog.tsx
2025-11-18T10:14:38.521343	fs-birth-or-mtime	.backup-organize/src/components/ui/domain-selector.tsx
2025-11-18T10:14:38.521984	fs-birth-or-mtime	.backup-organize/src/components/ui/badge.tsx
2025-11-18T10:14:38.523244	fs-birth-or-mtime	.backup-organize/src/components/ui/sidebar.tsx
2025-11-18T10:14:38.524161	fs-birth-or-mtime	.backup-organize/src/components/ui/table.tsx
2025-11-18T10:14:38.524741	fs-birth-or-mtime	.backup-organize/src/components/ui/separator.tsx
2025-11-18T10:14:38.525673	fs-birth-or-mtime	.backup-organize/src/components/ui/button.tsx
2025-11-18T10:14:38.526676	fs-birth-or-mtime	.backup-organize/src/components/ui/toggle.tsx
2025-11-18T10:14:38.527412	fs-birth-or-mtime	.backup-organize/src/components/ui/checkbox.tsx
2025-11-18T10:14:38.528112	fs-birth-or-mtime	.backup-organize/src/components/ui/collapsible.tsx
2025-11-18T10:14:38.528838	fs-birth-or-mtime	.backup-organize/src/components/ui/dropdown-menu.tsx
2025-11-18T10:14:38.529460	fs-birth-or-mtime	.backup-organize/src/components/ui/select.tsx
2025-11-18T10:14:38.530268	fs-birth-or-mtime	.backup-organize/src/components/ui/textarea.tsx
2025-11-18T10:14:38.530832	fs-birth-or-mtime	.backup-organize/src/components/ui/input.tsx
2025-11-18T10:14:38.531370	fs-birth-or-mtime	.backup-organize/src/components/ui/skeleton.tsx
2025-11-18T10:14:38.532027	fs-birth-or-mtime	.backup-organize/src/components/ui/context-menu.tsx
2025-11-18T10:14:38.532808	fs-birth-or-mtime	.backup-organize/src/components/ui/form.tsx
2025-11-18T10:14:38.533651	fs-birth-or-mtime	.backup-organize/src/components/ui/carousel.tsx
2025-11-18T10:14:38.535075	fs-birth-or-mtime	.backup-organize/src/components/dnssec/DNSSECConfig.tsx
2025-11-18T10:14:38.535856	fs-birth-or-mtime	.backup-organize/src/components/dnssec/index.ts
2025-11-18T10:14:38.537970	fs-birth-or-mtime	.backup-organize/src/components/domains/NameBrowser.tsx
2025-11-18T10:14:38.538965	fs-birth-or-mtime	.backup-organize/src/components/domains/DomainProfile.tsx
2025-11-18T10:14:38.539930	fs-birth-or-mtime	.backup-organize/src/components/domains/index.ts
2025-11-18T10:14:38.540949	fs-birth-or-mtime	.backup-organize/src/components/domains/DomainManagement.tsx
2025-11-18T10:14:38.541899	fs-birth-or-mtime	.backup-organize/src/components/BottomToolbar.tsx
2025-11-18T10:14:38.543448	fs-birth-or-mtime	.backup-organize/src/components/fees/FeeHistory.tsx
2025-11-18T10:14:38.544291	fs-birth-or-mtime	.backup-organize/src/components/fees/index.ts
2025-11-18T10:14:38.544842	fs-birth-or-mtime	.backup-organize/src/components/fees/FeePreview.tsx
2025-11-18T10:14:38.545624	fs-birth-or-mtime	.backup-organize/src/components/Dashboard.tsx
2025-11-18T10:14:38.547289	fs-birth-or-mtime	.backup-organize/src/components/security/SecurityMonitor.tsx
2025-11-18T10:14:38.547971	fs-birth-or-mtime	.backup-organize/src/components/security/AuditLogTray.tsx
2025-11-18T10:14:38.548669	fs-birth-or-mtime	.backup-organize/src/components/security/index.ts
2025-11-18T10:14:38.550103	fs-birth-or-mtime	.backup-organize/src/components/security/AuditLog.tsx
2025-11-18T10:14:38.551210	fs-birth-or-mtime	.backup-organize/src/components/WalletConnectRainbow.tsx
2025-11-18T10:14:38.551935	fs-birth-or-mtime	.backup-organize/src/components/Home.tsx
2025-11-18T10:14:38.552756	fs-birth-or-mtime	.backup-organize/src/components/WalletConnect.tsx
2025-11-18T10:14:38.554440	fs-birth-or-mtime	.backup-organize/src/components/marketplace/ENSMarketplaceEnhanced.tsx
2025-11-18T10:14:38.555755	fs-birth-or-mtime	.backup-organize/src/components/marketplace/KamikoMarketplace.tsx
2025-11-18T10:14:38.556841	fs-birth-or-mtime	.backup-organize/src/components/marketplace/Marketplace.tsx
2025-11-18T10:14:38.557433	fs-birth-or-mtime	.backup-organize/src/components/marketplace/MarketplaceAnalytics.tsx
2025-11-18T10:14:38.558062	fs-birth-or-mtime	.backup-organize/src/components/marketplace/ENSMarketplace.tsx
2025-11-18T10:14:38.558691	fs-birth-or-mtime	.backup-organize/src/components/marketplace/index.ts
2025-11-18T10:14:38.560564	fs-birth-or-mtime	.backup-organize/src/components/admin/FeeManagement.tsx
2025-11-18T10:14:38.561199	fs-birth-or-mtime	.backup-organize/src/components/admin/MasterDatabaseView.tsx
2025-11-18T10:14:38.561829	fs-birth-or-mtime	.backup-organize/src/components/admin/AdminPanel.tsx
2025-11-18T10:14:38.562646	fs-birth-or-mtime	.backup-organize/src/components/admin/index.ts
2025-11-18T10:14:38.566022	fs-birth-or-mtime	.backup-organize/src/components/workflows/GuidedWorkflow.tsx
2025-11-18T10:14:38.567411	fs-birth-or-mtime	.backup-organize/src/components/workflows/ContractRegistration.tsx
2025-11-18T10:14:38.568053	fs-birth-or-mtime	.backup-organize/src/components/workflows/PreflightChecker.tsx
2025-11-18T10:14:38.568714	fs-birth-or-mtime	.backup-organize/src/components/workflows/ENSIPXRegistration.tsx
2025-11-18T10:14:38.569440	fs-birth-or-mtime	.backup-organize/src/components/workflows/UnifiedContractRegistration.tsx
2025-11-18T10:14:38.570103	fs-birth-or-mtime	.backup-organize/src/components/workflows/index.ts
2025-11-18T10:14:38.571383	fs-birth-or-mtime	.backup-organize/src/components/WalletSelectionModal.tsx
2025-11-18T10:14:38.573074	fs-birth-or-mtime	.backup-organize/src/components/delegation/GranularPermissions.tsx
2025-11-18T10:14:38.573630	fs-birth-or-mtime	.backup-organize/src/components/delegation/index.ts
2025-11-18T10:14:38.574311	fs-birth-or-mtime	.backup-organize/src/components/WalletManager.tsx
2025-11-18T10:14:38.575623	fs-birth-or-mtime	.backup-organize/src/components/figma/ImageWithFallback.tsx
2025-11-18T10:14:38.578433	fs-birth-or-mtime	.backup-organize/src/components/devtools/tabs/OperationsTab.tsx
2025-11-18T10:14:38.579245	fs-birth-or-mtime	.backup-organize/src/components/devtools/tabs/ConsoleTab.tsx
2025-11-18T10:14:38.580317	fs-birth-or-mtime	.backup-organize/src/components/devtools/tabs/AnalyticsTab.tsx
2025-11-18T10:14:38.580970	fs-birth-or-mtime	.backup-organize/src/components/devtools/tabs/index.ts
2025-11-18T10:14:38.581850	fs-birth-or-mtime	.backup-organize/src/components/devtools/tabs/NetworkTab.tsx
2025-11-18T10:14:38.582524	fs-birth-or-mtime	.backup-organize/src/components/devtools/ENSConsole.refactored.example.tsx
2025-11-18T10:14:38.583081	fs-birth-or-mtime	.backup-organize/src/components/devtools/DevTools.tsx
2025-11-18T10:14:38.583699	fs-birth-or-mtime	.backup-organize/src/components/devtools/ENSConsole.tsx
2025-11-18T10:14:38.584488	fs-birth-or-mtime	.backup-organize/src/components/devtools/ConsoleLogItem.tsx
2025-11-18T10:14:38.585128	fs-birth-or-mtime	.backup-organize/src/components/devtools/types.ts
2025-11-18T10:14:38.586683	fs-birth-or-mtime	.backup-organize/src/components/devtools/hooks/useConsoleLogs.ts
2025-11-18T10:14:38.587287	fs-birth-or-mtime	.backup-organize/src/components/devtools/hooks/useDomainInspector.ts
2025-11-18T10:14:38.588519	fs-birth-or-mtime	.backup-organize/src/components/devtools/hooks/__tests__/useConsoleLogs.test.ts
2025-11-18T10:14:38.589172	fs-birth-or-mtime	.backup-organize/src/components/devtools/hooks/useENSOperations.ts
2025-11-18T10:14:38.589986	fs-birth-or-mtime	.backup-organize/src/components/devtools/hooks/index.ts
2025-11-18T10:14:38.590647	fs-birth-or-mtime	.backup-organize/src/components/devtools/hooks/useNetworkRequests.ts
2025-11-18T10:14:38.591219	fs-birth-or-mtime	.backup-organize/src/components/devtools/index.ts
2025-11-18T10:14:38.591888	fs-birth-or-mtime	.backup-organize/src/components/devtools/ErrorBoundary.tsx
2025-11-18T10:14:38.592820	fs-birth-or-mtime	.backup-organize/src/components/AppSidebar.tsx
2025-11-18T10:14:38.594364	fs-birth-or-mtime	.backup-organize/src/components/governance/GovernancePanel.tsx
2025-11-18T10:14:38.595003	fs-birth-or-mtime	.backup-organize/src/components/governance/index.ts
2025-11-18T10:14:38.597265	fs-birth-or-mtime	.backup-organize/src/components/registry/IntegrationRegistry.tsx
2025-11-18T10:14:38.597890	fs-birth-or-mtime	.backup-organize/src/components/registry/ENSContractsRegistry.tsx
2025-11-18T10:14:38.598526	fs-birth-or-mtime	.backup-organize/src/components/registry/DAORegistry.tsx
2025-11-18T10:14:38.599235	fs-birth-or-mtime	.backup-organize/src/components/registry/index.ts
2025-11-18T10:14:38.599874	fs-birth-or-mtime	.backup-organize/src/components/registry/ContractRegistry.tsx
2025-11-18T10:14:38.600445	fs-birth-or-mtime	.backup-organize/src/components/AnalyticsDashboard.tsx
2025-11-18T10:14:38.601027	fs-birth-or-mtime	.backup-organize/src/components/TransactionConfirmationDialog.tsx
2025-11-18T10:14:38.601661	fs-birth-or-mtime	.backup-organize/src/components/JazzCupBackground.tsx
2025-11-18T10:14:38.602264	fs-birth-or-mtime	.backup-organize/src/components/TransactionStatusPanel.tsx
2025-11-18T10:14:38.603761	fs-birth-or-mtime	.backup-organize/src/components/metadata/MetadataTools.tsx
2025-11-18T10:14:38.604447	fs-birth-or-mtime	.backup-organize/src/components/metadata/SchemaPreviewEditor.tsx
2025-11-18T10:14:38.605110	fs-birth-or-mtime	.backup-organize/src/components/metadata/MetadataEditor.tsx
2025-11-18T10:14:38.606088	fs-birth-or-mtime	.backup-organize/src/components/metadata/SchemaPreviewView.tsx
2025-11-18T10:14:38.606991	fs-birth-or-mtime	.backup-organize/src/components/metadata/index.ts
2025-11-18T10:14:38.608353	fs-birth-or-mtime	.backup-organize/src/components/reference/NamingToolkit.tsx
2025-11-18T10:14:38.608959	fs-birth-or-mtime	.backup-organize/src/components/reference/BestPractices.tsx
2025-11-18T10:14:38.609579	fs-birth-or-mtime	.backup-organize/src/components/reference/BestPracticesView.tsx
2025-11-18T10:14:38.610146	fs-birth-or-mtime	.backup-organize/src/components/reference/ProtocolReference.tsx
2025-11-18T10:14:38.610797	fs-birth-or-mtime	.backup-organize/src/components/reference/BestPracticesChecklist.tsx
2025-11-18T10:14:38.611658	fs-birth-or-mtime	.backup-organize/src/components/reference/ProtocolSection.tsx
2025-11-18T10:14:38.612284	fs-birth-or-mtime	.backup-organize/src/components/reference/BestPracticeRecommendations.tsx
2025-11-18T10:14:38.612919	fs-birth-or-mtime	.backup-organize/src/components/reference/index.ts
2025-11-18T10:14:38.613490	fs-birth-or-mtime	.backup-organize/src/components/reference/BestPracticesQuickRef.tsx
2025-11-18T10:14:38.614069	fs-birth-or-mtime	.backup-organize/src/components/ErrorBoundary.tsx
2025-11-18T10:14:38.616338	fs-birth-or-mtime	.backup-organize/src/lib/database/master-database.ts
2025-11-18T10:14:38.618147	fs-birth-or-mtime	.backup-organize/src/lib/ens/granular-contracts.ts
2025-11-18T10:14:38.619012	fs-birth-or-mtime	.backup-organize/src/lib/ens/transfer-domain.ts
2025-11-18T10:14:38.619955	fs-birth-or-mtime	.backup-organize/src/lib/ens/register-name.ts
2025-11-18T10:14:38.621034	fs-birth-or-mtime	.backup-organize/src/lib/ens/transaction-builder.ts
2025-11-18T10:14:38.621643	fs-birth-or-mtime	.backup-organize/src/lib/ens/ens-write-operations.ts
2025-11-18T10:14:38.622364	fs-birth-or-mtime	.backup-organize/src/lib/ens/ens-contracts.ts
2025-11-18T10:14:38.623095	fs-birth-or-mtime	.backup-organize/src/lib/ens/subdomain-service.ts
2025-11-18T10:14:38.623821	fs-birth-or-mtime	.backup-organize/src/lib/ens/ens-status-indicators.ts
2025-11-18T10:14:38.624445	fs-birth-or-mtime	.backup-organize/src/lib/ens/ens-utils.ts
2025-11-18T10:14:38.625031	fs-birth-or-mtime	.backup-organize/src/lib/ens/index.ts
2025-11-18T10:14:38.625601	fs-birth-or-mtime	.backup-organize/src/lib/ens/ens-helpers.ts
2025-11-18T10:14:38.626229	fs-birth-or-mtime	.backup-organize/src/lib/ens/ens-addresses.ts
2025-11-18T10:14:38.627773	fs-birth-or-mtime	.backup-organize/src/lib/contexts/DomainContext.tsx
2025-11-18T10:14:38.628858	fs-birth-or-mtime	.backup-organize/src/lib/security/transaction-tracker.ts
2025-11-18T10:14:38.629642	fs-birth-or-mtime	.backup-organize/src/lib/security/audit-log-service.ts
2025-11-18T10:14:38.630409	fs-birth-or-mtime	.backup-organize/src/lib/security/index.ts
2025-11-18T10:14:38.631012	fs-birth-or-mtime	.backup-organize/src/lib/security/encryption-service.ts
2025-11-18T10:14:38.632345	fs-birth-or-mtime	.backup-organize/src/lib/providers/RainbowKitProvider.tsx
2025-11-18T10:14:38.634112	fs-birth-or-mtime	.backup-organize/src/lib/utils/error-handler.ts
2025-11-18T10:14:38.634862	fs-birth-or-mtime	.backup-organize/src/lib/utils/marketplace-advanced-utils.ts
2025-11-18T10:14:38.635441	fs-birth-or-mtime	.backup-organize/src/lib/utils/marketplace-utils.ts
2025-11-18T10:14:38.636882	fs-birth-or-mtime	.backup-organize/src/lib/schemas/example-usage.ts
2025-11-18T10:14:38.637552	fs-birth-or-mtime	.backup-organize/src/lib/schemas/ens-console-schema.ts
2025-11-18T10:14:38.638148	fs-birth-or-mtime	.backup-organize/src/lib/schemas/ens-action-executor.ts
2025-11-18T10:14:38.638721	fs-birth-or-mtime	.backup-organize/src/lib/schemas/ens-action-template.ts
2025-11-18T10:14:38.639263	fs-birth-or-mtime	.backup-organize/src/lib/schemas/ens-action-interpreter.ts
2025-11-18T10:14:38.640591	fs-birth-or-mtime	.backup-organize/src/lib/schemas/templates/complete-domain-setup.txt
2025-11-18T10:14:38.641165	fs-birth-or-mtime	.backup-organize/src/lib/schemas/templates/multi-domain-setup.txt
2025-11-18T10:14:38.641678	fs-birth-or-mtime	.backup-organize/src/lib/schemas/templates/batch-metadata-update.txt
2025-11-18T10:14:38.642284	fs-birth-or-mtime	.backup-organize/src/lib/schemas/templates/subdomain-structure.txt
2025-11-18T10:14:38.642880	fs-birth-or-mtime	.backup-organize/src/lib/schemas/templates/delegation-setup.txt
2025-11-18T10:14:38.643514	fs-birth-or-mtime	.backup-organize/src/lib/schemas/ens-schema-exporter.ts
2025-11-18T10:14:38.644203	fs-birth-or-mtime	.backup-organize/src/lib/schemas/index.ts
2025-11-18T10:14:38.644815	fs-birth-or-mtime	.backup-organize/src/lib/schemas/ens-action-parser.ts
2025-11-18T10:14:38.645444	fs-birth-or-mtime	.backup-organize/src/lib/schemas/ens-batch-builder.ts
2025-11-18T10:14:38.647146	fs-birth-or-mtime	.backup-organize/src/lib/delegation/post-verification-service.ts
2025-11-18T10:14:38.647816	fs-birth-or-mtime	.backup-organize/src/lib/delegation/safe-transaction-bundler.ts
2025-11-18T10:14:38.648389	fs-birth-or-mtime	.backup-organize/src/lib/delegation/permission-service.ts
2025-11-18T10:14:38.648985	fs-birth-or-mtime	.backup-organize/src/lib/delegation/index.ts
2025-11-18T10:14:38.649590	fs-birth-or-mtime	.backup-organize/src/lib/delegation/delegation-planner.ts
2025-11-18T10:14:38.651161	fs-birth-or-mtime	.backup-organize/src/lib/hooks/usePersistentState.ts
2025-11-18T10:14:38.651785	fs-birth-or-mtime	.backup-organize/src/lib/hooks/useTransactionManager.ts
2025-11-18T10:14:38.652297	fs-birth-or-mtime	.backup-organize/src/lib/hooks/useIntersectionObserver.ts
2025-11-18T10:14:38.653599	fs-birth-or-mtime	.backup-organize/src/lib/metadata/ensipx-hierarchical.ts
2025-11-18T10:14:38.654183	fs-birth-or-mtime	.backup-organize/src/lib/metadata/metadata-templates.ts
2025-11-18T10:14:38.654742	fs-birth-or-mtime	.backup-organize/src/lib/metadata/ensipx-utils.ts
2025-11-18T10:14:38.655312	fs-birth-or-mtime	.backup-organize/src/lib/metadata/metadata-schemas.ts
2025-11-18T10:14:38.656089	fs-birth-or-mtime	.backup-organize/src/lib/metadata/index.ts
2025-11-18T10:14:38.656652	fs-birth-or-mtime	.backup-organize/src/lib/metadata/ensipx-schema.json
2025-11-18T10:14:38.657363	fs-birth-or-mtime	.backup-organize/src/lib/metadata/ensipx-validator.ts
2025-11-18T10:14:38.659074	fs-birth-or-mtime	.backup-organize/src/lib/services/transaction-manager.ts
2025-11-18T10:14:38.660120	fs-birth-or-mtime	.backup-organize/src/lib/services/premium-price-service.ts
2025-11-18T10:14:38.660764	fs-birth-or-mtime	.backup-organize/src/lib/services/event-tracker.ts
2025-11-18T10:14:38.661465	fs-birth-or-mtime	.backup-organize/src/lib/services/multi-wallet-manager.ts
2025-11-18T10:14:38.662201	fs-birth-or-mtime	.backup-organize/src/lib/services/address-display-service.ts
2025-11-18T10:14:38.662764	fs-birth-or-mtime	.backup-organize/src/lib/services/granular-permission-service.ts
2025-11-18T10:14:38.663529	fs-birth-or-mtime	.backup-organize/src/lib/services/Web3Provider.tsx
2025-11-18T10:14:38.664124	fs-birth-or-mtime	.backup-organize/src/lib/services/name-watching-service.ts
2025-11-18T10:14:38.664719	fs-birth-or-mtime	.backup-organize/src/lib/services/marketplace-cache-service.ts
2025-11-18T10:14:38.665364	fs-birth-or-mtime	.backup-organize/src/lib/services/registry-service.ts
2025-11-18T10:14:38.665924	fs-birth-or-mtime	.backup-organize/src/lib/services/etherscan-service.ts
2025-11-18T10:14:38.666505	fs-birth-or-mtime	.backup-organize/src/lib/services/web3provider-compat.tsx
2025-11-18T10:14:38.667090	fs-birth-or-mtime	.backup-organize/src/lib/services/base-metadata-service.ts
2025-11-18T10:14:38.667687	fs-birth-or-mtime	.backup-organize/src/lib/services/ens-marketplace-service.ts
2025-11-18T10:14:38.668286	fs-birth-or-mtime	.backup-organize/src/lib/services/history-cache-service.ts
2025-11-18T10:14:38.668869	fs-birth-or-mtime	.backup-organize/src/lib/services/fee-collection-service.ts
2025-11-18T10:14:38.669830	fs-birth-or-mtime	.backup-organize/src/lib/services/notification-service.ts
2025-11-18T10:14:38.670507	fs-birth-or-mtime	.backup-organize/src/lib/services/opensea-marketplace-service.ts
2025-11-18T10:14:38.671171	fs-birth-or-mtime	.backup-organize/src/lib/services/index.ts
2025-11-18T10:14:38.672154	fs-birth-or-mtime	.backup-organize/src/lib/services/name-browser-service.ts
2025-11-18T10:14:38.673673	fs-birth-or-mtime	.backup-organize/src/lib/services/watchlist-service.ts
2025-11-18T10:14:38.674421	fs-birth-or-mtime	.backup-organize/src/lib/services/delegate-event-tracker.ts
2025-11-18T10:14:38.675105	fs-birth-or-mtime	.backup-organize/src/lib/services/user-config-service.ts
2025-11-18T10:14:38.675710	fs-birth-or-mtime	.backup-organize/src/lib/services/seaport-service.ts
2025-11-18T10:14:38.678088	fs-birth-or-mtime	.backup-organize/src/lib/best-practices/rules.ts
2025-11-18T10:14:38.678994	fs-birth-or-mtime	.backup-organize/src/lib/best-practices/validator.ts
2025-11-18T10:15:44.408183	fs-birth-or-mtime	scripts/AI-ORCHESTRATION-README.md
2025-11-18T10:16:08.471836	fs-birth-or-mtime	ai-orchestration.log
2025-11-18T10:18:18.456195	fs-birth-or-mtime	packages/contracts/artifacts/build-info/616abdca7b202ee73af8f4d3a933877f.json
2025-11-18T10:18:18.558780	fs-birth-or-mtime	packages/contracts/artifacts/src/IndexedGranularResolver.sol/IndexedGranularResolver.json
2025-11-18T10:18:18.559196	fs-birth-or-mtime	packages/contracts/artifacts/src/IndexedGranularResolver.sol/IndexedGranularResolver.dbg.json
2025-11-18T10:18:18.560388	fs-birth-or-mtime	packages/contracts/artifacts/src/IndexedENSManager.sol/IndexedENSManager.json
2025-11-18T10:18:18.560571	fs-birth-or-mtime	packages/contracts/artifacts/src/IndexedENSManager.sol/IndexedENSManager.dbg.json
2025-11-18T10:18:18.561466	fs-birth-or-mtime	packages/contracts/artifacts/src/examples/IndexedENSExample.sol/IndexedENSExample.json
2025-11-18T10:18:18.561642	fs-birth-or-mtime	packages/contracts/artifacts/src/examples/IndexedENSExample.sol/IndexedENSExample.dbg.json
2025-11-18T10:18:18.563589	fs-birth-or-mtime	packages/contracts/artifacts/src/IndexedENSManagerFactory.sol/IndexedENSManagerFactory.json
2025-11-18T10:18:18.563703	fs-birth-or-mtime	packages/contracts/artifacts/src/IndexedENSManagerFactory.sol/IndexedENSManagerFactory.dbg.json
2025-11-18T10:18:18.564426	fs-birth-or-mtime	packages/contracts/artifacts/src/interfaces/IIndexedENSManager.sol/IIndexedENSManager.json
2025-11-18T10:18:18.564488	fs-birth-or-mtime	packages/contracts/artifacts/src/interfaces/IIndexedENSManager.sol/IIndexedENSManager.dbg.json
2025-11-18T10:18:48.448132	fs-birth-or-mtime	application-evaluation.json
2025-11-18T10:18:48.456278	fs-birth-or-mtime	orchestration-status.json
2025-11-18T10:18:48.473868	fs-birth-or-mtime	development-plans.md
2025-11-18T10:18:48.478199	fs-birth-or-mtime	cursor-instructions.md
2025-12-01T05:53:50-08:00	git-add	src/config/feature-flags.config.ts
2025-12-01T05:53:50-08:00	git-add	src/hooks/useKeyboardShortcuts.ts
2025-12-01T05:54:42-08:00	git-add	src/lib/utils/feature-flags.ts
2025-12-01T05:55:22-08:00	git-add	scripts/ai-orchestrate.js
2025-12-01T05:55:22-08:00	git-add	scripts/continuous-build.js
2025-12-01T05:55:22-08:00	git-add	scripts/continuous-build.sh
2025-12-01T05:55:22-08:00	git-add	scripts/continuous-production-build.js
2025-12-01T05:55:22-08:00	git-add	scripts/cursor-orchestrate.js
2025-12-01T05:55:22-08:00	git-add	scripts/production-build.js
2025-12-02T09:12:41.121567	fs-birth-or-mtime	COMMIT_NARRATIVE.md
2025-12-03T03:16:10.977366	fs-birth-or-mtime	FEATURES.md
2025-12-06T16:52:49.030589	fs-birth-or-mtime	packages/contracts/.DS_Store
2025-12-06T16:56:56.415957	fs-birth-or-mtime	server/.DS_Store
2025-12-06T16:56:56.421540	fs-birth-or-mtime	packages/.DS_Store
2025-12-11T18:36:30.460440	fs-birth-or-mtime	file-creation-times.tsv
